key,morph,topo,kstar_true,kstar_fft,sigma_train,seed,loss,turing,kstar_model,sigma_max_model,s0,Dratio,kstar_rel_err,kstar_fft_rel_err,rob_0.01,kcv_0.01,rob_0.048,kcv_0.048,rob_0.1,kcv_0.1,rob_0.2,kcv_0.2
sample_0000,stripes,double_inhibitor,0.24161891117478512,0.282,0.0,0,1.7519390893432314e-10,True,0.2740240963855422,0.05615075771871503,-0.13249357890248034,335.0548409942371,0.13411692426391011,0.028283346150559465,1.0,0.00651636116542561,1.0,0.02791376226853404,1.0,0.044453566162722884,0.945,0.08784291473561
sample_0000,stripes,double_inhibitor,0.24161891117478512,0.282,0.0,1,7.89029126150853e-11,True,0.2740240963855422,0.54094698153121,-0.08282605902345092,961.8799132423787,0.13411692426391011,0.028283346150559465,1.0,0.021689758343723206,0.9975,0.030807950802439758,0.9575,0.0526261544145941,0.8275,0.09923413410147651
sample_0000,stripes,double_inhibitor,0.24161891117478512,0.282,0.0,2,3.684461223497531e-10,True,0.2740240963855422,0.17524745471905234,-1.2673826215525714,298.50798139622475,0.13411692426391011,0.028283346150559465,1.0,2.0257762716296166e-16,1.0,0.025408616656048197,1.0,0.047184809123779384,0.97,0.09511168114180193
sample_0000,stripes,double_inhibitor,0.24161891117478512,0.282,0.0,3,3.2448178523717892e-12,True,0.2740240963855422,0.15151747832844364,-0.6040205375559217,925.7624800125512,0.13411692426391011,0.028283346150559465,1.0,2.0257762716296166e-16,1.0,0.02486713989741403,1.0,0.04946451899042996,0.965,0.09766593764939623
sample_0000,stripes,double_inhibitor,0.24161891117478512,0.282,0.0,4,2.540987336266656e-11,True,0.2740240963855422,0.4555846941201551,-0.14272575859822895,288.0951950572933,0.13411692426391011,0.028283346150559465,1.0,2.0257762716296166e-16,1.0,0.026435892636439497,0.9975,0.04889335528989602,0.915,0.09400467970154076
sample_0000,stripes,double_inhibitor,0.24161891117478512,0.282,0.0,5,2.6271638169429505e-09,True,0.2740240963855422,0.22467631589117598,-0.014746013012512355,226.56244850158296,0.13411692426391011,0.028283346150559465,1.0,0.029815906587007942,0.9225,0.030735961975555406,0.7725,0.04798837266996147,0.66,0.08605166545447474
sample_0000,stripes,double_inhibitor,0.24161891117478512,0.282,0.0,6,1.085646256189927e-11,True,0.2740240963855422,0.05013027442608475,-0.036702534810760856,449.35631137637506,0.13411692426391011,0.028283346150559465,1.0,0.004132687783169106,0.9775,0.029138233485028708,0.74,0.05574615274384983,0.4075,0.10152999697203122
sample_0000,stripes,double_inhibitor,0.24161891117478512,0.282,0.0,7,4.816028852628833e-10,True,0.25796385542168676,0.16919663302436305,-0.0696209068669108,1320.5504289145667,0.0676476198300465,0.08523455524224544,1.0,2.1518964794705528e-16,1.0,0.030301647290679037,1.0,0.05345145698864431,0.9625,0.09558189604157125
sample_0000,stripes,double_inhibitor,0.24161891117478512,0.282,0.0,8,1.394693657122778e-13,True,0.25796385542168676,0.1264088616646717,-0.06939689938976057,3989.5192732947194,0.0676476198300465,0.08523455524224544,1.0,0.0069223709067187025,1.0,0.04120212305172999,1.0,0.08134020310128316,0.98,0.1428663520190897
sample_0000,stripes,double_inhibitor,0.24161891117478512,0.282,0.0,9,9.0103906580032e-12,True,0.25796385542168676,0.05100428608441021,-0.45842663060385647,2193.0761312539644,0.0676476198300465,0.08523455524224544,1.0,2.1518964794705528e-16,1.0,0.02844675892778779,1.0,0.05353957018842388,0.995,0.10744459630142868
sample_0000,stripes,double_inhibitor,0.24161891117478512,0.282,0.0,10,1.4241096346883718e-12,True,0.2740240963855422,0.040498747659551526,-0.07588927326299988,1174.521986093209,0.13411692426391011,0.028283346150559465,1.0,0.005834928111063714,1.0,0.030607871854657503,0.9825,0.052309808131455374,0.82,0.09717751728667857
sample_0000,stripes,double_inhibitor,0.24161891117478512,0.282,0.0,11,6.827356453356385e-11,True,0.25796385542168676,0.19651594119707383,-0.14755503431778938,2177.952040657421,0.0676476198300465,0.08523455524224544,1.0,2.1518964794705528e-16,1.0,0.027100240563605868,1.0,0.04740493716163759,1.0,0.09655371475030217
sample_0000,stripes,double_inhibitor,0.24161891117478512,0.282,0.05,0,7.295181564295275e-08,True,0.2740240963855422,0.25454919459870773,-0.03661891658422187,206.13991130369746,0.13411692426391011,0.028283346150559465,1.0,2.0257762716296166e-16,0.945,0.02152404515517387,0.7625,0.04596985338713643,0.6275,0.08378861883416165
sample_0000,stripes,double_inhibitor,0.24161891117478512,0.282,0.05,1,0.0009750570194400109,True,0.25796385542168676,0.004455495852660363,-0.2714852854010167,638.3070914625578,0.0676476198300465,0.08523455524224544,1.0,2.1518964794705528e-16,0.885,0.02425045511747657,0.695,0.046724851377646724,0.62,0.0823228322490632
sample_0000,stripes,double_inhibitor,0.24161891117478512,0.282,0.05,2,1.7449804514141722e-07,True,0.25796385542168676,0.047699453536504066,-0.07096957663044046,786.4346780498538,0.0676476198300465,0.08523455524224544,1.0,2.1518964794705528e-16,1.0,0.02748484720065933,0.9975,0.0459116010906245,0.97,0.08617699277998182
sample_0000,stripes,double_inhibitor,0.24161891117478512,0.282,0.05,3,1.68826899507936e-07,True,0.24190361445783135,0.032617986450702574,-0.471010225559114,2454.724738956597,0.0011783153961830025,0.14218576433393132,1.0,0.02393410934934594,1.0,0.03114523918456304,1.0,0.050345523727826906,0.9875,0.08935736807425938
sample_0000,stripes,double_inhibitor,0.24161891117478512,0.282,0.05,4,4.733689359455327e-08,True,0.25796385542168676,0.028698809701648287,-0.25750296846131276,493.3946750700583,0.0676476198300465,0.08523455524224544,1.0,2.1518964794705528e-16,1.0,0.023290724346119333,0.9975,0.0448616830409715,0.935,0.08515080640250308
sample_0000,stripes,double_inhibitor,0.24161891117478512,0.282,0.05,5,7.314438247600547e-08,True,0.2740240963855422,0.15180579789008952,-0.015083714209222165,117.2654531987316,0.13411692426391011,0.028283346150559465,1.0,0.016646260166672786,0.935,0.03433137966197478,0.7875,0.061333946229456135,0.6725,0.12118395306787828
sample_0000,stripes,double_inhibitor,0.24161891117478512,0.282,0.05,6,2.0627512172520526e-07,True,0.25796385542168676,0.05405722550722203,-0.5310420083709304,548.0656498995843,0.0676476198300465,0.08523455524224544,1.0,0.02958518012856713,1.0,0.03064958620836318,1.0,0.04420576554912255,0.97,0.08716823696411166
sample_0000,stripes,double_inhibitor,0.24161891117478512,0.282,0.05,7,4.737807106539538e-07,True,0.24190361445783135,0.17861886630657864,-0.01969504293223512,1663.5606540594429,0.0011783153961830025,0.14218576433393132,1.0,0.003315952075644477,0.9975,0.03252191782468459,0.8925,0.06768314823606209,0.7775,0.12715538333677812
sample_0000,stripes,double_inhibitor,0.24161891117478512,0.282,0.05,8,6.169149412583556e-09,True,0.2740240963855422,0.08687929668266037,-0.20145367190599472,1356.8200974417,0.13411692426391011,0.028283346150559465,1.0,0.015015479569016867,1.0,0.03054638009647683,1.0,0.05086084807731585,0.9875,0.09844582176424949
sample_0000,stripes,double_inhibitor,0.24161891117478512,0.282,0.05,9,9.342245947356606e-08,True,0.2740240963855422,0.23284283592906263,-0.14649863125294432,525.1584132001176,0.13411692426391011,0.028283346150559465,1.0,2.0257762716296166e-16,1.0,0.026364395952427205,1.0,0.04615916612961214,0.99,0.08587701093200321
sample_0000,stripes,double_inhibitor,0.24161891117478512,0.282,0.05,10,8.263763993620463e-09,True,0.2740240963855422,0.08926645010330958,-0.3230020854356557,1396.7572203486795,0.13411692426391011,0.028283346150559465,1.0,0.021113163107887963,1.0,0.030981334812626684,1.0,0.050644711753402384,0.985,0.10776766095338827
sample_0000,stripes,double_inhibitor,0.24161891117478512,0.282,0.05,11,1.6912552906620106e-05,True,0.2740240963855422,0.08542503578737559,-0.007558410285924633,41.37990899617874,0.13411692426391011,0.028283346150559465,0.9675,2.0257762716296166e-16,0.6075,0.028383717912398063,0.4475,0.057176321193049745,0.285,0.09336117300843812
sample_0000,stripes,double_inhibitor,0.24161891117478512,0.282,0.1,0,4.562546100971698e-07,True,0.2740240963855422,0.2033557342567569,-0.09774176345212088,450.3518593012892,0.13411692426391011,0.028283346150559465,1.0,2.0257762716296166e-16,1.0,0.027670585036451104,0.9925,0.04771270366639218,0.865,0.09664537417093064
sample_0000,stripes,double_inhibitor,0.24161891117478512,0.282,0.1,1,0.00017330490742034467,True,0.25796385542168676,0.3048890276324894,-0.10006953663586501,783.5774674135588,0.0676476198300465,0.08523455524224544,1.0,2.1518964794705528e-16,1.0,0.027938664835723652,1.0,0.047885859873772925,0.945,0.08324261361588617
sample_0000,stripes,double_inhibitor,0.24161891117478512,0.282,0.1,2,0.0005084743817143442,False,0.2740240963855422,0.011827563523560514,0.006592732224726894,698.4107569040774,0.13411692426391011,0.028283346150559465,,,,,,,,
sample_0000,stripes,double_inhibitor,0.24161891117478512,0.282,0.1,3,2.054141684086142e-06,True,0.24190361445783135,0.2566214357421579,-0.08696512712371773,957.1352442834608,0.0011783153961830025,0.14218576433393132,1.0,2.2947631996186864e-16,1.0,0.0255192395915941,1.0,0.04851398105937849,0.925,0.08393205864825752
sample_0000,stripes,double_inhibitor,0.24161891117478512,0.282,0.1,4,3.975885378236102e-06,True,0.2740240963855422,0.05981005186166577,-0.014667483127981273,135.41456790298056,0.13411692426391011,0.028283346150559465,1.0,2.0257762716296166e-16,0.9525,0.030541576662053052,0.765,0.0577985627919236,0.5425,0.1001470027888688
sample_0000,stripes,double_inhibitor,0.24161891117478512,0.282,0.1,5,1.9499077558541896e-06,True,0.25796385542168676,0.07828652575210171,-0.11041414406318317,1109.9879693801624,0.0676476198300465,0.08523455524224544,1.0,2.1518964794705528e-16,1.0,0.02504594051684223,1.0,0.05226997486966945,0.9325,0.09926882053401087
sample_0000,stripes,double_inhibitor,0.24161891117478512,0.282,0.1,6,1.6077612729026048e-07,True,0.2740240963855422,0.26473710800982175,-0.3731326785830439,191.99861533550282,0.13411692426391011,0.028283346150559465,1.0,2.0257762716296166e-16,1.0,0.021615422475075075,1.0,0.04523093446930708,0.9875,0.08820162090170187
sample_0000,stripes,double_inhibitor,0.24161891117478512,0.282,0.1,7,9.654576781500688e-09,True,0.2740240963855422,0.06295950022121843,-0.039979527131003945,159.55049445457408,0.13411692426391011,0.028283346150559465,1.0,0.011511932924460549,1.0,0.03175607767975969,0.995,0.056664504776632575,0.81,0.102579231999533
sample_0000,stripes,double_inhibitor,0.24161891117478512,0.282,0.1,8,6.194821421544783e-07,True,0.2740240963855422,0.12130991516986844,-0.10923431323494187,91.59312362524602,0.13411692426391011,0.028283346150559465,1.0,2.0257762716296166e-16,1.0,0.026299864758965334,0.9975,0.050214576687397754,0.9425,0.10531671575548478
sample_0000,stripes,double_inhibitor,0.24161891117478512,0.282,0.1,9,3.353650757974048e-07,True,0.2740240963855422,0.0928291102006149,-0.3168659175200931,740.139239673153,0.13411692426391011,0.028283346150559465,1.0,0.02018775986922036,1.0,0.031247183754546333,1.0,0.05152569471612126,0.9925,0.10358257766433031
sample_0000,stripes,double_inhibitor,0.24161891117478512,0.282,0.1,10,1.1210012827439282e-06,True,0.2740240963855422,0.07702314328295312,-0.2360580359699156,167.31570467236992,0.13411692426391011,0.028283346150559465,1.0,0.00413511061452335,1.0,0.028838700165984756,1.0,0.049727578479687465,0.94,0.09586903425428348
sample_0000,stripes,double_inhibitor,0.24161891117478512,0.282,0.1,11,5.956262595367112e-07,True,0.25796385542168676,0.04533867834427241,-0.017685666608769246,974.7734594681103,0.0676476198300465,0.08523455524224544,1.0,2.1518964794705528e-16,1.0,0.024179149597467916,0.9925,0.050541720946556984,0.87,0.09301676377884599
sample_0000,stripes,double_inhibitor,0.24161891117478512,0.282,0.2,0,4.179396043218984e-05,True,0.2740240963855422,0.18556863178278604,-0.21116216703091756,475.5257445435464,0.13411692426391011,0.028283346150559465,1.0,0.0290541414793652,1.0,0.030172047083732823,1.0,0.04560808977938983,0.9925,0.08755060351312137
sample_0000,stripes,double_inhibitor,0.24161891117478512,0.282,0.2,1,1.534595116284913e-05,True,0.25796385542168676,0.13495111613628197,-0.2119547920272289,500.0087996649489,0.0676476198300465,0.08523455524224544,1.0,0.030035152499685972,1.0,0.030800470834504986,1.0,0.05002134831980835,1.0,0.09960681796317714
sample_0000,stripes,double_inhibitor,0.24161891117478512,0.282,0.2,2,0.007729527686486822,False,0.25796385542168676,0.04995707986876141,0.036634118029943985,580.5031498734119,0.0676476198300465,0.08523455524224544,,,,,,,,
sample_0000,stripes,double_inhibitor,0.24161891117478512,0.282,0.2,3,6.144331361856284e-05,True,0.2740240963855422,0.08369418623797031,-0.051573308163914866,813.4517732883584,0.13411692426391011,0.028283346150559465,1.0,0.02236943059366293,1.0,0.03023074206668903,0.9975,0.042866801637635135,0.92,0.08186531308417794
sample_0000,stripes,double_inhibitor,0.24161891117478512,0.282,0.2,4,2.9563973683872583e-06,True,0.25796385542168676,0.46237523094917066,-0.37305582138974425,1347.028592800844,0.0676476198300465,0.08523455524224544,1.0,0.006190710531732504,1.0,0.028989973735639905,1.0,0.05126969122031428,0.995,0.10387225442118447
sample_0000,stripes,double_inhibitor,0.24161891117478512,0.282,0.2,5,4.7327474024852556e-05,True,0.2097831325301205,0.2579084561145848,-0.15757242725248777,14357.29825878953,0.1317602934715441,0.25608818251730314,1.0,1.323060404374684e-16,1.0,0.019278104187602837,1.0,0.04374933459455723,0.9975,0.08736280932429469
sample_0000,stripes,double_inhibitor,0.24161891117478512,0.282,0.2,6,2.8532589187058155e-05,True,0.24190361445783135,0.11310247479726954,-0.0647996215195965,759.1025241876247,0.0011783153961830025,0.14218576433393132,1.0,2.2947631996186864e-16,1.0,0.02835522395418276,1.0,0.057129761830509905,0.985,0.10255059049938048
sample_0000,stripes,double_inhibitor,0.24161891117478512,0.282,0.2,7,2.4353036609195864e-05,True,0.25796385542168676,0.13536686276610332,-0.39299484788155803,406.6106106496931,0.0676476198300465,0.08523455524224544,1.0,0.030018662371550844,1.0,0.03109655303820465,1.0,0.04708457048355097,0.9975,0.09113340907403554
sample_0000,stripes,double_inhibitor,0.24161891117478512,0.282,0.2,8,1.5222730072338023e-06,True,0.2740240963855422,0.12097736277514315,-0.5854713385059653,639.954609530504,0.13411692426391011,0.028283346150559465,1.0,0.02909595474599884,1.0,0.032215375945488796,1.0,0.05245746301164468,0.9975,0.09582391124893505
sample_0000,stripes,double_inhibitor,0.24161891117478512,0.282,0.2,9,1.1645930524692557e-08,True,0.2740240963855422,0.23356240363143144,-0.14495922344999457,746.0080642262218,0.13411692426391011,0.028283346150559465,1.0,2.0257762716296166e-16,1.0,0.02741368871973002,1.0,0.05205348204425798,1.0,0.1023203391974982
sample_0000,stripes,double_inhibitor,0.24161891117478512,0.282,0.2,10,3.4728137424747855e-05,True,0.2740240963855422,0.14925353208948788,-0.07776753075102963,62.32017955256973,0.13411692426391011,0.028283346150559465,1.0,2.0257762716296166e-16,1.0,0.02787054642273519,0.9925,0.05541362676489176,0.86,0.1058672919530699
sample_0000,stripes,double_inhibitor,0.24161891117478512,0.282,0.2,11,2.2093261672885146e-05,True,0.2740240963855422,0.28762451624065655,-0.28042769833463543,214.08718943031886,0.13411692426391011,0.028283346150559465,1.0,2.0257762716296166e-16,1.0,0.022963552147679686,1.0,0.04607841494257349,1.0,0.08489981487269206
sample_0000,stripes,double_inhibitor,0.24161891117478512,0.282,0.35,0,0.00019567737221943483,True,0.25796385542168676,0.08801659135881934,-0.5270101490446307,789.6437324000206,0.0676476198300465,0.08523455524224544,1.0,2.1518964794705528e-16,1.0,0.026906418856761514,1.0,0.055903340182496354,0.9975,0.10364736318657511
sample_0000,stripes,double_inhibitor,0.24161891117478512,0.282,0.35,1,0.0003393069298358028,True,0.25796385542168676,0.05988428146575231,-0.32760865708830406,705.6033532395531,0.0676476198300465,0.08523455524224544,1.0,2.1518964794705528e-16,1.0,0.0246532781612236,1.0,0.04464910477235313,0.9975,0.08624037259864728
sample_0000,stripes,double_inhibitor,0.24161891117478512,0.282,0.35,2,0.0001807545085903972,True,0.25796385542168676,0.1097233415904455,-0.1168604530118953,1077.3715192254892,0.0676476198300465,0.08523455524224544,1.0,0.02352812812121378,1.0,0.030165269491890724,1.0,0.04672612842149019,0.995,0.09024895237679889
sample_0000,stripes,double_inhibitor,0.24161891117478512,0.282,0.35,3,0.00032063429751413196,True,0.25796385542168676,0.11445650961677067,-0.1604567655518957,372.3325551413478,0.0676476198300465,0.08523455524224544,1.0,0.006911605009576816,1.0,0.029121394458028242,1.0,0.04342216971970003,0.985,0.08305651185051936
sample_0000,stripes,double_inhibitor,0.24161891117478512,0.282,0.35,4,0.0013361001066358065,True,0.25796385542168676,0.13467887498886277,-0.1770183862252039,288.1397755867049,0.0676476198300465,0.08523455524224544,1.0,2.1518964794705528e-16,1.0,0.023201908244309934,1.0,0.05095394208619316,0.9975,0.09343125602403524
sample_0000,stripes,double_inhibitor,0.24161891117478512,0.282,0.35,5,0.0004211952543053178,True,0.24190361445783135,0.03998365458413389,-0.1053957156543539,766.935474251275,0.0011783153961830025,0.14218576433393132,1.0,2.2947631996186864e-16,1.0,0.02184026952927854,1.0,0.04819105130597241,0.995,0.09350724094771914
sample_0000,stripes,double_inhibitor,0.24161891117478512,0.282,0.35,6,0.00030379638905840334,True,0.25796385542168676,0.16437786289803213,-0.23301888747122074,1424.7759924515804,0.0676476198300465,0.08523455524224544,1.0,0.019614126635557002,1.0,0.03127886872304529,1.0,0.04623688546583575,1.0,0.07999945722129577
sample_0000,stripes,double_inhibitor,0.24161891117478512,0.282,0.35,7,2.9417067125328407e-05,True,0.2740240963855422,0.10429949149222217,-0.09909812685434805,387.5433819218494,0.13411692426391011,0.028283346150559465,1.0,0.016426773455188497,1.0,0.031102368763518025,1.0,0.05334311171502505,0.9725,0.0991000346802585
sample_0000,stripes,double_inhibitor,0.24161891117478512,0.282,0.35,8,0.014993658703471484,True,0.24190361445783135,0.2891065966436557,-0.325871603165959,659.476664014146,0.0011783153961830025,0.14218576433393132,1.0,2.2947631996186864e-16,1.0,0.026435896361183257,1.0,0.05200785702352211,1.0,0.09924674347773031
sample_0000,stripes,double_inhibitor,0.24161891117478512,0.282,0.35,9,0.00025602871726657247,True,0.25796385542168676,0.18157144027257388,-0.28833991845274154,1149.178085544081,0.0676476198300465,0.08523455524224544,1.0,0.010163924622733871,1.0,0.029758841307771355,1.0,0.04420568340979732,1.0,0.08674066006178695
sample_0000,stripes,double_inhibitor,0.24161891117478512,0.282,0.35,10,0.00040883460595406965,True,0.25796385542168676,0.08761119128000239,-0.1064327500744412,425.226307019169,0.0676476198300465,0.08523455524224544,1.0,2.1518964794705528e-16,1.0,0.02386138104079104,1.0,0.04469758473918395,1.0,0.08963635293958896
sample_0000,stripes,double_inhibitor,0.24161891117478512,0.282,0.35,11,2.4405745477186503e-05,True,0.25796385542168676,0.08177086268010925,-0.5552944247963043,891.358820557093,0.0676476198300465,0.08523455524224544,1.0,2.1518964794705528e-16,1.0,0.029499704019093097,1.0,0.049959496558437025,1.0,0.10292962423245053
sample_0001,labyrinth,double_inhibitor,0.27169627507163324,0.289,0.0,0,1.6048905331050325e-10,True,0.2900843373493976,0.1750302432560309,-0.08559398529833406,130.30771007627368,0.06767874264347681,0.0037520323508567917,1.0,0.02832945501453639,1.0,0.030537579323301704,0.99,0.0558163728800446,0.8725,0.10696415091965984
sample_0001,labyrinth,double_inhibitor,0.27169627507163324,0.289,0.0,1,3.0875556195420703e-11,True,0.2740240963855422,0.3666526860264714,-0.06742826092982712,627.1455343524539,0.00856773363306224,0.05181973569016531,1.0,2.0257762716296166e-16,1.0,0.030453462108213727,0.9525,0.05415637460409363,0.8225,0.09832117250212513
sample_0001,labyrinth,double_inhibitor,0.27169627507163324,0.289,0.0,2,7.63542201023705e-13,True,0.2740240963855422,0.0760035145807656,-0.08344751217009683,208.1158505810336,0.00856773363306224,0.05181973569016531,1.0,0.025685130668280435,1.0,0.03040503433439415,0.9875,0.05688137285900266,0.825,0.10492243066255572
sample_0001,labyrinth,double_inhibitor,0.27169627507163324,0.289,0.0,3,1.0227209939729634e-10,True,0.25796385542168676,0.35572960548993393,-0.12709073664288395,6771.688600436698,0.05054327537735253,0.10739150373118761,1.0,2.1518964794705528e-16,0.995,0.025415170949220228,0.9325,0.054459828076821905,0.76,0.09547767433995659
sample_0001,labyrinth,double_inhibitor,0.27169627507163324,0.289,0.0,4,8.47058039527023e-11,True,0.2900843373493976,0.4724311712797622,-0.2642280374729111,51.81266623031844,0.06767874264347681,0.0037520323508567917,1.0,0.02378372718878488,0.885,0.031030221231611133,0.745,0.0534233322156111,0.6325,0.095839530679436
sample_0001,labyrinth,double_inhibitor,0.27169627507163324,0.289,0.0,5,1.98889713790326e-12,True,0.2740240963855422,0.06416079297934019,-0.09507048448271815,366.7095540132755,0.00856773363306224,0.05181973569016531,1.0,0.004135110614523349,1.0,0.02843738553929372,1.0,0.04937884953274184,0.9525,0.10666396504519277
sample_0001,labyrinth,double_inhibitor,0.27169627507163324,0.289,0.0,6,1.028598183564206e-09,True,0.25796385542168676,0.10670529576063004,-0.5230494541745772,2508.7482301476334,0.05054327537735253,0.10739150373118761,1.0,0.015410499981343266,1.0,0.03155727328162968,1.0,0.04973868746660379,1.0,0.09944655498777838
sample_0001,labyrinth,double_inhibitor,0.27169627507163324,0.289,0.0,7,1.390600112201135e-10,True,0.2900843373493976,0.12475167816598098,-0.05703672422427075,66.61913412314793,0.06767874264347681,0.0037520323508567917,1.0,0.025799499944571428,1.0,0.030936741235030516,0.965,0.0527487539160119,0.7425,0.09468910206623919
sample_0001,labyrinth,double_inhibitor,0.27169627507163324,0.289,0.0,8,4.90509573766992e-11,True,0.2740240963855422,0.07756037642138303,-0.5300687237950328,127.45695553295313,0.00856773363306224,0.05181973569016531,1.0,0.025823029889407,1.0,0.02986363701311036,0.99,0.05796352943059418,0.85,0.10333614044032237
sample_0001,labyrinth,double_inhibitor,0.27169627507163324,0.289,0.0,9,1.4268356443937272e-09,True,0.2740240963855422,0.6979968990202821,-0.2812618076520721,203.905905021405,0.00856773363306224,0.05181973569016531,1.0,0.024512476791528327,1.0,0.02921181371103922,1.0,0.04553835494909806,0.9075,0.08605422957682864
sample_0001,labyrinth,double_inhibitor,0.27169627507163324,0.289,0.0,10,0.5642562557198749,False,0.001,0.024407957237760902,0.02441189683022435,145.9597323469031,0.9963194195439877,0.9965397923875432,,,,,,,,
sample_0001,labyrinth,double_inhibitor,0.27169627507163324,0.289,0.0,11,3.434492718670599e-10,True,0.2740240963855422,0.02373345012890482,-0.008920369679980403,259.23893546941395,0.00856773363306224,0.05181973569016531,1.0,0.028448237827346422,0.775,0.02991613055239285,0.465,0.04169124645251853,0.28,0.07445552522206621
sample_0001,labyrinth,double_inhibitor,0.27169627507163324,0.289,0.05,0,2.845310642725498e-07,True,0.2900843373493976,0.11184270960462683,-0.8714199192837011,89.87276559556118,0.06767874264347681,0.0037520323508567917,1.0,0.007759557661139079,1.0,0.03120092272887761,0.97,0.05678328264805124,0.805,0.10683906601184472
sample_0001,labyrinth,double_inhibitor,0.27169627507163324,0.289,0.05,1,1.3104644512881233e-09,True,0.2740240963855422,0.20972013719547888,-0.8586455947141489,312.67667132324203,0.00856773363306224,0.05181973569016531,1.0,0.028408301408360696,1.0,0.030367833299912876,1.0,0.06021652199824761,0.98,0.1051657751596428
sample_0001,labyrinth,double_inhibitor,0.27169627507163324,0.289,0.05,2,6.66124715324929e-08,True,0.2900843373493976,0.18352778177915852,-0.2165835233250873,84.78913305479011,0.06767874264347681,0.0037520323508567917,1.0,0.002765122321494953,1.0,0.027429072183091208,0.9975,0.046912795444855264,0.8425,0.08655036314693634
sample_0001,labyrinth,double_inhibitor,0.27169627507163324,0.289,0.05,3,1.3821531852508835e-06,True,0.2740240963855422,0.10920980735324903,-0.3541118571458912,109.7973811565061,0.00856773363306224,0.05181973569016531,1.0,0.011458083062851142,1.0,0.045826345837557174,0.975,0.08564653047682251,0.79,0.15237790603765097
sample_0001,labyrinth,double_inhibitor,0.27169627507163324,0.289,0.05,4,3.452859353201157e-08,True,0.2740240963855422,0.27264929216184086,-0.19589666119563276,311.32028111734,0.00856773363306224,0.05181973569016531,1.0,0.002926349072555985,1.0,0.029234600992534176,1.0,0.053024672743918685,0.9775,0.10890895015446533
sample_0001,labyrinth,double_inhibitor,0.27169627507163324,0.289,0.05,5,5.672481714553892e-07,True,0.2740240963855422,0.4100985609535428,-0.043029271271399994,1883.461956785766,0.00856773363306224,0.05181973569016531,1.0,0.01956132152084882,0.98,0.03453473047489111,0.8425,0.06318187123067139,0.6925,0.12941798253227235
sample_0001,labyrinth,double_inhibitor,0.27169627507163324,0.289,0.05,6,3.4811289405615666e-08,True,0.2740240963855422,0.6035444819081395,-0.130832998985841,401.17041231523376,0.00856773363306224,0.05181973569016531,1.0,2.0257762716296166e-16,1.0,0.025697827996183673,0.995,0.04581081435662542,0.805,0.0843957980580826
sample_0001,labyrinth,double_inhibitor,0.27169627507163324,0.289,0.05,7,7.028392494013752e-08,True,0.2900843373493976,0.20994273304589584,-0.37375272489843436,131.08009332155476,0.06767874264347681,0.0037520323508567917,1.0,0.016701679356156282,1.0,0.028369819725914,1.0,0.052188436638564435,0.95,0.10500597876496229
sample_0001,labyrinth,double_inhibitor,0.27169627507163324,0.289,0.05,8,1.291271067149344e-09,True,0.2740240963855422,0.1501632405962514,-0.598641529803025,509.35645013208256,0.00856773363306224,0.05181973569016531,1.0,2.0257762716296166e-16,1.0,0.027821042766785792,1.0,0.0516818222230366,0.9975,0.10038511854220332
sample_0001,labyrinth,double_inhibitor,0.27169627507163324,0.289,0.05,9,0.0007297295919670663,True,0.2740240963855422,0.016254785307097563,-0.5372979374641536,699.9229587040891,0.00856773363306224,0.05181973569016531,1.0,2.0257762716296166e-16,0.905,0.029087039855098414,0.74,0.05271255765829775,0.5925,0.10001134693750326
sample_0001,labyrinth,double_inhibitor,0.27169627507163324,0.289,0.05,10,1.8917776220463176e-07,True,0.2740240963855422,0.05575002887224301,-0.27398919421943224,1089.4944841234876,0.00856773363306224,0.05181973569016531,1.0,2.0257762716296166e-16,1.0,0.02851347365337477,0.995,0.048776848006270565,0.8825,0.08924598521719129
sample_0001,labyrinth,double_inhibitor,0.27169627507163324,0.289,0.05,11,3.921088610289827e-09,True,0.2740240963855422,0.35612603638369755,-0.26575127387547015,635.6649804518999,0.00856773363306224,0.05181973569016531,1.0,2.0257762716296166e-16,1.0,0.027267122247079004,1.0,0.05207820794111444,0.9875,0.09821849600779885
sample_0001,labyrinth,double_inhibitor,0.27169627507163324,0.289,0.1,0,0.000248088066465593,True,0.2900843373493976,0.08328976493280038,-0.19983819610698772,18.79651671583918,0.06767874264347681,0.0037520323508567917,1.0,0.02629180303056948,0.9375,0.048268540177008615,0.6075,0.08377157448457292,0.3575,0.1499523347633509
sample_0001,labyrinth,double_inhibitor,0.27169627507163324,0.289,0.1,1,5.271650088940563e-10,True,0.2740240963855422,0.2415625682032001,-0.11450875523481008,170.21876857559874,0.00856773363306224,0.05181973569016531,1.0,0.002926349072555985,1.0,0.03030023279171842,1.0,0.054480150658657765,0.9525,0.10153610347981533
sample_0001,labyrinth,double_inhibitor,0.27169627507163324,0.289,0.1,2,3.815187952851965e-06,True,0.24190361445783135,0.15075151884506433,-0.30669821721597224,1043.6548928891837,0.1096542843877672,0.16296327177220982,1.0,2.2947631996186864e-16,1.0,0.032074815009393014,1.0,0.055673934807449935,0.945,0.10522249045486588
sample_0001,labyrinth,double_inhibitor,0.27169627507163324,0.289,0.1,3,8.198131516661733e-07,True,0.2740240963855422,0.29541355299157956,-0.7935586059435743,219.81514533218402,0.00856773363306224,0.05181973569016531,1.0,0.02845069538822589,1.0,0.029282309303749872,1.0,0.050017822319578284,0.9975,0.09301847709082627
sample_0001,labyrinth,double_inhibitor,0.27169627507163324,0.289,0.1,4,1.932939022295821e-06,True,0.2740240963855422,0.03795528112674873,-0.027706435160966603,275.7969698508724,0.00856773363306224,0.05181973569016531,1.0,2.0257762716296166e-16,0.985,0.044283066371946095,0.7925,0.0757633022465971,0.5875,0.13716916901856155
sample_0001,labyrinth,double_inhibitor,0.27169627507163324,0.289,0.1,5,4.4601343977459966e-07,True,0.25796385542168676,0.07542258643529998,-0.11019204271578253,1152.7001625296805,0.05054327537735253,0.10739150373118761,1.0,0.003108508535790124,1.0,0.02942689655681162,1.0,0.04963351588833208,0.96,0.09131136554477272
sample_0001,labyrinth,double_inhibitor,0.27169627507163324,0.289,0.1,6,1.0227770337643202e-06,True,0.2740240963855422,0.21220157585015187,-0.944622197619049,163.10470643016274,0.00856773363306224,0.05181973569016531,1.0,0.028250721070032944,1.0,0.03271411878302407,1.0,0.058441749812962955,0.98,0.11491114882644689
sample_0001,labyrinth,double_inhibitor,0.27169627507163324,0.289,0.1,7,3.200768936477444e-09,True,0.2900843373493976,0.2505074050417697,-0.5981648235367132,62.811271867010454,0.06767874264347681,0.0037520323508567917,1.0,0.007266646936308978,1.0,0.027705273639361132,1.0,0.04962219561201624,0.975,0.09672927504316624
sample_0001,labyrinth,double_inhibitor,0.27169627507163324,0.289,0.1,8,1.3269207033243518e-08,True,0.2740240963855422,0.1262672253393724,-0.44423763696169905,1997.4336994039795,0.00856773363306224,0.05181973569016531,1.0,2.0257762716296166e-16,1.0,0.0317090423655498,1.0,0.05800725004263275,0.9875,0.11242883194739187
sample_0001,labyrinth,double_inhibitor,0.27169627507163324,0.289,0.1,9,3.2065867369138843e-06,True,0.24190361445783135,0.16791540127934645,-0.06197653604022224,2413.2588366321497,0.1096542843877672,0.16296327177220982,1.0,2.2947631996186864e-16,1.0,0.022866591965043166,1.0,0.05231900080582405,0.905,0.09477249237049887
sample_0001,labyrinth,double_inhibitor,0.27169627507163324,0.289,0.1,10,4.537994229516374e-07,True,0.2900843373493976,0.9186416843109999,-0.3005850621127024,228.43433820490603,0.06767874264347681,0.0037520323508567917,1.0,0.019212214049515317,1.0,0.032817241254072746,1.0,0.0557169005033989,0.9375,0.10482041925251873
sample_0001,labyrinth,double_inhibitor,0.27169627507163324,0.289,0.1,11,1.4495239644882581e-06,True,0.2740240963855422,0.10825188230338156,-0.7205782464519186,534.9224154752735,0.00856773363306224,0.05181973569016531,1.0,0.016684779005861003,1.0,0.03145993640188142,1.0,0.056943557259825986,0.9525,0.1077115475521335
sample_0001,labyrinth,double_inhibitor,0.27169627507163324,0.289,0.2,0,2.1805040698295217e-05,True,0.2740240963855422,0.05110933418206365,-0.2756741052949353,341.0893201830273,0.00856773363306224,0.05181973569016531,1.0,2.0257762716296166e-16,1.0,0.0214938663031358,0.995,0.0465682756947603,0.905,0.0850415534220231
sample_0001,labyrinth,double_inhibitor,0.27169627507163324,0.289,0.2,1,2.769899808867481e-06,True,0.2740240963855422,0.11335681214466398,-0.2468937224477603,134.91985806351647,0.00856773363306224,0.05181973569016531,1.0,2.0257762716296166e-16,1.0,0.031196164758460383,1.0,0.057357794839221383,0.985,0.10663427807995235
sample_0001,labyrinth,double_inhibitor,0.27169627507163324,0.289,0.2,2,4.546747965732086e-05,True,0.2740240963855422,0.11889560263660215,-0.21520991423955604,374.4284905082374,0.00856773363306224,0.05181973569016531,1.0,0.018040309295485776,1.0,0.031552281019737664,1.0,0.05582897145263568,0.895,0.11647659904842352
sample_0001,labyrinth,double_inhibitor,0.27169627507163324,0.289,0.2,3,3.7565992938603826e-05,True,0.2740240963855422,0.16101333546953,-0.1552912887838127,107.54572331897677,0.00856773363306224,0.05181973569016531,1.0,0.021019869978098897,1.0,0.028786634047630634,1.0,0.045583134284476995,0.9075,0.08735546230629808
sample_0001,labyrinth,double_inhibitor,0.27169627507163324,0.289,0.2,4,5.975052176021016e-05,True,0.2900843373493976,0.3312222712709527,-1.5505107342831452,535.8425701140029,0.06767874264347681,0.0037520323508567917,1.0,0.013697962048900756,1.0,0.030782755215845593,1.0,0.055260746906638736,0.9875,0.09898786745140678
sample_0001,labyrinth,double_inhibitor,0.27169627507163324,0.289,0.2,5,3.138029274599549e-05,True,0.25796385542168676,0.1028805627977114,-0.061401795785720914,1478.7035724655989,0.05054327537735253,0.10739150373118761,1.0,0.006911605009576816,1.0,0.029542629690996677,1.0,0.04556257666762513,0.99,0.08320412551194879
sample_0001,labyrinth,double_inhibitor,0.27169627507163324,0.289,0.2,6,2.014762093491195e-05,True,0.2740240963855422,0.18775960552918391,-0.22595074622393196,231.61569215545032,0.00856773363306224,0.05181973569016531,1.0,2.0257762716296166e-16,1.0,0.02811995773897212,1.0,0.04983464234097947,1.0,0.09541694556590168
sample_0001,labyrinth,double_inhibitor,0.27169627507163324,0.289,0.2,7,9.252680952120185e-06,True,0.25796385542168676,0.149110685404791,-0.2696699272250483,1263.0458555585583,0.05054327537735253,0.10739150373118761,1.0,2.1518964794705528e-16,1.0,0.026193511139901933,1.0,0.05019381812346345,0.945,0.0927488600191542
sample_0001,labyrinth,double_inhibitor,0.27169627507163324,0.289,0.2,8,2.643666238833417e-05,True,0.2740240963855422,0.12107358107952138,-0.578655648687834,1147.3116892163803,0.00856773363306224,0.05181973569016531,1.0,0.007117793966421039,1.0,0.03154998954208139,1.0,0.05937888047264389,0.9725,0.11003163246019866
sample_0001,labyrinth,double_inhibitor,0.27169627507163324,0.289,0.2,9,1.5742838964453745e-07,True,0.2740240963855422,0.06817275260168199,-0.26418828736541544,193.48921445729223,0.00856773363306224,0.05181973569016531,1.0,2.0257762716296166e-16,1.0,0.02416124287838047,1.0,0.047183613708919804,0.9575,0.09582580874073278
sample_0001,labyrinth,double_inhibitor,0.27169627507163324,0.289,0.2,10,1.0524913346249629e-05,True,0.2740240963855422,0.21793273714171058,-0.5534461488425255,171.0146258789359,0.00856773363306224,0.05181973569016531,1.0,0.02251357264792878,1.0,0.028481001523408017,1.0,0.04577731014103112,0.9925,0.08876656471092145
sample_0001,labyrinth,double_inhibitor,0.27169627507163324,0.289,0.2,11,0.1289599551708941,True,0.3703855421686747,0.8196010918886572,-0.1522379044620502,8376.45737194726,0.36323378769555026,0.2816108725559679,1.0,0.018633963343365614,1.0,0.025905383148517876,0.9775,0.04802583170515445,0.8375,0.0926209085625659
sample_0001,labyrinth,double_inhibitor,0.27169627507163324,0.289,0.35,0,0.0005171792222213321,True,0.24190361445783135,0.024784815549759642,-0.012228427322839241,1290.9089683917587,0.1096542843877672,0.16296327177220982,1.0,2.2947631996186864e-16,0.985,0.03202304268492133,0.865,0.04957347175442652,0.73,0.10204930141893999
sample_0001,labyrinth,double_inhibitor,0.27169627507163324,0.289,0.35,1,0.00017172110220603886,True,0.2740240963855422,0.29932081141452116,-0.4987836393347857,1031.0217107603617,0.00856773363306224,0.05181973569016531,1.0,2.0257762716296166e-16,1.0,0.021227885665085412,1.0,0.04375475925815462,1.0,0.07852768434605001
sample_0001,labyrinth,double_inhibitor,0.27169627507163324,0.289,0.35,2,0.001938679433758383,True,0.2740240963855422,0.11946251992195744,-0.1399721374265961,344.06954983741923,0.00856773363306224,0.05181973569016531,1.0,0.028397645247263396,1.0,0.031698164230233035,0.9875,0.05715351720856523,0.8875,0.10561558392232893
sample_0001,labyrinth,double_inhibitor,0.27169627507163324,0.289,0.35,3,5.924644504878364e-05,True,0.25796385542168676,0.08871134158230198,-0.38003119988000655,537.1615288198785,0.05054327537735253,0.10739150373118761,1.0,0.003108508535790125,1.0,0.031083064645344678,1.0,0.058153155022684956,1.0,0.10331819687198801
sample_0001,labyrinth,double_inhibitor,0.27169627507163324,0.289,0.35,4,9.395367642446423e-06,True,0.2740240963855422,0.07098777958064773,-0.34425786716485884,312.5798560121353,0.00856773363306224,0.05181973569016531,1.0,2.0257762716296166e-16,1.0,0.026355316092364862,1.0,0.05196697563699452,0.9825,0.1017865767238719
sample_0001,labyrinth,double_inhibitor,0.27169627507163324,0.289,0.35,5,0.00035390055208562487,True,0.24190361445783135,0.07378447972863,-0.3678778617448444,1251.9251410992001,0.1096542843877672,0.16296327177220982,1.0,2.2947631996186864e-16,1.0,0.02875913848720201,1.0,0.05235297462886508,1.0,0.10217673331103692
sample_0001,labyrinth,double_inhibitor,0.27169627507163324,0.289,0.35,6,0.00012782326987440353,True,0.25796385542168676,0.12430048090306656,-0.16162778113445997,1086.5605825666173,0.05054327537735253,0.10739150373118761,1.0,2.1518964794705528e-16,1.0,0.028019901887215308,1.0,0.052965833570298784,1.0,0.10103357061241107
sample_0001,labyrinth,double_inhibitor,0.27169627507163324,0.289,0.35,7,0.0002517073166683801,True,0.2740240963855422,0.1594709787176427,-0.4138380248815482,686.0936994741846,0.00856773363306224,0.05181973569016531,1.0,2.0257762716296166e-16,1.0,0.025129076644150015,1.0,0.04463047836621299,1.0,0.08667632884932099
sample_0001,labyrinth,double_inhibitor,0.27169627507163324,0.289,0.35,8,0.00024797052995254075,True,0.25796385542168676,0.036500636581001444,-0.08564494735404438,836.2364830938718,0.05054327537735253,0.10739150373118761,1.0,2.1518964794705528e-16,1.0,0.022963035258641663,1.0,0.04755930216829667,0.9625,0.0889653741022347
sample_0001,labyrinth,double_inhibitor,0.27169627507163324,0.289,0.35,9,3.954761135161964e-05,True,0.2740240963855422,0.1087456751264071,-0.16708693780717776,1040.2026830990326,0.00856773363306224,0.05181973569016531,1.0,0.02196690036035311,1.0,0.033006185831605646,1.0,0.05342277140041447,0.9925,0.10196343172969563
sample_0001,labyrinth,double_inhibitor,0.27169627507163324,0.289,0.35,10,0.0001966358893216413,True,0.25796385542168676,0.19509117074657922,-0.5860687351882838,3283.3477180899013,0.05054327537735253,0.10739150373118761,1.0,2.1518964794705528e-16,1.0,0.022802155311177467,1.0,0.0445943532993119,1.0,0.0927226542152179
sample_0001,labyrinth,double_inhibitor,0.27169627507163324,0.289,0.35,11,0.0002659115882945479,True,0.24190361445783135,0.06509056770802246,-0.24981196659011418,739.9229166828053,0.1096542843877672,0.16296327177220982,1.0,0.02976336718132956,1.0,0.032142923348302495,1.0,0.04537232563306987,1.0,0.08356204051774284
sample_0002,spots,double_inhibitor,0.43210888252149,0.454,0.0,0,2.201866008760894e-12,True,0.4346265060240964,0.07105518615908579,-0.013122064118860882,118.19112367141209,0.005826363688511348,0.04267289422005198,1.0,0.017687549987669925,0.89,0.02557939815577947,0.7,0.0568488069387815,0.4575,0.09877146996162722
sample_0002,spots,double_inhibitor,0.43210888252149,0.454,0.0,1,1.4509026435468868e-07,True,0.45068674698795186,0.17863488028390506,-0.0004502845966372071,77.3255928493225,0.04299347969440998,0.007297914123454088,0.5325,0.008851291101234506,0.5225,0.028860579242122555,0.5025,0.05311666959774128,0.4225,0.10527152166294294
sample_0002,spots,double_inhibitor,0.43210888252149,0.454,0.0,2,0.5910706882633416,False,0.7076506024096386,2.4205902449770598,0.31243649065745904,172.77184236935085,0.6376673357887873,0.5587017674221114,,,,,,,,
sample_0002,spots,double_inhibitor,0.43210888252149,0.454,0.0,3,5.381372937799522e-10,True,0.4346265060240964,0.06013908161477488,-0.6622407737471157,1093.918022094967,0.005826363688511348,0.04267289422005198,1.0,0.0026068295676537575,1.0,0.0271662238481705,1.0,0.05230941286522355,0.915,0.09295522137605625
sample_0002,spots,double_inhibitor,0.43210888252149,0.454,0.0,4,2.9941590390429415e-07,True,0.4346265060240964,0.7076815627364503,-0.18389111913587697,418.4343001237981,0.005826363688511348,0.04267289422005198,1.0,0.008038610666575898,1.0,0.026944947464889672,0.995,0.053872117929340844,0.89,0.1079744904939417
sample_0002,spots,double_inhibitor,0.43210888252149,0.454,0.0,5,0.0045921076849006585,True,0.4025060240963856,0.21654996396139747,-0.1267435946925503,168.63421238753648,0.06850786832328579,0.11342285441324763,1.0,0.004847117700676893,0.9875,0.029966247151171056,0.8975,0.057611645743782615,0.725,0.09840733606895208
sample_0002,spots,double_inhibitor,0.43210888252149,0.454,0.0,6,0.0012026761403793967,True,0.45068674698795186,0.14983464437425553,-0.06580116630492916,285.6830555427396,0.04299347969440998,0.007297914123454088,1.0,0.014818716721155848,1.0,0.027034259696754073,1.0,0.05244914169665767,0.9725,0.10945533549871435
sample_0002,spots,double_inhibitor,0.43210888252149,0.454,0.0,7,7.42524455821477e-10,True,0.45068674698795186,0.523810709041789,-0.058838601413841896,35.47979844171957,0.04299347969440998,0.007297914123454088,0.9525,0.002575539079003951,0.625,0.030217727037270492,0.5125,0.055666237783225755,0.5125,0.11071363318202504
sample_0002,spots,double_inhibitor,0.43210888252149,0.454,0.0,8,1.064892603155643e-10,True,0.45068674698795186,0.3811488765631976,-0.5629386039472405,97.36630129730754,0.04299347969440998,0.007297914123454088,1.0,0.01223619876727477,1.0,0.028864641104925925,1.0,0.05213642039545879,0.9625,0.10578966981679579
sample_0002,spots,double_inhibitor,0.43210888252149,0.454,0.0,9,2.9797748602609634e-12,True,0.4346265060240964,0.23874408162054372,-0.13054557347415097,334.33949754996166,0.005826363688511348,0.04267289422005198,1.0,0.0018451096783415968,1.0,0.02657339714367165,1.0,0.052705884835897915,0.9675,0.10306274451307651
sample_0002,spots,double_inhibitor,0.43210888252149,0.454,0.0,10,1.4840606916246115e-10,True,0.4346265060240964,0.043579010942589314,-0.1475826020332771,189.73550726137435,0.005826363688511348,0.04267289422005198,1.0,0.005484622236664969,1.0,0.02874130670470582,0.99,0.05977694773075614,0.85,0.11005238994572579
sample_0002,spots,double_inhibitor,0.43210888252149,0.454,0.0,11,0.8188514018262415,False,0.001,0.061883278814637455,0.06188635505832235,28.332132323308045,0.9976857684707505,0.9977973568281938,,,,,,,,
sample_0002,spots,double_inhibitor,0.43210888252149,0.454,0.05,0,0.5814072670495043,False,0.001,0.0247742794059862,0.024775102508179825,119.50775011609053,0.9976857684707505,0.9977973568281938,,,,,,,,
sample_0002,spots,double_inhibitor,0.43210888252149,0.454,0.05,1,1.497683443439183e-08,True,0.4346265060240964,0.13628431948577724,-0.3958258865890127,131.75237150551436,0.005826363688511348,0.04267289422005198,1.0,0.017426690197830306,1.0,0.02846363215528967,1.0,0.055782140526153774,0.9425,0.10452268418166438
sample_0002,spots,double_inhibitor,0.43210888252149,0.454,0.05,2,5.596179611459484e-09,True,0.41856626506024097,0.6328691480429924,-0.14159790232168362,2181.8317982017793,0.03134075231738729,0.07804787431664988,1.0,0.00981626691185281,1.0,0.026190561557396394,0.9925,0.05053244282129998,0.8775,0.1021063075391395
sample_0002,spots,double_inhibitor,0.43210888252149,0.454,0.05,3,1.548132190422045e-07,True,0.45068674698795186,0.10878357355603763,-0.25861974938763654,34.62582567574248,0.04299347969440998,0.007297914123454088,1.0,0.008805354941818149,1.0,0.030637160565836166,0.955,0.058849998693290315,0.795,0.10932474111992099
sample_0002,spots,double_inhibitor,0.43210888252149,0.454,0.05,4,6.230609633065402e-10,True,0.4346265060240964,0.22813374780533024,-0.025769969916073526,545.1926124565854,0.005826363688511348,0.04267289422005198,1.0,0.004848440638079777,0.985,0.024968182639801804,0.8375,0.0517294005087327,0.7075,0.10502665475688708
sample_0002,spots,double_inhibitor,0.43210888252149,0.454,0.05,5,3.351634850120573e-07,True,0.45068674698795186,0.09532131689243517,-0.12066790581706255,52.099767206925534,0.04299347969440998,0.007297914123454088,1.0,0.015515488361545838,1.0,0.030382035896478615,0.9825,0.05730471712420698,0.7775,0.11583890348229726
sample_0002,spots,double_inhibitor,0.43210888252149,0.454,0.05,6,3.190884910344346e-10,True,0.4346265060240964,0.13959837551124288,-0.08569125811928391,254.1357168440794,0.005826363688511348,0.04267289422005198,1.0,0.004103541725744744,1.0,0.025744543689327198,1.0,0.053682315986158816,0.9325,0.10290215256119224
sample_0002,spots,double_inhibitor,0.43210888252149,0.454,0.05,7,1.5435516929859625e-07,True,0.45068674698795186,0.17014336533985386,-0.0689362510539917,24.497045650476707,0.04299347969440998,0.007297914123454088,1.0,3.695104300420564e-16,0.9875,0.03178825055259539,0.77,0.055654659674137096,0.5675,0.10826465912852122
sample_0002,spots,double_inhibitor,0.43210888252149,0.454,0.05,8,0.08864076143116409,False,0.3543253012048193,0.7750720191359495,0.09573071882494144,84.94341711179847,0.18000921634098158,0.2195477947030412,,,,,,,,
sample_0002,spots,double_inhibitor,0.43210888252149,0.454,0.05,9,6.893984196251768e-10,True,0.45068674698795186,0.9431518838542416,-0.3967753165315411,788.0971005938746,0.04299347969440998,0.007297914123454088,1.0,0.015293969404642047,1.0,0.02651668409863792,1.0,0.05475674912656275,0.9975,0.10463638446091443
sample_0002,spots,double_inhibitor,0.43210888252149,0.454,0.05,10,7.976205254278659e-10,True,0.45068674698795186,0.11578996928395213,-0.475511458642373,396.78474465170086,0.04299347969440998,0.007297914123454088,1.0,0.005289020664188244,1.0,0.028177297028779955,0.985,0.0493186641944716,0.82,0.10370481464903261
sample_0002,spots,double_inhibitor,0.43210888252149,0.454,0.05,11,2.8720722637562208e-12,True,0.45068674698795186,0.2577098462056888,-0.05126609769600643,167.60068122928794,0.04299347969440998,0.007297914123454088,1.0,0.007592631186221111,0.9825,0.027359466236555323,0.86,0.05083520550686936,0.71,0.10300539679953861
sample_0002,spots,double_inhibitor,0.43210888252149,0.454,0.1,0,2.113102676406144e-06,True,0.45068674698795186,0.19413358666153835,-0.22039013600349547,19.935576628415006,0.04299347969440998,0.007297914123454088,1.0,0.005833298802766199,1.0,0.03356523432157676,0.99,0.06392270076669133,0.785,0.12106452911677207
sample_0002,spots,double_inhibitor,0.43210888252149,0.454,0.1,1,8.138693049202716e-07,True,0.45068674698795186,0.12267376423290699,-0.0697958411538564,36.183681922564475,0.04299347969440998,0.007297914123454088,1.0,0.01755786854530896,1.0,0.03021603353917737,0.9875,0.05966491436589128,0.785,0.10901360397332437
sample_0002,spots,double_inhibitor,0.43210888252149,0.454,0.1,2,4.977157023491035e-10,True,0.45068674698795186,0.2311807232421792,-0.17358017145947602,390.3161208770491,0.04299347969440998,0.007297914123454088,1.0,0.01650649037988965,1.0,0.025086731060303815,1.0,0.05243480381491007,0.955,0.10240947013419721
sample_0002,spots,double_inhibitor,0.43210888252149,0.454,0.1,3,2.4536301030160734e-07,True,0.45068674698795186,0.09204358376930699,-0.13822133249589852,532.553336376175,0.04299347969440998,0.007297914123454088,1.0,0.017957740478642913,1.0,0.028611819970164983,0.985,0.05738487476651962,0.8525,0.10569203801490133
sample_0002,spots,double_inhibitor,0.43210888252149,0.454,0.1,4,4.427611514163873e-06,True,0.4346265060240964,0.14960416298818036,-0.2935763371671163,198.7463901883174,0.005826363688511348,0.04267289422005198,1.0,0.018082615455741982,1.0,0.029787104607161684,1.0,0.058837984890779314,0.9525,0.10543748479944265
sample_0002,spots,double_inhibitor,0.43210888252149,0.454,0.1,5,3.589192829000667e-08,True,0.4346265060240964,0.36010953265921497,-0.23232696818131954,200.73837267664706,0.005826363688511348,0.04267289422005198,1.0,0.01813717303609432,1.0,0.026546732682690997,1.0,0.05033365085540039,0.99,0.10393288607205142
sample_0002,spots,double_inhibitor,0.43210888252149,0.454,0.1,6,2.8552991373453113e-07,True,0.45068674698795186,0.9147080686607829,-0.32425125865608945,236.77459501349517,0.04299347969440998,0.007297914123454088,1.0,0.0065571776547216085,1.0,0.02658342495919201,1.0,0.052935173077141226,0.9725,0.1076606360311694
sample_0002,spots,double_inhibitor,0.43210888252149,0.454,0.1,7,2.764695844937637e-10,True,0.45068674698795186,0.22384623082355137,-0.09337149619759488,17.427152946241083,0.04299347969440998,0.007297914123454088,1.0,0.0035469058096280113,1.0,0.0335190510467915,0.91,0.06521444895809869,0.635,0.12227723778526196
sample_0002,spots,double_inhibitor,0.43210888252149,0.454,0.1,8,7.338736146336843e-08,True,0.4346265060240964,0.05300544313017497,-0.4615784254976605,1022.7662398382728,0.005826363688511348,0.04267289422005198,1.0,0.004848440638079777,1.0,0.027051425387857438,0.9975,0.05313934827145799,0.9125,0.09154519862001916
sample_0002,spots,double_inhibitor,0.43210888252149,0.454,0.1,9,4.4972064834357136e-06,True,0.4346265060240964,0.033312714579547986,-0.09337125679439251,315.7892998663892,0.005826363688511348,0.04267289422005198,1.0,1.277215044684371e-16,0.9975,0.02824934684163158,0.9325,0.055586299346463065,0.7575,0.10489081690416767
sample_0002,spots,double_inhibitor,0.43210888252149,0.454,0.1,10,3.1766201846167435e-06,True,0.45068674698795186,0.11946969409870434,-0.06161758306647666,149.00589671289384,0.04299347969440998,0.007297914123454088,1.0,0.017767977788607652,1.0,0.026319842523828307,0.97,0.05060738895853642,0.745,0.1001407850348458
sample_0002,spots,double_inhibitor,0.43210888252149,0.454,0.1,11,2.8786562335925436e-08,True,0.4346265060240964,0.11832902114387833,-0.035783593192211915,108.43368829050088,0.005826363688511348,0.04267289422005198,1.0,0.0018451096783415966,1.0,0.024645978558670123,0.95,0.05634371743924077,0.79,0.09965731724748245
sample_0002,spots,double_inhibitor,0.43210888252149,0.454,0.2,0,4.7112369030328437e-07,True,0.45068674698795186,0.3283732227250855,-0.14120376289098335,104.46056448933665,0.04299347969440998,0.007297914123454088,1.0,0.017886827376051198,1.0,0.027410643207075654,0.9975,0.05297843407301391,0.9275,0.10463668218523883
sample_0002,spots,double_inhibitor,0.43210888252149,0.454,0.2,1,1.4429071126270247e-07,True,0.4346265060240964,0.13120991541766358,-0.08756430792270686,263.66538563220087,0.005826363688511348,0.04267289422005198,1.0,1.277215044684371e-16,1.0,0.027133235147917323,1.0,0.05087584096116934,0.9425,0.10028753866929069
sample_0002,spots,double_inhibitor,0.43210888252149,0.454,0.2,2,4.063180952251973e-07,True,0.4346265060240964,0.24297032706607524,-0.2476900350334672,1493.6501815668946,0.005826363688511348,0.04267289422005198,1.0,0.011126661417279032,1.0,0.025883048450772363,1.0,0.04951660094610049,1.0,0.10239382238269752
sample_0002,spots,double_inhibitor,0.43210888252149,0.454,0.2,3,2.8773087396044766e-06,True,0.45068674698795186,0.2206828552126634,-0.15163569349893125,187.1984401247434,0.04299347969440998,0.007297914123454088,1.0,0.018133768516516845,1.0,0.02701328112455901,1.0,0.05241445801977455,0.9475,0.10456626565532091
sample_0002,spots,double_inhibitor,0.43210888252149,0.454,0.2,4,1.9036717433532272e-05,True,0.4346265060240964,0.1351059690541323,-0.07009994325808028,137.4070034687346,0.005826363688511348,0.04267289422005198,1.0,0.015243860994401254,1.0,0.025755653366592603,0.9825,0.05299197586551434,0.825,0.1063726753539537
sample_0002,spots,double_inhibitor,0.43210888252149,0.454,0.2,5,7.500846261039404e-07,True,0.41856626506024097,0.09337527796844469,-0.4656723696009424,486.2181643547942,0.03134075231738729,0.07804787431664988,1.0,0.01343523752743981,1.0,0.02580291082042325,1.0,0.05391067581880087,0.9975,0.10688718783930277
sample_0002,spots,double_inhibitor,0.43210888252149,0.454,0.2,6,4.571995018386058e-07,True,0.45068674698795186,0.5933153391982628,-0.636122940260895,401.75582958108754,0.04299347969440998,0.007297914123454088,1.0,0.013546705427883488,1.0,0.026842651112195123,1.0,0.05372068172240325,1.0,0.1065161040830352
sample_0002,spots,double_inhibitor,0.43210888252149,0.454,0.2,7,9.934680322522815e-08,True,0.4346265060240964,0.2690546025343572,-0.24435911027894552,296.48070349132445,0.005826363688511348,0.04267289422005198,1.0,0.012466868011202658,1.0,0.025259067639622306,1.0,0.04913935796524298,0.9875,0.10766151157754757
sample_0002,spots,double_inhibitor,0.43210888252149,0.454,0.2,8,3.72582458765217e-09,True,0.4346265060240964,0.14507627352376495,-0.8339176275374235,462.4016481007627,0.005826363688511348,0.04267289422005198,1.0,0.0031872152502422963,1.0,0.027521490893544834,1.0,0.05170231255217413,0.995,0.10284031460988828
sample_0002,spots,double_inhibitor,0.43210888252149,0.454,0.2,9,0.0001307474841643174,True,0.4346265060240964,0.2593355357140652,-0.2347276710986843,256.24009688876055,0.005826363688511348,0.04267289422005198,1.0,0.013713730939940048,1.0,0.027307511162177157,1.0,0.05317238409924869,0.975,0.09847059400692298
sample_0002,spots,double_inhibitor,0.43210888252149,0.454,0.2,10,7.475204965991063e-05,True,0.45068674698795186,0.509577214133051,-0.39968241162770424,77.0563777909569,0.04299347969440998,0.007297914123454088,1.0,0.0035443788273997632,1.0,0.027461713592373725,1.0,0.05606317581098541,0.9825,0.10479022729008487
sample_0002,spots,double_inhibitor,0.43210888252149,0.454,0.2,11,3.5692816722721765e-06,True,0.45068674698795186,0.5323263947537278,-0.4568435462292584,311.10818663956906,0.04299347969440998,0.007297914123454088,1.0,0.009114911254264446,1.0,0.027510109725196286,1.0,0.053070475914314456,0.985,0.10764078931968636
sample_0002,spots,double_inhibitor,0.43210888252149,0.454,0.35,0,0.004514816163437264,True,0.41856626506024097,0.22825450248752333,-0.07462587580189939,103.12449087221876,0.03134075231738729,0.07804787431664988,1.0,1.326221338532109e-16,1.0,0.027908536543414495,0.9425,0.053834574138451205,0.7675,0.0983737333734961
sample_0002,spots,double_inhibitor,0.43210888252149,0.454,0.35,1,0.006489688183453201,True,0.4025060240963856,0.03913967436771504,-0.005294093766185171,25.93846334941614,0.06850786832328579,0.11342285441324763,1.0,0.004430846219569777,0.7325,0.030789693451865902,0.49,0.05302968764199773,0.3425,0.10643684446024423
sample_0002,spots,double_inhibitor,0.43210888252149,0.454,0.35,2,1.5718574996400392e-05,True,0.4346265060240964,0.21878064967136623,-1.3981050916990536,1029.368204740788,0.005826363688511348,0.04267289422005198,1.0,1.277215044684371e-16,1.0,0.027599744854692045,1.0,0.05402721246388999,1.0,0.10135422340548363
sample_0002,spots,double_inhibitor,0.43210888252149,0.454,0.35,3,0.002237980013162607,True,0.46674698795180725,0.4717283985315035,-0.5944850707506866,316.26975360235576,0.08016059570030849,0.028077065973143682,1.0,0.0029679348268785025,1.0,0.026042358267928143,1.0,0.04853217348923964,0.9975,0.09766044025881203
sample_0002,spots,double_inhibitor,0.43210888252149,0.454,0.35,4,2.0540545005491235e-06,True,0.4346265060240964,0.09962413089246525,-1.1048907593384774,553.2339645878893,0.005826363688511348,0.04267289422005198,1.0,0.0026068295676537575,1.0,0.028082707820934593,1.0,0.05312820589925294,0.985,0.10808300192496745
sample_0002,spots,double_inhibitor,0.43210888252149,0.454,0.35,5,0.00016390451323449067,True,0.45068674698795186,0.3704299516885321,-0.31725495095038014,320.17494001052717,0.04299347969440998,0.007297914123454088,1.0,0.002513022856875233,1.0,0.02766735563694718,1.0,0.05268333207814471,0.995,0.09829304537941387
sample_0002,spots,double_inhibitor,0.43210888252149,0.454,0.35,6,9.964071555773258e-06,True,0.4346265060240964,0.22033877465209173,-0.27182681563759514,1054.0430242731506,0.005826363688511348,0.04267289422005198,1.0,0.007029979647849374,1.0,0.027057593289730602,1.0,0.053991064371438795,1.0,0.1011923899847098
sample_0002,spots,double_inhibitor,0.43210888252149,0.454,0.35,7,2.0296492379494056e-06,True,0.45068674698795186,0.25362936922917,-0.3223173222819914,212.51747224954835,0.04299347969440998,0.007297914123454088,1.0,0.015406135886004455,1.0,0.02573330851155971,1.0,0.05297666102849348,0.98,0.09794629208556649
sample_0002,spots,double_inhibitor,0.43210888252149,0.454,0.35,8,1.3380509429036311e-05,True,0.4346265060240964,0.19164292451620568,-0.2523332441853172,352.73770621760093,0.005826363688511348,0.04267289422005198,1.0,1.277215044684371e-16,1.0,0.025805868391336008,1.0,0.0530764320307646,1.0,0.10234082604019125
sample_0002,spots,double_inhibitor,0.43210888252149,0.454,0.35,9,4.524289114232385e-05,True,0.4346265060240964,0.17924089781792496,-0.24893789745643624,701.9396590121762,0.005826363688511348,0.04267289422005198,1.0,0.016417789050428382,1.0,0.02723161486817295,1.0,0.05283637710259033,1.0,0.10704553236702187
sample_0002,spots,double_inhibitor,0.43210888252149,0.454,0.35,10,0.0011033827579681565,True,0.46674698795180725,0.19527451299219845,-0.35207468299221345,104.97162722599518,0.08016059570030849,0.028077065973143682,1.0,0.01744130027149672,1.0,0.027462438475792394,1.0,0.054556700742078926,0.97,0.10910276197003481
sample_0002,spots,double_inhibitor,0.43210888252149,0.454,0.35,11,0.001488764666390021,True,0.46674698795180725,0.29009479562371077,-0.3043860883236506,157.6847080763101,0.08016059570030849,0.028077065973143682,1.0,0.006951362818978652,1.0,0.02643641741526129,1.0,0.05220221974648296,0.985,0.098890475748659
sample_0003,spots,double_inhibitor,0.27169627507163324,0.291,0.0,0,2.8306230169159038e-11,True,0.2900843373493976,0.26210893864846607,-0.24338895165276372,149.02909742577182,0.06767874264347681,0.003146607046743605,1.0,0.014867202525525309,1.0,0.03028241384852111,1.0,0.0514621653214991,0.99,0.09633728466563171
sample_0003,spots,double_inhibitor,0.27169627507163324,0.291,0.0,1,8.2438445150887e-11,True,0.2740240963855422,0.1240021175212469,-0.3541816720526392,274.107409592727,0.00856773363306224,0.05833643853765559,1.0,0.0247674599802155,1.0,0.032208196629246046,1.0,0.05507886394502443,0.975,0.103014638184597
sample_0003,spots,double_inhibitor,0.27169627507163324,0.291,0.0,2,1.4245251052613291e-11,True,0.2900843373493976,0.18662173551749017,-0.04863455744463363,56.952237118866016,0.06767874264347681,0.003146607046743605,1.0,0.0,0.96,0.02726104004582127,0.725,0.04818179110381429,0.4825,0.09835888976897392
sample_0003,spots,double_inhibitor,0.27169627507163324,0.291,0.0,3,2.535847310994712e-11,True,0.2740240963855422,0.17609391022322285,-0.11626337280410054,332.1808412473701,0.00856773363306224,0.05833643853765559,1.0,2.0257762716296166e-16,1.0,0.026352422279431523,1.0,0.048136176362952664,0.9625,0.08961343345740924
sample_0003,spots,double_inhibitor,0.27169627507163324,0.291,0.0,4,1.5569907047726722e-10,True,0.2740240963855422,0.23115499655545513,-0.06675344412694853,930.7951467332226,0.00856773363306224,0.05833643853765559,1.0,2.0257762716296166e-16,1.0,0.027709469754449902,0.995,0.052034235544611875,0.9,0.0977904611195364
sample_0003,spots,double_inhibitor,0.27169627507163324,0.291,0.0,5,1.0297039306907913e-08,True,0.2900843373493976,0.203414654483546,-0.00011367844812371075,108.8074640261204,0.06767874264347681,0.003146607046743605,0.505,0.006691240287095612,0.525,0.05209726131838347,0.4875,0.10928023107186438,0.4225,0.18568140702422117
sample_0003,spots,double_inhibitor,0.27169627507163324,0.291,0.0,6,5.275507961721911e-14,True,0.2740240963855422,0.4455094483499398,-0.040050848773635184,641.7385900134519,0.00856773363306224,0.05833643853765559,1.0,2.0257762716296166e-16,0.9675,0.02734742223417616,0.8175,0.046955617477210713,0.6575,0.09779623655791536
sample_0003,spots,double_inhibitor,0.27169627507163324,0.291,0.0,7,7.947511697699997e-11,True,0.2740240963855422,0.579954201643722,-0.0516241360051477,287.9604911076261,0.00856773363306224,0.05833643853765559,0.9175,0.0,0.58,0.027296793231482184,0.53,0.047400901242473314,0.5025,0.09630177073714855
sample_0003,spots,double_inhibitor,0.27169627507163324,0.291,0.0,8,4.0440092891148954e-10,True,0.2900843373493976,0.11742314097978479,-0.14462410527166347,240.55568522245787,0.06767874264347681,0.003146607046743605,1.0,0.0,1.0,0.02599584746569368,0.9325,0.046324099390827954,0.785,0.08598312401566652
sample_0003,spots,double_inhibitor,0.27169627507163324,0.291,0.0,9,2.5644791051774622e-11,True,0.2740240963855422,0.09330001594500459,-0.0956781770563141,1801.813594113696,0.00856773363306224,0.05833643853765559,1.0,0.009569187112541067,1.0,0.029324545799617106,1.0,0.047959723444009235,0.935,0.09312188117912513
sample_0003,spots,double_inhibitor,0.27169627507163324,0.291,0.0,10,1.9658878501964706e-09,True,0.2740240963855422,0.389552271289892,-0.038101242952241265,462.0968665606647,0.00856773363306224,0.05833643853765559,1.0,2.0257762716296166e-16,0.9875,0.023106934712909727,0.875,0.04891798937742554,0.6725,0.08514089343411865
sample_0003,spots,double_inhibitor,0.27169627507163324,0.291,0.0,11,1.284169028096832e-06,True,0.2740240963855422,0.6387369366443139,-0.006126238141732909,2652.9383967104122,0.00856773363306224,0.05833643853765559,0.9175,0.0,0.595,0.03276353153135622,0.525,0.05702547786649536,0.47,0.11192302481333335
sample_0003,spots,double_inhibitor,0.27169627507163324,0.291,0.05,0,1.2599217316884826e-07,True,0.2900843373493976,0.20253406136579954,-0.13800393197322558,312.48962328077414,0.06767874264347681,0.003146607046743605,1.0,0.016888010795350124,1.0,0.031586794689530615,0.9525,0.05312228698535494,0.8275,0.10241999539226353
sample_0003,spots,double_inhibitor,0.27169627507163324,0.291,0.05,1,1.237362309450077e-10,True,0.2900843373493976,0.24980745533214588,-0.029244071607892885,1227.735725071201,0.06767874264347681,0.003146607046743605,1.0,0.02720364675980515,0.9825,0.030817721394949114,0.825,0.052190321778040755,0.715,0.11175424770805917
sample_0003,spots,double_inhibitor,0.27169627507163324,0.291,0.05,2,0.7712785678949587,False,0.001,0.048054390301296546,0.04805981331811271,36.121351196744236,0.9963194195439877,0.9965635738831615,,,,,,,,
sample_0003,spots,double_inhibitor,0.27169627507163324,0.291,0.05,3,5.502754818781623e-09,True,0.2740240963855422,0.10442042689427211,-0.2829682959581916,259.03973332730857,0.00856773363306224,0.05833643853765559,1.0,0.02532199049299053,1.0,0.0290298942933016,1.0,0.05015200508301759,0.9525,0.09981484484517857
sample_0003,spots,double_inhibitor,0.27169627507163324,0.291,0.05,4,2.149200856377259e-06,True,0.2900843373493976,0.1995501676535385,-0.3799552107178816,107.13612331776346,0.06767874264347681,0.003146607046743605,1.0,0.006155339237386869,0.9975,0.03511244215622864,0.925,0.06459625134398,0.715,0.1063090544598643
sample_0003,spots,double_inhibitor,0.27169627507163324,0.291,0.05,5,1.006233700008018e-08,True,0.2740240963855422,0.10506090643595556,-0.10317061681471462,613.8661108149394,0.00856773363306224,0.05833643853765559,1.0,2.0257762716296166e-16,1.0,0.02643431326779015,1.0,0.04859881814794094,0.99,0.08932515574872021
sample_0003,spots,double_inhibitor,0.27169627507163324,0.291,0.05,6,2.203007281070393e-08,True,0.2900843373493976,0.13722942928410742,-0.07202393679730201,51.39981847862246,0.06767874264347681,0.003146607046743605,1.0,0.0,1.0,0.03033333657242909,0.9225,0.05586971428441577,0.6425,0.10166843038032491
sample_0003,spots,double_inhibitor,0.27169627507163324,0.291,0.05,7,1.1121027968673844e-07,True,0.25796385542168676,0.3364800239658905,-0.16196214326391684,8051.560315938305,0.05054327537735253,0.11352627002856777,1.0,0.018763322828373404,1.0,0.029504197733417885,1.0,0.047491156399876014,0.995,0.09361188881591119
sample_0003,spots,double_inhibitor,0.27169627507163324,0.291,0.05,8,1.2107177831539026e-07,True,0.2740240963855422,0.19969640288338475,-0.0925707229586504,198.77909100794105,0.00856773363306224,0.05833643853765559,1.0,0.027859227074737855,1.0,0.03486370573421687,1.0,0.06446250179893491,0.91,0.11712233558415475
sample_0003,spots,double_inhibitor,0.27169627507163324,0.291,0.05,9,5.385145361485989e-10,True,0.2740240963855422,0.6211894185888305,-0.10050070559637647,601.7813228502467,0.00856773363306224,0.05833643853765559,1.0,0.020317755849170928,1.0,0.030793135823002853,0.9475,0.054911685407472204,0.81,0.09229629247050727
sample_0003,spots,double_inhibitor,0.27169627507163324,0.291,0.05,10,1.8302092614004492e-08,True,0.25796385542168676,0.15525013888355144,-0.1916663838294883,369.549779758673,0.05054327537735253,0.11352627002856777,1.0,0.003108508535790124,1.0,0.033100942482134445,1.0,0.05506569240101758,0.955,0.09476720177064472
sample_0003,spots,double_inhibitor,0.27169627507163324,0.291,0.05,11,0.00033087287761647956,True,0.2740240963855422,0.3148563175950905,-0.16390384689248863,579.0219195740518,0.00856773363306224,0.05833643853765559,1.0,2.0257762716296166e-16,1.0,0.02856376110827354,1.0,0.056637131156270656,0.975,0.10567780527953877
sample_0003,spots,double_inhibitor,0.27169627507163324,0.291,0.1,0,1.0060249696376996e-06,True,0.2900843373493976,0.17806264529749072,-0.07936572438259526,92.27069289670227,0.06767874264347681,0.003146607046743605,1.0,0.0,1.0,0.02865464329091583,0.965,0.0504549849851712,0.7525,0.09014464872496615
sample_0003,spots,double_inhibitor,0.27169627507163324,0.291,0.1,1,2.26155808684733e-07,True,0.2740240963855422,0.10412632373905772,-0.05726181250625079,255.66814808993675,0.00856773363306224,0.05833643853765559,1.0,0.02831834455586379,1.0,0.029046193609230234,0.99,0.04813967850504623,0.8375,0.09192322274814564
sample_0003,spots,double_inhibitor,0.27169627507163324,0.291,0.1,2,2.5777034113934655e-06,True,0.2740240963855422,0.06423653028347864,-0.30919886339983926,327.6802963366595,0.00856773363306224,0.05833643853765559,1.0,2.0257762716296166e-16,1.0,0.02759357063566411,1.0,0.04446060474431636,0.9625,0.09102234944521827
sample_0003,spots,double_inhibitor,0.27169627507163324,0.291,0.1,3,2.3753719550796755e-05,True,0.2740240963855422,0.024052668756564977,-0.15315359052066418,256.3115230062599,0.00856773363306224,0.05833643853765559,1.0,2.0257762716296166e-16,1.0,0.024274776279344278,0.9375,0.04885970255016072,0.745,0.09235124236307246
sample_0003,spots,double_inhibitor,0.27169627507163324,0.291,0.1,4,2.843347949874163e-06,True,0.2740240963855422,0.040601943576733746,-0.17386228448371405,329.9897442729453,0.00856773363306224,0.05833643853765559,1.0,2.0257762716296166e-16,1.0,0.023608467852357505,0.995,0.04696358112032165,0.9075,0.08463018553978253
sample_0003,spots,double_inhibitor,0.27169627507163324,0.291,0.1,5,0.00012922829621617215,True,0.2900843373493976,0.8723604693756144,-0.2360239541904139,326.00846935857714,0.06767874264347681,0.003146607046743605,1.0,0.0,1.0,0.028527924656542046,0.99,0.051337307780653325,0.86,0.09213496023166691
sample_0003,spots,double_inhibitor,0.27169627507163324,0.291,0.1,6,3.025862257388226e-06,True,0.2740240963855422,0.0664382109466164,-0.01860690022835393,84.8142586045773,0.00856773363306224,0.05833643853765559,1.0,0.02782817645637293,0.9825,0.028770113781572203,0.8275,0.05266285309481612,0.5925,0.0908211894670573
sample_0003,spots,double_inhibitor,0.27169627507163324,0.291,0.1,7,1.5485767096905852e-07,True,0.2740240963855422,0.09956812854083807,-0.11129547757546732,2155.7686470052136,0.00856773363306224,0.05833643853765559,1.0,2.0257762716296166e-16,1.0,0.029774973226701033,1.0,0.054769449630798446,0.985,0.10612335945845756
sample_0003,spots,double_inhibitor,0.27169627507163324,0.291,0.1,8,1.4303261930816819e-06,True,0.2740240963855422,0.16538329037004118,-0.14625129032303397,901.4737035097183,0.00856773363306224,0.05833643853765559,1.0,0.008680417587430852,1.0,0.029978556198118008,1.0,0.05307169496949108,0.98,0.1034137715085143
sample_0003,spots,double_inhibitor,0.27169627507163324,0.291,0.1,9,2.430226985297696e-08,True,0.2740240963855422,0.38022236242712637,-0.025935419491864342,348.06296174363996,0.00856773363306224,0.05833643853765559,1.0,2.0257762716296166e-16,0.945,0.023562317716097177,0.7475,0.04507144827584446,0.6525,0.0892500793471539
sample_0003,spots,double_inhibitor,0.27169627507163324,0.291,0.1,10,2.477820362123178e-06,True,0.2740240963855422,0.24012478217450006,-0.13046570941376046,182.63124478303834,0.00856773363306224,0.05833643853765559,1.0,0.02167305626395371,1.0,0.028965021331272458,1.0,0.046971885313958905,0.9375,0.08373950751760177
sample_0003,spots,double_inhibitor,0.27169627507163324,0.291,0.1,11,0.00016074060607694122,False,0.2740240963855422,0.12342416599687844,0.006317198797485213,282.88793787764746,0.00856773363306224,0.05833643853765559,,,,,,,,
sample_0003,spots,double_inhibitor,0.27169627507163324,0.291,0.2,0,2.487432627172157e-07,True,0.2740240963855422,0.20385147284551142,-0.1518353681231096,168.30623042728794,0.00856773363306224,0.05833643853765559,1.0,0.014393766462999908,1.0,0.029733982013625662,1.0,0.05110037029612757,0.9775,0.09955972335518623
sample_0003,spots,double_inhibitor,0.27169627507163324,0.291,0.2,1,4.4479761836081935e-08,True,0.2740240963855422,0.1418859619953583,-0.4405422925142408,405.3373406388457,0.00856773363306224,0.05833643853765559,1.0,2.0257762716296166e-16,1.0,0.029935090846838923,1.0,0.05244920014063931,1.0,0.10729496938590986
sample_0003,spots,double_inhibitor,0.27169627507163324,0.291,0.2,2,4.053425523255746e-08,True,0.2740240963855422,0.17599168784047592,-0.1948464819782776,1005.6027450301244,0.00856773363306224,0.05833643853765559,1.0,2.0257762716296166e-16,1.0,0.03023565082078164,1.0,0.05379916546035018,0.9975,0.10282250243608876
sample_0003,spots,double_inhibitor,0.27169627507163324,0.291,0.2,3,2.9448539095006015e-05,True,0.2740240963855422,0.1580798337620628,-0.16393427044019931,310.4051742994884,0.00856773363306224,0.05833643853765559,1.0,2.0257762716296166e-16,1.0,0.025092065203067056,1.0,0.048251973804472076,0.9925,0.08684522286679282
sample_0003,spots,double_inhibitor,0.27169627507163324,0.291,0.2,4,2.16555632225884e-05,True,0.25796385542168676,0.25439480902122114,-0.2598153284297017,4661.154006931436,0.05054327537735253,0.11352627002856777,1.0,2.1518964794705528e-16,1.0,0.02587576524406097,1.0,0.043940589680682665,1.0,0.08614249618667001
sample_0003,spots,double_inhibitor,0.27169627507163324,0.291,0.2,5,3.5115764302802286e-05,True,0.2740240963855422,0.14328737750617293,-0.1897541577345172,1436.9913234440291,0.00856773363306224,0.05833643853765559,1.0,2.0257762716296166e-16,1.0,0.02429642060038065,1.0,0.04409774884215001,1.0,0.08446643264423405
sample_0003,spots,double_inhibitor,0.27169627507163324,0.291,0.2,6,3.6121478972766765e-05,True,0.2740240963855422,0.08143982502159375,-0.013159515242751385,139.64692375945765,0.00856773363306224,0.05833643853765559,1.0,0.016263916498400217,0.935,0.030401444176934474,0.7375,0.053485620602539,0.59,0.09905210125744313
sample_0003,spots,double_inhibitor,0.27169627507163324,0.291,0.2,7,0.00014130837356278445,True,0.2900843373493976,0.23044214803132235,-0.13567170084310787,224.48662713723337,0.06767874264347681,0.003146607046743605,1.0,0.02814666492759338,1.0,0.030640535393947753,1.0,0.05447062547462609,0.9775,0.106559116364256
sample_0003,spots,double_inhibitor,0.27169627507163324,0.291,0.2,8,4.421868863366099e-05,True,0.25796385542168676,0.17657569061408296,-0.08900846166501603,1173.4002094325629,0.05054327537735253,0.11352627002856777,1.0,2.1518964794705528e-16,1.0,0.02682872900068036,1.0,0.046687701440108975,0.97,0.09722449378648876
sample_0003,spots,double_inhibitor,0.27169627507163324,0.291,0.2,9,2.104290861127556e-05,True,0.25796385542168676,0.11146997450146934,-0.033962092246666575,748.6394630764755,0.05054327537735253,0.11352627002856777,1.0,2.1518964794705528e-16,1.0,0.026741201066776008,1.0,0.050930868661554496,0.9,0.10137802743886479
sample_0003,spots,double_inhibitor,0.27169627507163324,0.291,0.2,10,1.549103539782722e-10,True,0.2740240963855422,0.1037032089443839,-0.24481654376832407,333.71175379177697,0.00856773363306224,0.05833643853765559,1.0,2.0257762716296166e-16,1.0,0.02630631051101292,1.0,0.05057755244121786,1.0,0.09566446170630807
sample_0003,spots,double_inhibitor,0.27169627507163324,0.291,0.2,11,1.2801785608364857e-05,True,0.2740240963855422,0.25880699791455086,-0.3999361297054732,474.62084355733526,0.00856773363306224,0.05833643853765559,1.0,0.020022042249331927,1.0,0.028657327494536106,1.0,0.04548626292976277,0.9975,0.09398513365315943
sample_0003,spots,double_inhibitor,0.27169627507163324,0.291,0.35,0,0.00010148456594335122,True,0.2900843373493976,0.17980667552082608,-0.27308681546962144,247.10233978559543,0.06767874264347681,0.003146607046743605,1.0,0.011194758257561875,1.0,0.030149839905486895,1.0,0.05211192260848036,0.99,0.10045560380468248
sample_0003,spots,double_inhibitor,0.27169627507163324,0.291,0.35,1,7.602998681966065e-05,True,0.2740240963855422,0.11264312128418297,-0.35950035153455895,1337.7897691721373,0.00856773363306224,0.05833643853765559,1.0,0.0029272067481967198,1.0,0.027998302715643096,1.0,0.0440397726528086,1.0,0.08991336458284645
sample_0003,spots,double_inhibitor,0.27169627507163324,0.291,0.35,2,0.00019611758734646825,True,0.2740240963855422,0.25949943883522053,-0.4030234241897227,1004.5172894026667,0.00856773363306224,0.05833643853765559,1.0,2.0257762716296166e-16,1.0,0.02388739272721247,1.0,0.05019600132933484,1.0,0.09717034512854611
sample_0003,spots,double_inhibitor,0.27169627507163324,0.291,0.35,3,0.0005013278039497406,True,0.25796385542168676,0.16335481306284905,-0.21150419551564995,553.8649208298635,0.05054327537735253,0.11352627002856777,1.0,0.026545221454974496,1.0,0.030709327017509665,1.0,0.04529070551495747,1.0,0.0811678532171134
sample_0003,spots,double_inhibitor,0.27169627507163324,0.291,0.35,4,9.733009306649726e-05,True,0.2740240963855422,0.21192981681499035,-0.38102565974997615,653.2809610914101,0.00856773363306224,0.05833643853765559,1.0,2.0257762716296166e-16,1.0,0.02670712029611469,1.0,0.05130270098680304,1.0,0.09898540132642716
sample_0003,spots,double_inhibitor,0.27169627507163324,0.291,0.35,5,0.0004997251323614653,True,0.2740240963855422,0.11163903350242421,-0.11222240234995573,127.45554262984922,0.00856773363306224,0.05833643853765559,1.0,2.0257762716296166e-16,1.0,0.02286281139520458,1.0,0.04360150699897324,0.9725,0.09015940114205392
sample_0003,spots,double_inhibitor,0.27169627507163324,0.291,0.35,6,0.7017611062053756,False,0.001,0.040733102733705534,0.04073669213449349,160.83255765699752,0.9963194195439877,0.9965635738831615,,,,,,,,
sample_0003,spots,double_inhibitor,0.27169627507163324,0.291,0.35,7,0.0004343183270173306,True,0.24190361445783135,0.04720450088840611,-0.20325282180622806,1091.1163967566918,0.1096542843877672,0.16871610151947986,1.0,2.2947631996186864e-16,1.0,0.02866466028093248,1.0,0.04836792694149712,0.995,0.09143077834236635
sample_0003,spots,double_inhibitor,0.27169627507163324,0.291,0.35,8,5.9067354842356747e-05,True,0.2900843373493976,0.20037124499697967,-0.2223572142483052,236.66233776027659,0.06767874264347681,0.003146607046743605,1.0,0.00726664693630898,1.0,0.030167490404343106,1.0,0.05667331409550543,0.9825,0.09954023376310327
sample_0003,spots,double_inhibitor,0.27169627507163324,0.291,0.35,9,0.0003187284774419103,True,0.2740240963855422,0.15272169686069503,-0.35144445468686436,964.3669651915628,0.00856773363306224,0.05833643853765559,1.0,2.0257762716296166e-16,1.0,0.025192503335120693,1.0,0.043403356394945476,1.0,0.08735618602291638
sample_0003,spots,double_inhibitor,0.27169627507163324,0.291,0.35,10,0.0002506521803308068,True,0.25796385542168676,0.06895601429053855,-0.3182877684382931,562.2377994433423,0.05054327537735253,0.11352627002856777,1.0,2.1518964794705528e-16,1.0,0.026556413349239395,1.0,0.045630239540994405,0.9975,0.08559351550074644
sample_0003,spots,double_inhibitor,0.27169627507163324,0.291,0.35,11,8.009713897840476e-05,True,0.2740240963855422,0.25027932452462487,-0.49740585669038684,272.63664539696117,0.00856773363306224,0.05833643853765559,1.0,0.027763694739444667,1.0,0.028477774777572136,1.0,0.04460738709457667,0.9925,0.0818471004496196
sample_0004,labyrinth,double_inhibitor,0.2616704871060172,0.283,0.0,0,5.535214078501874e-12,True,0.2740240963855422,0.14198765783698608,-0.044121099253179974,51.387895517289415,0.047210556360984916,0.031716973902677636,1.0,2.0257762716296166e-16,0.9975,0.029631081689808117,0.945,0.059297258802042556,0.745,0.10981950487544108
sample_0004,labyrinth,double_inhibitor,0.2616704871060172,0.283,0.0,1,1.6672341496940043e-11,True,0.2740240963855422,0.08402804175549172,-0.032566041941819,34.377988505195425,0.047210556360984916,0.031716973902677636,1.0,2.0257762716296166e-16,0.995,0.032392736209605894,0.85,0.05533281540904772,0.53,0.10981712033058416
sample_0004,labyrinth,double_inhibitor,0.2616704871060172,0.283,0.0,2,2.8127939393925143e-13,True,0.2740240963855422,0.10959350175164806,-0.0410570547754916,89.3845249912264,0.047210556360984916,0.031716973902677636,1.0,0.00821487022688397,1.0,0.031121558713941018,0.99,0.057570135642050706,0.8525,0.11078078015676639
sample_0004,labyrinth,double_inhibitor,0.2616704871060172,0.283,0.0,3,1.918097190027154e-12,True,0.25796385542168676,0.1699378903712141,-0.06589977245254963,401.77541118745677,0.014165264586482311,0.08846694197283822,1.0,2.1518964794705528e-16,1.0,0.028570884497070313,0.9975,0.05694511687268055,0.9175,0.09581508026087036
sample_0004,labyrinth,double_inhibitor,0.2616704871060172,0.283,0.0,4,0.12129792194545017,True,0.4025060240963856,1.1080752038289976,-0.3104614271417976,20.65476458971021,0.5382171239407221,0.4222827706586064,1.0,0.011743974823683195,0.9375,0.03463153525081406,0.72,0.06231468518518531,0.475,0.11475117559112684
sample_0004,labyrinth,double_inhibitor,0.2616704871060172,0.283,0.0,5,7.3914104850723975e-09,True,0.2740240963855422,0.02073349678864611,-9.14154690772051e-05,12.192896334244832,0.047210556360984916,0.031716973902677636,0.515,0.005743532895259368,0.3575,0.03361165791460355,0.2725,0.05471220859850811,0.235,0.1236445378604872
sample_0004,labyrinth,double_inhibitor,0.2616704871060172,0.283,0.0,6,1.0590717148581364e-08,True,0.2740240963855422,0.4480164454833844,-0.11072066098195643,78.24805990164174,0.047210556360984916,0.031716973902677636,0.93,0.013177723047413744,0.58,0.032488710520562444,0.54,0.05447290850472263,0.43,0.10456999405347174
sample_0004,labyrinth,double_inhibitor,0.2616704871060172,0.283,0.0,7,1.0239739631150951e-11,True,0.2740240963855422,0.06869362122163425,-0.06449490818768655,68.96678742253928,0.047210556360984916,0.031716973902677636,1.0,0.013112060153114932,1.0,0.035717785812062385,0.9025,0.05880347311204534,0.7075,0.1203219034692922
sample_0004,labyrinth,double_inhibitor,0.2616704871060172,0.283,0.0,8,1.4250241795860586e-11,True,0.2740240963855422,0.17467219442024473,-0.052019305019355894,24.77236048996576,0.047210556360984916,0.031716973902677636,1.0,2.0257762716296166e-16,0.9975,0.0330157228659835,0.93,0.060770964412405974,0.72,0.11169817055141432
sample_0004,labyrinth,double_inhibitor,0.2616704871060172,0.283,0.0,9,3.2272210165076976e-11,True,0.2740240963855422,0.06595447463993143,-0.05605673808584699,88.27723652788912,0.047210556360984916,0.031716973902677636,1.0,2.0257762716296166e-16,0.9975,0.03254686091629285,0.8975,0.06735589939019053,0.6525,0.11393646014725087
sample_0004,labyrinth,double_inhibitor,0.2616704871060172,0.283,0.0,10,4.321375959086329e-11,True,0.2740240963855422,0.25518909121335565,-0.18415192694871507,41.00045050863812,0.047210556360984916,0.031716973902677636,1.0,0.002926349072555984,0.9525,0.0343152930665295,0.7675,0.05390679484214882,0.67,0.117011584016835
sample_0004,labyrinth,double_inhibitor,0.2616704871060172,0.283,0.0,11,2.76948869087946e-10,True,0.2740240963855422,0.07790869293154001,-0.0332314379425801,41.48222885393794,0.047210556360984916,0.031716973902677636,1.0,0.002926349072555985,0.8975,0.03916510186477252,0.7175,0.06468390799945577,0.5675,0.11908070056200876
sample_0004,labyrinth,double_inhibitor,0.2616704871060172,0.283,0.05,0,1.0614966863390618e-09,True,0.25796385542168676,0.022530162937880682,-0.4022658374352295,613.0529828499975,0.014165264586482311,0.08846694197283822,1.0,2.1518964794705528e-16,1.0,0.02985248179015441,0.9975,0.05311179724173929,0.9125,0.10219171497078719
sample_0004,labyrinth,double_inhibitor,0.2616704871060172,0.283,0.05,1,9.625795230410035e-10,True,0.25796385542168676,0.03605057122482913,-0.08005234699583019,211.64516795186913,0.014165264586482311,0.08846694197283822,1.0,2.1518964794705528e-16,1.0,0.02767691800462976,1.0,0.05408480195054061,0.945,0.1130800119393537
sample_0004,labyrinth,double_inhibitor,0.2616704871060172,0.283,0.05,2,1.2943119085050292e-08,True,0.25796385542168676,0.03283730956591535,-0.21599806521243226,135.90363390955744,0.014165264586482311,0.08846694197283822,1.0,0.003108508535790125,1.0,0.030187950632149723,1.0,0.059698388070699694,0.915,0.10811243462015964
sample_0004,labyrinth,double_inhibitor,0.2616704871060172,0.283,0.05,3,2.2361590726262247e-07,True,0.24190361445783135,0.047717500689942405,-0.023147423415257995,362.1062913953741,0.07554108553394943,0.1452169100429987,1.0,0.03360355593793541,0.995,0.035967293920794216,0.905,0.055538094801834234,0.685,0.09988246059059415
sample_0004,labyrinth,double_inhibitor,0.2616704871060172,0.283,0.05,4,3.007716006790772e-08,True,0.2740240963855422,0.15508477324865844,-0.17887443664290492,68.01052174350122,0.047210556360984916,0.031716973902677636,1.0,2.0257762716296166e-16,1.0,0.03161158049835153,1.0,0.055738842456349504,0.955,0.10610979801106817
sample_0004,labyrinth,double_inhibitor,0.2616704871060172,0.283,0.05,5,4.832267609235273e-08,True,0.2740240963855422,0.03116236980969811,-0.004486819380050189,63.84491851890258,0.047210556360984916,0.031716973902677636,1.0,0.02002588586252139,0.8575,0.03154010614014078,0.6625,0.04944605699763662,0.4725,0.09340528249146231
sample_0004,labyrinth,double_inhibitor,0.2616704871060172,0.283,0.05,6,6.7297403205408026e-09,True,0.2740240963855422,0.04459051671332581,-0.0865126549417381,84.66731044699493,0.047210556360984916,0.031716973902677636,1.0,0.020964148192986035,1.0,0.03136280736687326,0.9975,0.05499126940384839,0.9025,0.10034839870006214
sample_0004,labyrinth,double_inhibitor,0.2616704871060172,0.283,0.05,7,3.7076012374848485e-06,True,0.2740240963855422,0.07224362379286009,-0.1733154272829026,16.775744191238214,0.047210556360984916,0.031716973902677636,1.0,0.0029263490725559846,1.0,0.0374808641789187,0.945,0.0718932192606816,0.65,0.12423978703292403
sample_0004,labyrinth,double_inhibitor,0.2616704871060172,0.283,0.05,8,2.2947491704118017e-07,True,0.2740240963855422,0.13084040310054257,-0.0690382797914782,31.653839071607447,0.047210556360984916,0.031716973902677636,1.0,2.0257762716296166e-16,1.0,0.03190906370038443,0.985,0.05792006843495649,0.8225,0.1123807873851926
sample_0004,labyrinth,double_inhibitor,0.2616704871060172,0.283,0.05,9,5.954801909051395e-08,True,0.25796385542168676,0.0574218324141178,-0.027895204670831397,146.64269150351367,0.014165264586482311,0.08846694197283822,1.0,0.02869118230955245,0.98,0.03426904506276256,0.84,0.05951950696761354,0.7025,0.10331636558186463
sample_0004,labyrinth,double_inhibitor,0.2616704871060172,0.283,0.05,10,2.800251476732869e-07,True,0.2740240963855422,0.19564100574468624,-0.13231494700453372,41.68901309942904,0.047210556360984916,0.031716973902677636,1.0,2.0257762716296166e-16,1.0,0.03184296596106641,1.0,0.05918241802526369,0.9175,0.10976617278294776
sample_0004,labyrinth,double_inhibitor,0.2616704871060172,0.283,0.05,11,8.051477267227154e-09,True,0.2740240963855422,0.03909034672705003,-0.0063881371800134645,61.62460834569105,0.047210556360984916,0.031716973902677636,1.0,0.013967952730381959,0.865,0.03175743710582806,0.675,0.04972312226800713,0.5225,0.09074094614791055
sample_0004,labyrinth,double_inhibitor,0.2616704871060172,0.283,0.1,0,1.261483383857564e-07,True,0.25796385542168676,0.14561519652969412,-0.10274250975838095,331.7729210432826,0.014165264586482311,0.08846694197283822,1.0,2.1518964794705528e-16,1.0,0.03079858948807125,1.0,0.05819332015795124,0.9975,0.10165286875508552
sample_0004,labyrinth,double_inhibitor,0.2616704871060172,0.283,0.1,1,1.575512429405955e-08,True,0.2740240963855422,0.187299500615004,-0.08113147594155867,126.79188235398546,0.047210556360984916,0.031716973902677636,1.0,2.0257762716296166e-16,1.0,0.03170068916002105,0.9975,0.05467879036679408,0.9,0.1113751581348073
sample_0004,labyrinth,double_inhibitor,0.2616704871060172,0.283,0.1,2,0.16213300381443196,True,0.41856626506024097,0.7748388643168003,-0.03798742918613282,43.242791344510316,0.5995929448881891,0.47903273872876684,1.0,0.0019162666970802694,0.795,0.031924441892088685,0.6675,0.05973089650713984,0.57,0.12088697856158691
sample_0004,labyrinth,double_inhibitor,0.2616704871060172,0.283,0.1,3,2.535772885221873e-09,True,0.2740240963855422,0.19092525418032213,-0.04189257801873314,235.32080579321098,0.047210556360984916,0.031716973902677636,1.0,0.030066265773789232,1.0,0.03167597009930245,0.96,0.056150066377052756,0.8625,0.10960467463595949
sample_0004,labyrinth,double_inhibitor,0.2616704871060172,0.283,0.1,4,0.0004942309624016163,False,0.2097831325301205,0.01203788315917742,0.007569987715894011,83.25557840376682,0.19829272742888376,0.25871684618331975,,,,,,,,
sample_0004,labyrinth,double_inhibitor,0.2616704871060172,0.283,0.1,5,1.6025945440684052e-11,True,0.25796385542168676,0.21557628059012313,-0.02199439555995597,394.8222135041137,0.014165264586482311,0.08846694197283822,1.0,0.0031085085357901244,0.975,0.02974410366060312,0.825,0.05670163050907062,0.675,0.10689136163463361
sample_0004,labyrinth,double_inhibitor,0.2616704871060172,0.283,0.1,6,2.187426181811828e-07,True,0.2740240963855422,0.1544903530923314,-0.15889695042308016,114.91562629217039,0.047210556360984916,0.031716973902677636,1.0,2.0257762716296166e-16,1.0,0.029368023723676594,1.0,0.05536622119837532,0.9875,0.11043931056905207
sample_0004,labyrinth,double_inhibitor,0.2616704871060172,0.283,0.1,7,1.0408799308501405e-05,True,0.2740240963855422,0.05415761553583209,-0.1551377164863973,61.311534637554026,0.047210556360984916,0.031716973902677636,1.0,0.0029272067481967198,1.0,0.03322013540918102,0.9925,0.06254225897645457,0.81,0.1241000475548862
sample_0004,labyrinth,double_inhibitor,0.2616704871060172,0.283,0.1,8,0.003512420049440691,False,0.001,0.011631923918497544,0.01163206109576398,243.86422598483395,0.9961783997459567,0.9964664310954063,,,,,,,,
sample_0004,labyrinth,double_inhibitor,0.2616704871060172,0.283,0.1,9,2.4756107791539186e-07,True,0.25796385542168676,0.06835035190632865,-0.08618309858247755,908.9259529887348,0.014165264586482311,0.08846694197283822,1.0,2.1518964794705528e-16,1.0,0.02793603080683284,1.0,0.05125620775888335,0.99,0.10596679203539998
sample_0004,labyrinth,double_inhibitor,0.2616704871060172,0.283,0.1,10,1.509224987171639e-06,True,0.2740240963855422,0.14855332393734821,-0.07225928846852292,44.527060393283975,0.047210556360984916,0.031716973902677636,1.0,2.0257762716296166e-16,1.0,0.029259630717134694,0.995,0.05802677322642079,0.82,0.10826404309650371
sample_0004,labyrinth,double_inhibitor,0.2616704871060172,0.283,0.1,11,0.19646365117646192,False,0.3703855421686747,0.695526819464396,0.09545478726731801,844.1382785194947,0.41546548204578765,0.30878283451828525,,,,,,,,
sample_0004,labyrinth,double_inhibitor,0.2616704871060172,0.283,0.2,0,5.1137796767175764e-05,True,0.2097831325301205,0.05363841209489184,-0.09491706144665035,1040.6549196389267,0.19829272742888376,0.25871684618331975,1.0,0.006601279050907043,1.0,0.03612439516871624,1.0,0.058061351651247234,0.98,0.10316435485793113
sample_0004,labyrinth,double_inhibitor,0.2616704871060172,0.283,0.2,1,1.6872822285167044e-05,True,0.2740240963855422,0.06482591105618773,-0.402482349844536,141.46033189626277,0.047210556360984916,0.031716973902677636,1.0,0.013112060153114932,1.0,0.032622644593220236,1.0,0.058210561475276736,0.94,0.10300529805282882
sample_0004,labyrinth,double_inhibitor,0.2616704871060172,0.283,0.2,2,0.9609602771830454,False,0.45068674698795186,0.9332015227704389,0.42778065144216415,152.9658555517016,0.7223445867831235,0.592532674869088,,,,,,,,
sample_0004,labyrinth,double_inhibitor,0.2616704871060172,0.283,0.2,3,6.1096070780957295e-06,True,0.25796385542168676,0.06230049652177794,-0.14426295834123004,647.9758644268477,0.014165264586482311,0.08846694197283822,1.0,2.1518964794705528e-16,1.0,0.02865078879659088,1.0,0.05158420567171862,0.995,0.1077282655739864
sample_0004,labyrinth,double_inhibitor,0.2616704871060172,0.283,0.2,4,2.509444311169855e-05,True,0.2740240963855422,0.07061087877229477,-0.3271790855566643,152.26647271176418,0.047210556360984916,0.031716973902677636,1.0,0.029627739811384564,1.0,0.033333528351190946,1.0,0.05988276414860614,0.9725,0.10920704005684556
sample_0004,labyrinth,double_inhibitor,0.2616704871060172,0.283,0.2,5,3.417534057634343e-05,True,0.2097831325301205,0.05695922102793993,-0.0689128052097534,503.0598387992198,0.19829272742888376,0.25871684618331975,1.0,1.323060404374684e-16,1.0,0.03563482563608415,1.0,0.05463304044509778,0.9625,0.10668734814427513
sample_0004,labyrinth,double_inhibitor,0.2616704871060172,0.283,0.2,6,6.741242794365574e-08,True,0.2740240963855422,0.11586987383597336,-0.06131763449358196,54.850429346655005,0.047210556360984916,0.031716973902677636,1.0,2.0257762716296166e-16,1.0,0.03014739709248177,0.9875,0.05863897751571638,0.8475,0.1104457511064061
sample_0004,labyrinth,double_inhibitor,0.2616704871060172,0.283,0.2,7,1.0422142266824593e-08,True,0.2740240963855422,0.1022363076964341,-0.0687714718624779,146.38007348150074,0.047210556360984916,0.031716973902677636,1.0,0.0029272067481967198,1.0,0.03104967164503146,1.0,0.058061430788921245,0.9375,0.09866045059916215
sample_0004,labyrinth,double_inhibitor,0.2616704871060172,0.283,0.2,8,0.0006160324265984835,True,0.25796385542168676,0.1705963895933591,-0.0015554413912960974,96.99375845557083,0.014165264586482311,0.08846694197283822,0.795,2.1518964794705528e-16,0.59,0.027952528626957063,0.59,0.05753099588700835,0.52,0.1041663068202403
sample_0004,labyrinth,double_inhibitor,0.2616704871060172,0.283,0.2,9,0.004014912037051393,False,0.001,0.012785864405172376,0.012786003095293541,58.487828193195234,0.9961783997459567,0.9964664310954063,,,,,,,,
sample_0004,labyrinth,double_inhibitor,0.2616704871060172,0.283,0.2,10,0.04421144390924191,True,0.33826506024096387,0.6166071367327373,-0.04998706861271046,105.0119813016654,0.2927138401508534,0.1952828983779643,1.0,0.008087667043417733,0.93,0.028442392266569173,0.7675,0.058090876644483945,0.62,0.09973209586662403
sample_0004,labyrinth,double_inhibitor,0.2616704871060172,0.283,0.2,11,4.7236134683295176e-05,True,0.24190361445783135,0.04636350819841084,-0.11613707446603039,460.96984057415,0.07554108553394943,0.1452169100429987,1.0,2.2947631996186864e-16,1.0,0.03084691305880235,1.0,0.053593831896981484,0.9425,0.10848409623797836
sample_0004,labyrinth,double_inhibitor,0.2616704871060172,0.283,0.35,0,1.2404113670923838e-05,True,0.2740240963855422,0.19023510148411304,-0.22339367947069144,488.5283057509701,0.047210556360984916,0.031716973902677636,1.0,0.02018775986922036,1.0,0.03038446014862083,1.0,0.05471777444018634,1.0,0.10559992290748856
sample_0004,labyrinth,double_inhibitor,0.2616704871060172,0.283,0.35,1,3.3209565232521995e-05,True,0.25796385542168676,0.08088736147595821,-0.21495511677356688,438.5170062763853,0.014165264586482311,0.08846694197283822,1.0,2.1518964794705528e-16,1.0,0.030249218505730514,1.0,0.055677802325036524,0.9975,0.09532583650868862
sample_0004,labyrinth,double_inhibitor,0.2616704871060172,0.283,0.35,2,0.00183379452552637,False,0.001,0.016821154445459285,0.016821238240193992,73.87457686749246,0.9961783997459567,0.9964664310954063,,,,,,,,
sample_0004,labyrinth,double_inhibitor,0.2616704871060172,0.283,0.35,3,0.0003818133650859271,True,0.17766265060240966,0.09383918796162405,-0.12656863522704032,8569.23102762772,0.321044369323818,0.37221678232364075,1.0,1.562262834732944e-16,1.0,0.03469515632094134,1.0,0.056282256489252454,1.0,0.10490349903965125
sample_0004,labyrinth,double_inhibitor,0.2616704871060172,0.283,0.35,4,0.00020383622236521442,True,0.24190361445783135,0.09758654637653308,-0.16949968789611392,1023.1816224631621,0.07554108553394943,0.1452169100429987,1.0,2.2947631996186864e-16,1.0,0.03132872329425808,1.0,0.0543052516750857,1.0,0.09891799673370903
sample_0004,labyrinth,double_inhibitor,0.2616704871060172,0.283,0.35,5,0.00026189028466260705,True,0.24190361445783135,0.048236043432678066,-0.11738871587310018,286.0813417814626,0.07554108553394943,0.1452169100429987,1.0,2.2947631996186864e-16,1.0,0.028710605594581953,1.0,0.05674797236515583,0.9675,0.1080260286696792
sample_0004,labyrinth,double_inhibitor,0.2616704871060172,0.283,0.35,6,1.265523759862754e-07,True,0.2740240963855422,0.1117713631620596,-0.11205792645437529,210.16962777737524,0.047210556360984916,0.031716973902677636,1.0,0.009163732839144012,1.0,0.030114444782852624,1.0,0.05196131489975381,0.9875,0.1045365846130955
sample_0004,labyrinth,double_inhibitor,0.2616704871060172,0.283,0.35,7,0.00012070333351128612,True,0.25796385542168676,0.1194234226657791,-0.1722151234978207,820.3441564320387,0.014165264586482311,0.08846694197283822,1.0,0.029146408174563262,1.0,0.0329116368616416,1.0,0.05338500026404815,1.0,0.10716076845417145
sample_0004,labyrinth,double_inhibitor,0.2616704871060172,0.283,0.35,8,0.0034899838912524086,True,0.2900843373493976,0.21726975837999785,-0.16640670750245398,66.69963381416875,0.10858637730845193,0.025032994167482753,1.0,0.004774670114932544,1.0,0.029427109522876412,0.9975,0.05718524803791463,0.9375,0.10985228799819302
sample_0004,labyrinth,double_inhibitor,0.2616704871060172,0.283,0.35,9,4.446232667553762e-06,True,0.25796385542168676,0.10146659961748927,-0.14919378314519038,263.6022470490481,0.014165264586482311,0.08846694197283822,1.0,0.008154654984118593,1.0,0.02975426703362395,1.0,0.05376020752770315,0.9975,0.10443214047277943
sample_0004,labyrinth,double_inhibitor,0.2616704871060172,0.283,0.35,10,0.42141494483634223,False,0.1455421686746988,0.5240977623985348,0.24348793891153342,397.05037888258704,0.44379601121875234,0.4857167184639618,,,,,,,,
sample_0004,labyrinth,double_inhibitor,0.2616704871060172,0.283,0.35,11,5.806777118276747e-05,True,0.25796385542168676,0.058626695725799705,-0.029366876895488503,99.74576296835436,0.014165264586482311,0.08846694197283822,1.0,2.1518964794705528e-16,1.0,0.029024411983953575,0.99,0.0568850210059976,0.88,0.1029155908260243
sample_0005,labyrinth,double_inhibitor,0.2917478510028654,0.267,0.0,0,8.153165117375485e-10,True,0.25796385542168676,0.3326034648976126,-0.2889367586584985,201.2441317435525,0.11579860987852421,0.033843238121023425,1.0,2.1518964794705528e-16,1.0,0.029359308511162356,0.9275,0.058005812102713425,0.7575,0.09450476418063604
sample_0005,labyrinth,double_inhibitor,0.2917478510028654,0.267,0.0,1,5.790537719382085e-11,True,0.25796385542168676,0.4244983315929245,-0.041366680704042924,115.78704909907057,0.11579860987852421,0.033843238121023425,0.9125,2.1518964794705528e-16,0.565,0.028577303402368026,0.5475,0.05394177631678638,0.52,0.10814728034551771
sample_0005,labyrinth,double_inhibitor,0.2917478510028654,0.267,0.0,2,1.436481541971075e-11,True,0.25796385542168676,0.15754960959188047,-0.128057361431981,98.7320884328142,0.11579860987852421,0.033843238121023425,1.0,2.1518964794705528e-16,1.0,0.031493418737444594,1.0,0.053844375392363426,0.92,0.10604802119568904
sample_0005,labyrinth,double_inhibitor,0.2917478510028654,0.267,0.0,3,0.00016482731445849233,False,0.25796385542168676,0.19892606204020735,0.0064109361520679475,57.3556050441431,0.11579860987852421,0.033843238121023425,,,,,,,,
sample_0005,labyrinth,double_inhibitor,0.2917478510028654,0.267,0.0,4,1.4168952172096945e-08,True,0.25796385542168676,0.03127321458852439,-0.24225167435265993,201.00375990100693,0.11579860987852421,0.033843238121023425,1.0,2.1518964794705528e-16,1.0,0.033480108418639784,0.9675,0.060632917346464685,0.83,0.11377963362626174
sample_0005,labyrinth,double_inhibitor,0.2917478510028654,0.267,0.0,5,0.007223539412619904,False,0.2900843373493976,0.6231722881937731,0.0018919802984918022,58.78962303523308,0.005701888283836741,0.0864581923198411,,,,,,,,
sample_0005,labyrinth,double_inhibitor,0.2917478510028654,0.267,0.0,6,0.0018960663244489415,False,0.2740240963855422,0.6938951723373528,0.0006192205248685689,197.08557609679863,0.06075024908118038,0.026307477099408946,,,,,,,,
sample_0005,labyrinth,double_inhibitor,0.2917478510028654,0.267,0.0,7,0.0027057768880193946,False,0.001,0.011089662366142505,0.011089788792868482,311.56571941239486,0.9965723826360243,0.9962546816479401,,,,,,,,
sample_0005,labyrinth,double_inhibitor,0.2917478510028654,0.267,0.0,8,7.279627166345329e-05,True,0.25796385542168676,0.7412743323903044,-0.12044453086330709,329.1236133086938,0.11579860987852421,0.033843238121023425,1.0,2.1518964794705528e-16,0.9975,0.0301904116280498,0.9125,0.054905336302533816,0.6575,0.09922993451483214
sample_0005,labyrinth,double_inhibitor,0.2917478510028654,0.267,0.0,9,2.749611142990912e-11,True,0.25796385542168676,0.27393901010895494,-0.003865071339353432,52.382333406727355,0.11579860987852421,0.033843238121023425,0.9125,2.1518964794705528e-16,0.6025,0.03247707950937955,0.5475,0.05838727514984365,0.435,0.10625308965989083
sample_0005,labyrinth,double_inhibitor,0.2917478510028654,0.267,0.0,10,2.0890024460068464e-13,True,0.25796385542168676,0.08251902984621262,-0.01804638694192115,34.70384223449467,0.11579860987852421,0.033843238121023425,1.0,2.1518964794705528e-16,0.9475,0.031611727078140986,0.7875,0.05883375717874267,0.56,0.11022018938438687
sample_0005,labyrinth,double_inhibitor,0.2917478510028654,0.267,0.0,11,0.019912848103627232,True,0.30614457831325304,0.5623193768203665,-0.004233645178695067,96.97316730020572,0.049346472513507086,0.14660890754027348,0.7425,0.020724722781595928,0.605,0.030004677990605758,0.52,0.0520281298827813,0.545,0.10188663200474415
sample_0005,labyrinth,double_inhibitor,0.2917478510028654,0.267,0.05,0,5.203751953785611e-08,True,0.25796385542168676,0.06974519794689371,-0.02802735444509355,77.0130139870998,0.11579860987852421,0.033843238121023425,1.0,0.003108508535790125,0.9675,0.030471463872311793,0.7225,0.052853800335933246,0.4525,0.10583520518454197
sample_0005,labyrinth,double_inhibitor,0.2917478510028654,0.267,0.05,1,3.2125494043770207e-09,True,0.25796385542168676,0.3319972930835604,-0.10460460576797126,240.19541104385826,0.11579860987852421,0.033843238121023425,1.0,2.1518964794705528e-16,1.0,0.029547886004511244,0.9875,0.05767840195322747,0.89,0.10789026222382639
sample_0005,labyrinth,double_inhibitor,0.2917478510028654,0.267,0.05,2,1.521171625901628e-08,True,0.25796385542168676,0.08144997879642357,-0.021511569870547698,126.91811288097429,0.11579860987852421,0.033843238121023425,1.0,2.1518964794705528e-16,0.9925,0.030922088060730407,0.8675,0.058024949165628434,0.63,0.10392805773610778
sample_0005,labyrinth,double_inhibitor,0.2917478510028654,0.267,0.05,3,1.9098149251619268e-10,True,0.25796385542168676,0.12662468500825952,-0.9662593599750102,1488.0755536879453,0.11579860987852421,0.033843238121023425,1.0,2.1518964794705528e-16,1.0,0.028148259650445782,1.0,0.05136723446155116,0.975,0.09908757458214983
sample_0005,labyrinth,double_inhibitor,0.2917478510028654,0.267,0.05,4,2.534637717552834e-07,True,0.2097831325301205,0.2469924751230952,-0.024696577342736947,2214.3371724611206,0.2809436922705555,0.21429538378232033,1.0,1.323060404374684e-16,0.995,0.026995705005536906,0.8675,0.05611867306310299,0.63,0.09974051940150871
sample_0005,labyrinth,double_inhibitor,0.2917478510028654,0.267,0.05,5,8.077974708421499e-09,True,0.25796385542168676,0.35494858741484947,-0.5679494612891918,383.43012770777585,0.11579860987852421,0.033843238121023425,1.0,2.1518964794705528e-16,1.0,0.030765742829319223,1.0,0.05530795811043339,0.99,0.09970723221410298
sample_0005,labyrinth,double_inhibitor,0.2917478510028654,0.267,0.05,6,2.624929284796202e-11,True,0.25796385542168676,0.06339951773549313,-0.036459818051833404,126.12841406590474,0.11579860987852421,0.033843238121023425,1.0,2.1518964794705528e-16,1.0,0.028199060751771803,0.9475,0.055973782226452246,0.6725,0.10215297491259182
sample_0005,labyrinth,double_inhibitor,0.2917478510028654,0.267,0.05,7,1.4597011151193748e-08,True,0.25796385542168676,0.23361690729332096,-0.12861720411574085,412.5460435791988,0.11579860987852421,0.033843238121023425,1.0,2.1518964794705528e-16,1.0,0.030740300944633633,1.0,0.05552926498700367,0.96,0.10714379571849325
sample_0005,labyrinth,double_inhibitor,0.2917478510028654,0.267,0.05,8,2.0412484997603477e-09,True,0.24190361445783135,0.16345112109064175,-0.04350371139544562,317.8364767888262,0.17084697067586796,0.09399395334145569,1.0,2.2947631996186864e-16,1.0,0.030386454670550813,0.9875,0.05348418576583263,0.8875,0.10050331521500704
sample_0005,labyrinth,double_inhibitor,0.2917478510028654,0.267,0.05,9,0.002106641542437173,True,0.25796385542168676,0.20803606810026487,-0.006441982384113754,393.10249458901933,0.11579860987852421,0.033843238121023425,0.855,0.01488922803827268,0.6175,0.030361015035477626,0.5,0.05048729894982771,0.52,0.09498084798121954
sample_0005,labyrinth,double_inhibitor,0.2917478510028654,0.267,0.05,10,0.00010409921227018363,False,0.25796385542168676,0.03184315356376777,0.004905175898279379,65.40881442218934,0.11579860987852421,0.033843238121023425,,,,,,,,
sample_0005,labyrinth,double_inhibitor,0.2917478510028654,0.267,0.05,11,4.366701419625604e-08,True,0.24190361445783135,0.10788459653303306,-0.07886789898371238,540.1899347915127,0.17084697067586796,0.09399395334145569,1.0,0.004684361817710336,1.0,0.030839586202429856,1.0,0.05408537896910753,0.9975,0.10196747984492939
sample_0005,labyrinth,double_inhibitor,0.2917478510028654,0.267,0.1,0,4.073135859947707e-06,True,0.25796385542168676,0.17886723491338596,-0.2749216033152925,38.788071300033224,0.11579860987852421,0.033843238121023425,1.0,0.012525914676750599,1.0,0.03441763194472145,1.0,0.0601333438948963,0.8875,0.11717844442631092
sample_0005,labyrinth,double_inhibitor,0.2917478510028654,0.267,0.1,1,2.746434992371125e-06,True,0.25796385542168676,0.1251647794666475,-0.29917019000045547,100.39557706575967,0.11579860987852421,0.033843238121023425,1.0,2.1518964794705528e-16,1.0,0.0300289485645044,1.0,0.05594267067867855,0.9775,0.10562257784523882
sample_0005,labyrinth,double_inhibitor,0.2917478510028654,0.267,0.1,2,0.0005874968146290285,True,0.2740240963855422,0.16872486207733184,-0.3495922704133837,39.65751327811426,0.06075024908118038,0.026307477099408946,1.0,0.0206599922941319,1.0,0.036692324730157114,0.93,0.06261843403456893,0.7525,0.11600444352684128
sample_0005,labyrinth,double_inhibitor,0.2917478510028654,0.267,0.1,3,0.08458867328936512,False,0.24190361445783135,0.3869864881076559,0.13762655270013546,122.38768346409418,0.17084697067586796,0.09399395334145569,,,,,,,,
sample_0005,labyrinth,double_inhibitor,0.2917478510028654,0.267,0.1,4,1.4473759947756413e-08,True,0.24190361445783135,0.31407002477758983,-0.09648981872248391,337.9910972840909,0.17084697067586796,0.09399395334145569,1.0,0.030755785196090443,1.0,0.033406604534427585,0.9975,0.05240920236288126,0.91,0.10000338628328798
sample_0005,labyrinth,double_inhibitor,0.2917478510028654,0.267,0.1,5,3.3478804433484076e-06,True,0.22584337349397593,0.10867873418839213,-0.16482157057713376,491.8655370641891,0.22589533147321167,0.15414466856188797,1.0,0.0,1.0,0.029211767740949888,0.9875,0.05710618760407483,0.86,0.09781345526863526
sample_0005,labyrinth,double_inhibitor,0.2917478510028654,0.267,0.1,6,2.219661043274673e-06,True,0.19372289156626507,0.0919809685002635,-0.046493942061885896,1218.2322677795053,0.33599205306789925,0.2744460990027526,1.0,0.037529812481127064,1.0,0.04322326625124207,1.0,0.05636107647605769,0.9875,0.10186216819632045
sample_0005,labyrinth,double_inhibitor,0.2917478510028654,0.267,0.1,7,3.273057872012872e-10,True,0.24190361445783135,0.16051120853498668,-0.14014959971166752,344.6248552738878,0.17084697067586796,0.09399395334145569,1.0,2.2947631996186864e-16,1.0,0.031025685701844948,1.0,0.05463287062199433,0.995,0.0991938257490155
sample_0005,labyrinth,double_inhibitor,0.2917478510028654,0.267,0.1,8,3.300254018543617e-07,True,0.24190361445783135,0.17415161417959624,-0.027655829571110985,1825.6786069039977,0.17084697067586796,0.09399395334145569,1.0,2.2947631996186864e-16,1.0,0.02690325294777824,0.9375,0.05500059296566828,0.765,0.09393384587914402
sample_0005,labyrinth,double_inhibitor,0.2917478510028654,0.267,0.1,9,2.544731848346476e-06,True,0.25796385542168676,0.059522531098866516,-0.565757189696642,64.52922434612601,0.11579860987852421,0.033843238121023425,1.0,2.1518964794705528e-16,1.0,0.03273985692409687,0.9625,0.05990117509111859,0.815,0.11612963925400958
sample_0005,labyrinth,double_inhibitor,0.2917478510028654,0.267,0.1,10,5.257284284692076e-08,True,0.25796385542168676,0.09280946334072837,-0.26403685279686234,208.1192843752307,0.11579860987852421,0.033843238121023425,1.0,0.006198423723999502,1.0,0.029928102793517333,1.0,0.05473198194511992,0.99,0.1005686660082198
sample_0005,labyrinth,double_inhibitor,0.2917478510028654,0.267,0.1,11,1.132528727257477e-06,True,0.24190361445783135,0.023661435464469083,-0.11553891788674758,183.0976616143346,0.17084697067586796,0.09399395334145569,1.0,2.2947631996186864e-16,1.0,0.031568608184134136,0.9975,0.05380948565342762,0.9625,0.1003705377684553
sample_0005,labyrinth,double_inhibitor,0.2917478510028654,0.267,0.2,0,4.581815351626633e-05,True,0.22584337349397593,0.18280117975656118,-0.17380854145172442,740.7170568048081,0.22589533147321167,0.15414466856188797,1.0,0.003550536313802718,1.0,0.031669063642690926,0.995,0.0584759671492222,0.9075,0.10356392977461863
sample_0005,labyrinth,double_inhibitor,0.2917478510028654,0.267,0.2,1,0.5408535324449636,False,0.001,-0.017744825633097094,-0.017742907780424977,20.755444678871534,0.9965723826360243,0.9962546816479401,,,,,,,,
sample_0005,labyrinth,double_inhibitor,0.2917478510028654,0.267,0.2,2,5.237701148200942e-05,True,0.2097831325301205,0.07411335780047335,-0.22652512562054689,1719.9893556647853,0.2809436922705555,0.21429538378232033,1.0,1.323060404374684e-16,1.0,0.02652550052364413,1.0,0.05964640825856767,0.9925,0.10571009053560608
sample_0005,labyrinth,double_inhibitor,0.2917478510028654,0.267,0.2,3,3.551070447560458e-05,True,0.22584337349397593,0.05810596929351064,-0.03263408763379383,917.341632677636,0.22589533147321167,0.15414466856188797,1.0,0.0,1.0,0.026893401286379473,1.0,0.05661189837059074,0.9775,0.09704398387019386
sample_0005,labyrinth,double_inhibitor,0.2917478510028654,0.267,0.2,4,0.004087552235232644,False,0.2740240963855422,0.09011352372673898,0.010417372874399256,110.56415120281054,0.06075024908118038,0.026307477099408946,,,,,,,,
sample_0005,labyrinth,double_inhibitor,0.2917478510028654,0.267,0.2,5,0.015771008183286563,True,0.22584337349397593,0.4858642661239436,-0.31429759073862007,461.69814502523894,0.22589533147321167,0.15414466856188797,1.0,0.0,1.0,0.028734089688516897,1.0,0.053871335975779706,0.995,0.10659004422953104
sample_0005,labyrinth,double_inhibitor,0.2917478510028654,0.267,0.2,6,4.355276296296455e-07,True,0.25796385542168676,0.23235071209959735,-0.21630490358941135,682.3449224446215,0.11579860987852421,0.033843238121023425,1.0,0.003109476329660749,1.0,0.03203697113153678,1.0,0.05262197108333914,0.995,0.10083179192161912
sample_0005,labyrinth,double_inhibitor,0.2917478510028654,0.267,0.2,7,1.15114122088609e-06,True,0.25796385542168676,0.16411177457208304,-0.10881538610095329,221.02601857712958,0.11579860987852421,0.033843238121023425,1.0,2.1518964794705528e-16,1.0,0.030575465089777175,1.0,0.054497858284014176,0.985,0.10853121708282301
sample_0005,labyrinth,double_inhibitor,0.2917478510028654,0.267,0.2,8,1.514087966027918e-07,True,0.24190361445783135,0.11448641752039324,-0.07598261113234761,218.04656490235513,0.17084697067586796,0.09399395334145569,1.0,0.032059550403173584,1.0,0.033059384685348366,1.0,0.0568417745586019,0.975,0.09935426118528436
sample_0005,labyrinth,double_inhibitor,0.2917478510028654,0.267,0.2,9,2.5258603773150087e-07,True,0.25796385542168676,0.2401724301760133,-0.18625147388227625,864.9630782283059,0.11579860987852421,0.033843238121023425,1.0,2.1518964794705528e-16,1.0,0.026230571481901933,1.0,0.05307702782331505,0.985,0.09573361359802827
sample_0005,labyrinth,double_inhibitor,0.2917478510028654,0.267,0.2,10,2.4004922401194768e-05,True,0.24190361445783135,0.19664669013916658,-0.032881243653559517,1011.630100746611,0.17084697067586796,0.09399395334145569,1.0,0.01380438559202296,1.0,0.034019561789283115,0.9625,0.0515355974736722,0.8075,0.10259546229478912
sample_0005,labyrinth,double_inhibitor,0.2917478510028654,0.267,0.2,11,2.4913920067110163e-05,False,0.24190361445783135,0.1740380382150617,0.0014425432541973482,158.1315029289007,0.17084697067586796,0.09399395334145569,,,,,,,,
sample_0005,labyrinth,double_inhibitor,0.2917478510028654,0.267,0.35,0,0.005463041361452244,False,0.25796385542168676,0.05838211797333903,0.03582200171248173,43.13793426378217,0.11579860987852421,0.033843238121023425,,,,,,,,
sample_0005,labyrinth,double_inhibitor,0.2917478510028654,0.267,0.35,1,0.0003490859263796818,True,0.22584337349397593,0.13699889686259858,-0.16816522061817316,1430.537432031298,0.22589533147321167,0.15414466856188797,1.0,0.0,1.0,0.028257071926501825,1.0,0.054132775051613284,1.0,0.10084630341667193
sample_0005,labyrinth,double_inhibitor,0.2917478510028654,0.267,0.35,2,0.005450514364508256,True,0.2740240963855422,0.41881966934508874,-0.24413953801532118,305.3935877132569,0.06075024908118038,0.026307477099408946,1.0,0.01243183501776737,1.0,0.030282132620789534,1.0,0.052384434465620126,0.985,0.10754896181615746
sample_0005,labyrinth,double_inhibitor,0.2917478510028654,0.267,0.35,3,8.008555738732402e-05,True,0.25796385542168676,0.07764423781407848,-0.0746845835118562,74.5846907924109,0.11579860987852421,0.033843238121023425,1.0,2.1518964794705528e-16,1.0,0.03067301619154566,0.9975,0.05384068656189303,0.935,0.09988186416345014
sample_0005,labyrinth,double_inhibitor,0.2917478510028654,0.267,0.35,4,0.00010443894146055304,True,0.24190361445783135,0.291290345104251,-0.4994527387433775,2634.2988046160795,0.17084697067586796,0.09399395334145569,1.0,2.2947631996186864e-16,1.0,0.031226628986993438,1.0,0.054160385602138664,1.0,0.09502162603230783
sample_0005,labyrinth,double_inhibitor,0.2917478510028654,0.267,0.35,5,0.0016558260183318473,True,0.2740240963855422,0.12261744631879878,-0.3635341011763691,58.867617106484516,0.06075024908118038,0.026307477099408946,1.0,2.0257762716296166e-16,1.0,0.03158758144861229,0.9975,0.05756682864594185,0.915,0.10383507382057171
sample_0005,labyrinth,double_inhibitor,0.2917478510028654,0.267,0.35,6,1.347445450081379e-05,True,0.24190361445783135,0.10402468546796184,-0.0990239265360871,248.81515055759093,0.17084697067586796,0.09399395334145569,1.0,0.004681252851589661,1.0,0.031636723302031405,1.0,0.055511566005772894,0.9975,0.10275731498114585
sample_0005,labyrinth,double_inhibitor,0.2917478510028654,0.267,0.35,7,0.0004777003156376748,True,0.19372289156626507,0.05427036455732015,-0.04591659449695437,1170.575740929029,0.33599205306789925,0.2744460990027526,1.0,2.865492600406991e-16,1.0,0.03895997475222514,1.0,0.04940023690521773,1.0,0.08655632130317069
sample_0005,labyrinth,double_inhibitor,0.2917478510028654,0.267,0.35,8,0.00042687400510812014,True,0.25796385542168676,0.08640585396513956,-0.06519008004055049,70.56736960649415,0.11579860987852421,0.033843238121023425,1.0,2.1518964794705528e-16,1.0,0.031136376605194357,1.0,0.05630642199703475,0.935,0.09963359034361345
sample_0005,labyrinth,double_inhibitor,0.2917478510028654,0.267,0.35,9,2.037392087485107e-05,True,0.25796385542168676,0.11132540031708249,-0.0868436186922319,136.3294408386356,0.11579860987852421,0.033843238121023425,1.0,2.1518964794705528e-16,1.0,0.029690040971778225,1.0,0.051405071502762544,0.95,0.11071187820747748
sample_0005,labyrinth,double_inhibitor,0.2917478510028654,0.267,0.35,10,0.00024267395269138054,True,0.24190361445783135,0.09536733223081129,-0.25382463587632714,1059.950528353559,0.17084697067586796,0.09399395334145569,1.0,2.2947631996186864e-16,1.0,0.021280318582576292,1.0,0.04800123570643545,1.0,0.08840063273362268
sample_0005,labyrinth,double_inhibitor,0.2917478510028654,0.267,0.35,11,2.2381705392609014e-05,True,0.25796385542168676,0.11053645386291144,-0.07259893903386205,379.7183534161409,0.11579860987852421,0.033843238121023425,1.0,0.00310947632966075,1.0,0.030665406636760602,1.0,0.05830451897112247,0.9525,0.10659260356373129
sample_0006,labyrinth,double_inhibitor,0.22156733524355304,0.244,0.0,0,1.5261517683596163e-11,True,0.24190361445783135,0.1303127703617193,-0.01383233997172617,285.9199896488464,0.09178374236402713,0.00859174402528135,0.8775,3.442144799428029e-16,0.5875,0.035966107233878525,0.515,0.06346481653053997,0.455,0.12357118488475165
sample_0006,labyrinth,double_inhibitor,0.22156733524355304,0.244,0.0,1,7.262566305964424e-10,True,0.22584337349397593,0.04855481042202214,-0.10418933872018465,167.41445127566178,0.019299046250308264,0.07441240371321338,1.0,0.0,1.0,0.031722031104195074,0.9825,0.05381552318469286,0.845,0.10464334674732266
sample_0006,labyrinth,double_inhibitor,0.22156733524355304,0.244,0.0,2,2.0175282153207194e-06,False,0.22584337349397593,0.23203883318265017,0.0006349253334608784,410.35353804916775,0.019299046250308264,0.07441240371321338,,,,,,,,
sample_0006,labyrinth,double_inhibitor,0.22156733524355304,0.244,0.0,3,2.6480747440636366e-10,True,0.24190361445783135,0.3275218153862416,-0.003969797560922084,95.91068955866115,0.09178374236402713,0.00859174402528135,0.8375,0.024485737562193542,0.5575,0.0324145700308442,0.5625,0.062162640063905636,0.5525,0.10572386780370183
sample_0006,labyrinth,double_inhibitor,0.22156733524355304,0.244,0.0,4,0.0010397525282925895,False,0.001,0.009423891857506972,0.009424014058735886,81.48682299970906,0.9954866993417565,0.9959016393442623,,,,,,,,
sample_0006,labyrinth,double_inhibitor,0.22156733524355304,0.244,0.0,5,0.04926077487767905,False,0.24190361445783135,0.21678925936680038,0.11082986127883654,50.43030669907867,0.09178374236402713,0.00859174402528135,,,,,,,,
sample_0006,labyrinth,double_inhibitor,0.22156733524355304,0.244,0.0,6,2.5690623637259944e-10,True,0.24190361445783135,0.12138632449291187,-0.15032577832087135,342.57760732882076,0.09178374236402713,0.00859174402528135,1.0,0.028595887681012393,1.0,0.0399630694366473,0.985,0.07687432644406678,0.88,0.14071139703964164
sample_0006,labyrinth,double_inhibitor,0.22156733524355304,0.244,0.0,7,5.598140460208366e-13,True,0.24190361445783135,0.05898248279934215,-0.26787243297035523,54.37052823936175,0.09178374236402713,0.00859174402528135,1.0,2.2947631996186864e-16,0.9875,0.04213950599391556,0.86,0.07305381552596392,0.5875,0.11878209229935761
sample_0006,labyrinth,double_inhibitor,0.22156733524355304,0.244,0.0,8,6.489758568219367e-11,True,0.24190361445783135,0.30131073350987947,-0.2920134943963828,229.61910962275863,0.09178374236402713,0.00859174402528135,1.0,0.032478330413585665,1.0,0.035360845893922084,1.0,0.05617804298772418,0.9925,0.10497619462197019
sample_0006,labyrinth,double_inhibitor,0.22156733524355304,0.244,0.0,9,6.396035032096248e-13,True,0.22584337349397593,0.32828416990625797,-0.020596479564253034,321.7080360231876,0.019299046250308264,0.07441240371321338,1.0,0.0,0.92,0.0273215571198667,0.7375,0.04788013828571778,0.6825,0.0993060805286367
sample_0006,labyrinth,double_inhibitor,0.22156733524355304,0.244,0.0,10,2.764872616385538e-11,True,0.24190361445783135,0.10735344153137971,-0.13258531208924484,64.20851233509677,0.09178374236402713,0.00859174402528135,1.0,0.003315952075644477,1.0,0.031043826196405104,1.0,0.04901907336426405,0.9375,0.0903907365476083
sample_0006,labyrinth,double_inhibitor,0.22156733524355304,0.244,0.0,11,1.592145400163108e-12,True,0.22584337349397593,0.048438932916516464,-0.02293586642649359,668.5487289947187,0.019299046250308264,0.07441240371321338,1.0,0.015919828796560998,0.995,0.03708410956451819,0.8925,0.05274094678934006,0.7475,0.10682100100745887
sample_0006,labyrinth,double_inhibitor,0.22156733524355304,0.244,0.05,0,4.403387017658803e-07,True,0.19372289156626507,0.14572537782672867,-0.061565211884682336,617.4081561294907,0.12567034597712962,0.20605372308907757,1.0,0.004139115726185722,1.0,0.03605645369649076,1.0,0.055617196465920594,0.8975,0.10587586705841555
sample_0006,labyrinth,double_inhibitor,0.22156733524355304,0.244,0.05,1,1.7702650525137677e-07,True,0.24190361445783135,0.11355700703491589,-0.17206365786126876,168.60179672618023,0.09178374236402713,0.00859174402528135,1.0,2.2947631996186864e-16,1.0,0.03191431971422677,1.0,0.06007063688411516,0.9325,0.1102640973467437
sample_0006,labyrinth,double_inhibitor,0.22156733524355304,0.244,0.05,2,3.41215908946218e-07,True,0.22584337349397593,0.06890713848398144,-0.13641995447604005,181.56814285163222,0.019299046250308264,0.07441240371321338,1.0,0.014789198608986932,1.0,0.03895083169100145,1.0,0.06463615166985083,0.96,0.12067284270424056
sample_0006,labyrinth,double_inhibitor,0.22156733524355304,0.244,0.05,3,5.506576523888381e-08,True,0.22584337349397593,0.06535306476202507,-0.4730401111639762,929.0382094027179,0.019299046250308264,0.07441240371321338,1.0,0.029961699591888498,1.0,0.0340341916717712,1.0,0.05233476075102251,0.9475,0.09373829539751016
sample_0006,labyrinth,double_inhibitor,0.22156733524355304,0.244,0.05,4,4.1255666193492484e-07,True,0.24190361445783135,0.12904112670749335,-1.078351552146004,88.96766816770497,0.09178374236402713,0.00859174402528135,1.0,2.2947631996186864e-16,1.0,0.03195768923980246,0.9475,0.06272216629431475,0.76,0.12308545073678878
sample_0006,labyrinth,double_inhibitor,0.22156733524355304,0.244,0.05,5,1.4378388818584665e-08,True,0.24190361445783135,0.08815786583648766,-0.048705019820985296,19.947659905716904,0.09178374236402713,0.00859174402528135,1.0,0.003315952075644476,0.9975,0.03921631650433588,0.9075,0.06706749328918538,0.5425,0.12682870204725358
sample_0006,labyrinth,double_inhibitor,0.22156733524355304,0.244,0.05,6,7.926689672328084e-08,True,0.22584337349397593,0.09551234550735188,-0.3077317536122255,384.6292490538812,0.019299046250308264,0.07441240371321338,1.0,0.005017596029982026,1.0,0.03538075141208873,1.0,0.05636427063283693,0.985,0.1143032591910156
sample_0006,labyrinth,double_inhibitor,0.22156733524355304,0.244,0.05,7,3.147882751905184e-05,True,0.2097831325301205,0.25267178995010475,-0.051796702403154926,543.1455024080767,0.05318564986341073,0.14023306340114552,1.0,1.323060404374684e-16,0.9975,0.05360579464282885,0.91,0.11448438670946853,0.705,0.25551387636149
sample_0006,labyrinth,double_inhibitor,0.22156733524355304,0.244,0.05,8,1.7251740738302846e-07,True,0.22584337349397593,0.05281374895162161,-0.12501085043864543,115.8891080134705,0.019299046250308264,0.07441240371321338,1.0,0.0035505363138027186,1.0,0.030715539157042192,0.9975,0.04930993898114279,0.945,0.0859788181500294
sample_0006,labyrinth,double_inhibitor,0.22156733524355304,0.244,0.05,9,7.083181655713399e-05,True,0.19372289156626507,0.0535109170864283,-0.024126654958808613,734.1313831297714,0.12567034597712962,0.20605372308907757,1.0,0.03598812262910592,0.805,0.06995809302809972,0.545,0.1538558651134248,0.325,0.2767455370457019
sample_0006,labyrinth,double_inhibitor,0.22156733524355304,0.244,0.05,10,0.00178463129576043,False,0.22584337349397593,0.026292991708819935,0.017284350843871588,42.80216676286108,0.019299046250308264,0.07441240371321338,,,,,,,,
sample_0006,labyrinth,double_inhibitor,0.22156733524355304,0.244,0.05,11,0.0021928086983934955,False,0.22584337349397593,0.24115603910717898,0.008764826032468864,262.75938181158017,0.019299046250308264,0.07441240371321338,,,,,,,,
sample_0006,labyrinth,double_inhibitor,0.22156733524355304,0.244,0.1,0,2.424198492421335e-07,True,0.22584337349397593,0.09847257711851665,-0.23743451009836655,215.9704102902374,0.019299046250308264,0.07441240371321338,1.0,0.0,1.0,0.020666655617933394,1.0,0.04860060974994764,0.995,0.08826444122566743
sample_0006,labyrinth,double_inhibitor,0.22156733524355304,0.244,0.1,1,9.458006672590809e-08,True,0.22584337349397593,0.08728951240580152,-0.35537930855395794,383.3809865885523,0.019299046250308264,0.07441240371321338,1.0,0.0,1.0,0.030088944866356722,1.0,0.05335877435578176,0.995,0.10029468459259216
sample_0006,labyrinth,double_inhibitor,0.22156733524355304,0.244,0.1,2,1.2723898304943814e-05,True,0.2097831325301205,0.0848245773852554,-0.07601794110471327,1288.874937970751,0.05318564986341073,0.14023306340114552,1.0,0.029822972695755727,1.0,0.04756734409084708,0.9825,0.0812214526708282,0.8475,0.15222273042835535
sample_0006,labyrinth,double_inhibitor,0.22156733524355304,0.244,0.1,3,5.229786086947038e-07,True,0.22584337349397593,0.1738405680735582,-0.07324716262849429,179.18570114301127,0.019299046250308264,0.07441240371321338,1.0,0.026242293085776438,1.0,0.03594834752441038,0.9925,0.060661347954226966,0.9125,0.11007893056114149
sample_0006,labyrinth,double_inhibitor,0.22156733524355304,0.244,0.1,4,0.00011893280152546818,True,0.24190361445783135,0.05427687423846095,-0.005823948441517679,132.0037558551367,0.09178374236402713,0.00859174402528135,0.955,1.1473815998093432e-16,0.61,0.027458241731740374,0.455,0.04741933996658423,0.2825,0.08574560933307404
sample_0006,labyrinth,double_inhibitor,0.22156733524355304,0.244,0.1,5,0.0026807591096579507,False,0.22584337349397593,-0.0053596782517346675,-0.1888520826988873,173.8046184601506,0.019299046250308264,0.07441240371321338,,,,,,,,
sample_0006,labyrinth,double_inhibitor,0.22156733524355304,0.244,0.1,6,3.022704146857505e-06,True,0.24190361445783135,0.10880161567111912,-0.0352493344960117,71.7546568620866,0.09178374236402713,0.00859174402528135,1.0,2.2947631996186864e-16,0.9825,0.031094774463128166,0.8475,0.05091939641669196,0.565,0.0986822009334643
sample_0006,labyrinth,double_inhibitor,0.22156733524355304,0.244,0.1,7,6.3870988411924965e-09,True,0.24190361445783135,0.17778067614769366,-0.23329429366746157,116.0734455397974,0.09178374236402713,0.00859174402528135,1.0,0.01380438559202296,1.0,0.032822771560651116,1.0,0.04996619258139832,0.99,0.10515961550059041
sample_0006,labyrinth,double_inhibitor,0.22156733524355304,0.244,0.1,8,1.9430209269628236e-05,True,0.22584337349397593,0.15852104028974878,-0.04453885535115121,127.1315148859828,0.019299046250308264,0.07441240371321338,1.0,0.026242293085776438,0.995,0.03614448477999199,0.905,0.06258868426066998,0.6775,0.11762013316079108
sample_0006,labyrinth,double_inhibitor,0.22156733524355304,0.244,0.1,9,0.007685111120659938,False,0.25796385542168676,0.06918393994851924,0.032017012350310625,54.131270542065664,0.164268438477746,0.05722891566265068,,,,,,,,
sample_0006,labyrinth,double_inhibitor,0.22156733524355304,0.244,0.1,10,8.565474116581987e-05,True,0.24190361445783135,0.07673599214748039,-0.03506389747760119,43.16358632552852,0.09178374236402713,0.00859174402528135,1.0,0.004684361817710335,1.0,0.03665870340124816,0.9725,0.06302395138412444,0.705,0.11827378791744615
sample_0006,labyrinth,double_inhibitor,0.22156733524355304,0.244,0.1,11,9.323660231760955e-07,True,0.24190361445783135,0.11012271186526235,-0.20205510259557347,101.12717221117705,0.09178374236402713,0.00859174402528135,1.0,0.003315952075644477,1.0,0.03094631411808333,1.0,0.04487480898125737,0.9575,0.08815412152471817
sample_0006,labyrinth,double_inhibitor,0.22156733524355304,0.244,0.2,0,2.9354551451260368e-05,True,0.22584337349397593,0.0604491768366513,-0.12355635313613589,299.4064363265408,0.019299046250308264,0.07441240371321338,1.0,0.01823486091175301,1.0,0.035261097284586866,1.0,0.04896665636068656,1.0,0.09801498520007354
sample_0006,labyrinth,double_inhibitor,0.22156733524355304,0.244,0.2,1,1.9008772176038878e-06,True,0.22584337349397593,0.09724325220077557,-0.2298878280990524,434.1395648068294,0.019299046250308264,0.07441240371321338,1.0,0.0,1.0,0.027497420827491983,1.0,0.054586161372428346,1.0,0.09933374348162519
sample_0006,labyrinth,double_inhibitor,0.22156733524355304,0.244,0.2,2,5.13162302280634e-06,True,0.22584337349397593,0.14372685533998464,-0.0856190867043855,748.356486813272,0.019299046250308264,0.07441240371321338,1.0,0.03130599446331667,1.0,0.03502225528908151,1.0,0.0545661119749364,0.95,0.09366729126908112
sample_0006,labyrinth,double_inhibitor,0.22156733524355304,0.244,0.2,3,1.7340575232085186e-06,True,0.22584337349397593,0.04452971149303053,-0.09232634619217794,71.48811230144314,0.019299046250308264,0.07441240371321338,1.0,0.0,1.0,0.03520068400913854,0.9525,0.06289135386652739,0.695,0.11902408346951816
sample_0006,labyrinth,double_inhibitor,0.22156733524355304,0.244,0.2,4,0.0009876083376170242,False,0.2097831325301205,0.03776478819942142,0.014653649105062505,952.1024507637408,0.05318564986341073,0.14023306340114552,,,,,,,,
sample_0006,labyrinth,double_inhibitor,0.22156733524355304,0.244,0.2,5,0.002913105930553007,True,0.25796385542168676,0.22963894745456415,-0.1271943040862462,62.3315596965305,0.164268438477746,0.05722891566265068,1.0,0.0031094763296607496,1.0,0.03270903966720168,0.9925,0.05856514563548899,0.79,0.10877670679432225
sample_0006,labyrinth,double_inhibitor,0.22156733524355304,0.244,0.2,6,8.386212699841164e-07,True,0.22584337349397593,0.061137715236922574,-0.3244556409191999,153.66265523128342,0.019299046250308264,0.07441240371321338,1.0,0.0,1.0,0.03210814181518773,1.0,0.06229195926969125,0.92,0.12295022262252196
sample_0006,labyrinth,double_inhibitor,0.22156733524355304,0.244,0.2,7,1.2761854482609874e-05,True,0.24190361445783135,0.13925153311229632,-0.48888443669038795,206.35194366329173,0.09178374236402713,0.00859174402528135,1.0,0.02814415670756286,1.0,0.03484894615957617,1.0,0.054544993243939306,0.9925,0.10895899371425438
sample_0006,labyrinth,double_inhibitor,0.22156733524355304,0.244,0.2,8,0.7187223718920566,False,0.001,0.3349554873972034,0.3349559156441799,36.44158781296146,0.9954866993417565,0.9959016393442623,,,,,,,,
sample_0006,labyrinth,double_inhibitor,0.22156733524355304,0.244,0.2,9,1.108318928128805e-05,True,0.22584337349397593,0.08401363221179325,-0.0259147218437511,47.67310260197778,0.019299046250308264,0.07441240371321338,1.0,0.007893732204090172,0.9975,0.03450771834418587,0.9625,0.05894262696708355,0.755,0.10925907120429157
sample_0006,labyrinth,double_inhibitor,0.22156733524355304,0.244,0.2,10,0.000125421584577508,True,0.24190361445783135,0.15349166521411473,-0.08485681675827283,38.551114209190885,0.09178374236402713,0.00859174402528135,1.0,2.2947631996186864e-16,1.0,0.028377004484749307,0.9975,0.06119911538101827,0.865,0.10903288308077529
sample_0006,labyrinth,double_inhibitor,0.22156733524355304,0.244,0.2,11,2.6689005140025495e-05,True,0.24190361445783135,0.199900527246184,-0.16404205906715388,341.8399824428275,0.09178374236402713,0.00859174402528135,1.0,0.01222975388855265,1.0,0.03345522113810929,1.0,0.05174796556036731,0.995,0.09052125942687911
sample_0006,labyrinth,double_inhibitor,0.22156733524355304,0.244,0.35,0,3.373360413784745e-05,True,0.22584337349397593,0.10693206964183144,-0.09932936380272539,141.91300202055209,0.019299046250308264,0.07441240371321338,1.0,0.00707055614046199,1.0,0.033627834722652225,1.0,0.0555973940613622,0.9775,0.10313489343811647
sample_0006,labyrinth,double_inhibitor,0.22156733524355304,0.244,0.35,1,0.000984992398380698,True,0.19372289156626507,0.011823607214736853,-0.30971811939948246,5239.678121778573,0.12567034597712962,0.20605372308907757,1.0,2.865492600406991e-16,1.0,0.03617938717241155,1.0,0.06605527117443598,0.8725,0.12917127341046392
sample_0006,labyrinth,double_inhibitor,0.22156733524355304,0.244,0.35,2,0.0005895253617180091,True,0.22584337349397593,0.00982314759065872,-0.0417306447731977,1014.7600146384777,0.019299046250308264,0.07441240371321338,1.0,0.007907778225297424,0.965,0.03295311707239183,0.7375,0.050876498868727325,0.4975,0.09813037315564974
sample_0006,labyrinth,double_inhibitor,0.22156733524355304,0.244,0.35,3,9.834032319706741e-05,True,0.22584337349397593,0.16284412031903273,-0.7659576329654345,962.7157325574341,0.019299046250308264,0.07441240371321338,1.0,0.0,1.0,0.026406374029839468,1.0,0.04548880639229482,1.0,0.09081068277456562
sample_0006,labyrinth,double_inhibitor,0.22156733524355304,0.244,0.35,4,0.00036495242806208793,True,0.24190361445783135,0.044234900615744976,-0.16791077575203972,1202.687601892269,0.09178374236402713,0.00859174402528135,1.0,0.026239900935432606,1.0,0.03604809149394096,0.9975,0.06244384514561807,0.905,0.11772594527900228
sample_0006,labyrinth,double_inhibitor,0.22156733524355304,0.244,0.35,5,0.0002671742689954753,True,0.2097831325301205,0.06302302807588767,-0.5380888788110592,848.0177375213761,0.05318564986341073,0.14023306340114552,1.0,1.323060404374684e-16,1.0,0.032177471029717096,1.0,0.05241037817084532,0.99,0.10988664313000655
sample_0006,labyrinth,double_inhibitor,0.22156733524355304,0.244,0.35,6,0.000649658954284594,True,0.2097831325301205,0.08634507814736736,-0.11047795382188697,937.1729115381585,0.05318564986341073,0.14023306340114552,1.0,1.323060404374684e-16,1.0,0.02533580919179944,1.0,0.054192311079083254,1.0,0.10054860291890313
sample_0006,labyrinth,double_inhibitor,0.22156733524355304,0.244,0.35,7,0.00012193500576533003,True,0.22584337349397593,0.10666623659371766,-0.20706625818489233,571.5087962265306,0.019299046250308264,0.07441240371321338,1.0,0.0,1.0,0.022664668558619584,1.0,0.044883721615820375,0.995,0.09105591552162985
sample_0006,labyrinth,double_inhibitor,0.22156733524355304,0.244,0.35,8,0.0004701478278620556,True,0.2097831325301205,0.11999900580584466,-0.1024707359165451,1907.554551294186,0.05318564986341073,0.14023306340114552,1.0,0.017380166708500577,1.0,0.03648240211514382,1.0,0.05450186785422554,0.9975,0.10177076363991205
sample_0006,labyrinth,double_inhibitor,0.22156733524355304,0.244,0.35,9,4.563837610996843e-06,True,0.22584337349397593,0.04356370975592716,-0.3093763566543435,151.48291097302945,0.019299046250308264,0.07441240371321338,1.0,0.013895581422722774,1.0,0.033749029429997364,0.995,0.05039479195871502,0.89,0.09964935003207792
sample_0006,labyrinth,double_inhibitor,0.22156733524355304,0.244,0.35,10,0.00036115705176932247,True,0.2097831325301205,0.10406976916594424,-0.21190928709059653,1513.9047428104195,0.05318564986341073,0.14023306340114552,1.0,1.323060404374684e-16,1.0,0.028417604195485897,1.0,0.055773045492951305,1.0,0.10101695395738688
sample_0006,labyrinth,double_inhibitor,0.22156733524355304,0.244,0.35,11,11.555135046341391,False,0.033120481927710846,1.6697856858776499,1.6695794757338491,203.9681759062055,0.8505173071143187,0.8642603199683982,,,,,,,,
sample_0007,spots,double_inhibitor,0.5022893982808023,0.474,0.0,0,6.194498301983592e-10,True,0.46674698795180725,0.5087200867681538,-0.11786316850994716,537.9481515245216,0.07076082125294086,0.015301713181841205,1.0,0.008347014343401895,1.0,0.026069594929517135,0.9825,0.0502116662028382,0.82,0.10583800559446821
sample_0007,spots,double_inhibitor,0.5022893982808023,0.474,0.0,1,3.6190345500792865e-12,True,0.46674698795180725,0.2954343336825822,-0.4213842645549557,224.9668355464359,0.07076082125294086,0.015301713181841205,1.0,0.007688206538121677,1.0,0.027421476628326703,1.0,0.054792766411038245,0.9975,0.10361742349949585
sample_0007,spots,double_inhibitor,0.5022893982808023,0.474,0.0,2,0.3634248621293807,False,0.8682530120481928,0.8537865664097133,0.01517787366611767,52.16145078922686,0.7285911568509762,0.8317574093843731,,,,,,,,
sample_0007,spots,double_inhibitor,0.5022893982808023,0.474,0.0,3,9.267304339469185e-13,True,0.46674698795180725,0.45731258677411546,-0.0940406189510713,953.5337905746818,0.07076082125294086,0.015301713181841205,1.0,0.01729083402888589,1.0,0.027232344629567393,0.9625,0.05002119979766887,0.8075,0.09949635287841202
sample_0007,spots,double_inhibitor,0.5022893982808023,0.474,0.0,4,1.4422456448166253e-10,True,0.45068674698795186,0.19724438022144142,-0.2719100242538365,1100.359372114421,0.10273490037709748,0.049184078084489706,1.0,0.01498373826115043,1.0,0.024570577699277903,1.0,0.05158168394258588,0.9925,0.09587327147236115
sample_0007,spots,double_inhibitor,0.5022893982808023,0.474,0.0,5,0.004023032323845161,True,0.4346265060240964,0.9842155284238849,-0.31951765985256597,392.74211916434194,0.1347089795012542,0.08306644298713832,1.0,0.0026058664745916746,1.0,0.025352298666113982,0.9975,0.05467825802934651,0.94,0.10559641842567209
sample_0007,spots,double_inhibitor,0.5022893982808023,0.474,0.0,6,5.654948602965508e-06,True,0.46674698795180725,0.019832289632379485,-0.48547098624669566,263.16871290299036,0.07076082125294086,0.015301713181841205,1.0,0.009877783281023752,0.84,0.027215605832902882,0.7025,0.049623726332185224,0.5725,0.10480469713368798
sample_0007,spots,double_inhibitor,0.5022893982808023,0.474,0.0,7,7.456634546315752e-10,True,0.46674698795180725,0.4801371617602186,-0.03284272314644188,1179.9926077545354,0.07076082125294086,0.015301713181841205,0.985,0.013233019018578181,0.69,0.028304620411301253,0.59,0.0481704252930948,0.565,0.09737951863348292
sample_0007,spots,double_inhibitor,0.5022893982808023,0.474,0.0,8,1.3797114667846477e-11,True,0.46674698795180725,0.3757042991652675,-0.29080229836937255,202.18793161615008,0.07076082125294086,0.015301713181841205,1.0,1.189319967009396e-16,1.0,0.025366271714008827,1.0,0.05095267759202481,0.965,0.10156272153438518
sample_0007,spots,double_inhibitor,0.5022893982808023,0.474,0.0,9,1.5677724040066619e-09,True,0.46674698795180725,0.1347987557052548,-0.22264662072210717,147.52427187147995,0.07076082125294086,0.015301713181841205,1.0,0.006316049151613876,0.9875,0.02538915204612691,0.8775,0.05087565130333677,0.5875,0.09067249404099846
sample_0007,spots,double_inhibitor,0.5022893982808023,0.474,0.0,10,0.0019950004883436635,True,0.4346265060240964,0.49808772801964807,-1.5248722943818498,699.2312319993165,0.1347089795012542,0.08306644298713832,1.0,0.0062965284565915484,1.0,0.029340516877297725,1.0,0.05278251010134162,0.97,0.10393767310747186
sample_0007,spots,double_inhibitor,0.5022893982808023,0.474,0.0,11,0.03497676620289767,False,0.3703855421686747,1.0732624751315782,0.006114864643411266,1631.7352271070683,0.26260529599788096,0.21859590259773268,,,,,,,,
sample_0007,spots,double_inhibitor,0.5022893982808023,0.474,0.05,0,3.217933528453324e-08,True,0.46674698795180725,0.19409310671311886,-0.3572841261877322,241.16837655751985,0.07076082125294086,0.015301713181841205,1.0,0.0017181442862329364,1.0,0.029550694620053063,1.0,0.05580435875232919,0.9075,0.10565732791606249
sample_0007,spots,double_inhibitor,0.5022893982808023,0.474,0.05,1,0.00013531128933675957,True,0.46674698795180725,0.8574887960806574,-0.023655071933886274,192.69422951115533,0.07076082125294086,0.015301713181841205,1.0,0.013446479737298686,0.7275,0.029571669793908004,0.5425,0.0600302505011425,0.5,0.11345367582137203
sample_0007,spots,double_inhibitor,0.5022893982808023,0.474,0.05,2,0.12201846738377937,True,0.6594698795180723,1.5454546583793984,-0.05100151562104016,609.3004313253142,0.3129281282369394,0.39128666564994175,1.0,0.010446916498010272,0.775,0.025769254473977047,0.615,0.05527084728172525,0.5425,0.10298042739223054
sample_0007,spots,double_inhibitor,0.5022893982808023,0.474,0.05,3,2.5408556957556496e-09,True,0.46674698795180725,0.15228339284394465,-1.1247080704727201,780.6775459959615,0.07076082125294086,0.015301713181841205,1.0,0.010914790165380179,1.0,0.028033245940789306,1.0,0.052811412355807795,0.9725,0.1037602297108283
sample_0007,spots,double_inhibitor,0.5022893982808023,0.474,0.05,4,2.834711996100903e-11,True,0.46674698795180725,0.23193547391391434,-0.13351361049052812,367.2920723663676,0.07076082125294086,0.015301713181841205,1.0,0.0061083461338160006,1.0,0.02600095972769078,0.9975,0.050976462582370305,0.9275,0.09570413720635114
sample_0007,spots,double_inhibitor,0.5022893982808023,0.474,0.05,5,3.1438793849154933e-09,True,0.46674698795180725,0.28401988260496935,-0.4519338063711724,227.8011768442427,0.07076082125294086,0.015301713181841205,1.0,0.0024274025281962666,1.0,0.02687322898834768,1.0,0.05320283934776109,0.99,0.10390446885520702
sample_0007,spots,double_inhibitor,0.5022893982808023,0.474,0.05,6,2.375247361836454e-09,True,0.46674698795180725,0.32364146487786627,-0.13348089394612295,264.8601393037975,0.07076082125294086,0.015301713181841205,1.0,0.0029679348268785025,1.0,0.027122812077372275,0.9675,0.052747534295947716,0.7875,0.0975073850970977
sample_0007,spots,double_inhibitor,0.5022893982808023,0.474,0.05,7,9.472334432917453e-09,True,0.46674698795180725,0.37104641707390584,-0.16466530980595628,109.26559969262884,0.07076082125294086,0.015301713181841205,1.0,0.007486361605214217,1.0,0.025838812970742607,0.9625,0.05357365087649881,0.7475,0.10153080003752755
sample_0007,spots,double_inhibitor,0.5022893982808023,0.474,0.05,8,1.1770433259203679,False,0.001,0.21412731307931576,0.21413818045493827,49.27721026259271,0.9980091158534846,0.9978902953586498,,,,,,,,
sample_0007,spots,double_inhibitor,0.5022893982808023,0.474,0.05,9,0.007433908773043161,True,0.4346265060240964,0.469159434436186,-1.2442322857473704,323.1846640821146,0.1347089795012542,0.08306644298713832,1.0,0.0076730239004704145,1.0,0.02699394821070347,1.0,0.05035262492791631,0.985,0.0990891803994945
sample_0007,spots,double_inhibitor,0.5022893982808023,0.474,0.05,10,0.08897312506587479,True,0.6434096385542168,0.27854470077239313,-3.509916102427082,180.2246757201659,0.28095404911278254,0.357404300747293,1.0,0.012601227077256933,0.9975,0.030403430301418805,0.8725,0.06180788251445817,0.705,0.1328856557521689
sample_0007,spots,double_inhibitor,0.5022893982808023,0.474,0.05,11,8.82156781277197e-09,True,0.46674698795180725,0.3184384238023341,-0.2753548749116874,184.68912712571148,0.07076082125294086,0.015301713181841205,1.0,0.001718439908763385,1.0,0.027476776458251022,1.0,0.0537146374961033,0.975,0.10588488992662465
sample_0007,spots,double_inhibitor,0.5022893982808023,0.474,0.1,0,0.044099193513444594,True,0.5791686746987952,0.9275560253604596,-0.16586233768225644,1279.2539698319026,0.15305773261615585,0.22187484113669875,1.0,0.011789807227312809,1.0,0.02618195635002727,0.9325,0.04995472936304142,0.785,0.10501750208796717
sample_0007,spots,double_inhibitor,0.5022893982808023,0.474,0.1,1,1.9025572454372064e-09,True,0.46674698795180725,0.16758964846698277,-0.18300586285082066,183.4107686086688,0.07076082125294086,0.015301713181841205,1.0,0.0017184399087633853,1.0,0.027306451248858884,0.9975,0.053137022473463684,0.935,0.0953418084450106
sample_0007,spots,double_inhibitor,0.5022893982808023,0.474,0.1,2,2.2121052086660765e-08,True,0.46674698795180725,0.4802685459226197,-1.1155003006555475,497.049866687349,0.07076082125294086,0.015301713181841205,1.0,0.002426567429854241,1.0,0.026899692472386987,1.0,0.048629218777944086,0.9875,0.10273936545334139
sample_0007,spots,double_inhibitor,0.5022893982808023,0.474,0.1,3,9.71214699485472e-07,True,0.46674698795180725,0.4499367429828496,-0.44470881932569206,56.58384429057837,0.07076082125294086,0.015301713181841205,1.0,0.00562174225986891,1.0,0.02972151395540206,1.0,0.05815228126399739,0.9475,0.10889704850161522
sample_0007,spots,double_inhibitor,0.5022893982808023,0.474,0.1,4,0.0011493666747760837,True,0.4828072289156627,0.15427937440598782,-0.4442396080489889,718.2169407272256,0.03878674212878415,0.01858065172080741,1.0,0.0016612724666232339,1.0,0.02723688388188704,1.0,0.053736502921403625,0.9225,0.10134819794079246
sample_0007,spots,double_inhibitor,0.5022893982808023,0.474,0.1,5,1.3626084415609443e-06,True,0.46674698795180725,0.48599204090976755,-0.3218914736274119,50.0829668853745,0.07076082125294086,0.015301713181841205,1.0,0.01205524827474172,1.0,0.031214047053651807,0.9925,0.062363500811519805,0.7725,0.11143462198212471
sample_0007,spots,double_inhibitor,0.5022893982808023,0.474,0.1,6,4.142701063451869e-05,True,0.46674698795180725,0.08816854738831026,-0.393552468973776,423.7669942248929,0.07076082125294086,0.015301713181841205,1.0,0.013517421431611483,1.0,0.025483496730311337,0.98,0.04883760804088345,0.8225,0.09624316287310018
sample_0007,spots,double_inhibitor,0.5022893982808023,0.474,0.1,7,6.699969149282917e-05,True,0.46674698795180725,0.22016331892911367,-0.8617349624287722,120.72803164209711,0.07076082125294086,0.015301713181841205,1.0,0.001718439908763386,1.0,0.02799838454535572,0.9675,0.056058388010266656,0.8125,0.09895251642637262
sample_0007,spots,double_inhibitor,0.5022893982808023,0.474,0.1,8,1.7383250512478426e-05,True,0.46674698795180725,0.4331455504089661,-1.2667578466551639,124.31450398269452,0.07076082125294086,0.015301713181841205,1.0,0.014913389209212096,1.0,0.030314438257847753,1.0,0.05671384708518643,0.8525,0.11488392722319471
sample_0007,spots,double_inhibitor,0.5022893982808023,0.474,0.1,9,1.8449456883339967e-08,True,0.46674698795180725,0.28557457746734727,-0.17386367849760376,144.58770782849652,0.07076082125294086,0.015301713181841205,1.0,0.0017181442862329364,1.0,0.026949297243197886,0.9875,0.051367623138101524,0.775,0.0972449314692653
sample_0007,spots,double_inhibitor,0.5022893982808023,0.474,0.1,10,3.645080537340102e-08,True,0.46674698795180725,0.2133224735695869,-0.8048374462401935,282.8152003687064,0.07076082125294086,0.015301713181841205,1.0,0.008026112488040646,1.0,0.026727110281250414,1.0,0.052411174127617165,0.9875,0.10446212928423297
sample_0007,spots,double_inhibitor,0.5022893982808023,0.474,0.1,11,3.077084305697127e-08,True,0.46674698795180725,0.26343115376397286,-0.1290672248314304,169.35727668394213,0.07076082125294086,0.015301713181841205,1.0,0.0017184399087633855,1.0,0.026490608107937283,0.995,0.0544116669929627,0.8775,0.10524975445624096
sample_0007,spots,double_inhibitor,0.5022893982808023,0.474,0.2,0,9.358720791990702e-06,True,0.46674698795180725,0.5185290194407379,-0.7946560835446075,147.06480337074632,0.07076082125294086,0.015301713181841205,1.0,0.005621742259868911,1.0,0.026218031761871236,1.0,0.05459098032473153,0.995,0.1051783504826602
sample_0007,spots,double_inhibitor,0.5022893982808023,0.474,0.2,1,1.5750558863327595e-06,True,0.46674698795180725,0.4449433935686926,-0.7729648112599041,273.8099686617208,0.07076082125294086,0.015301713181841205,1.0,1.189319967009396e-16,1.0,0.026086769599369234,1.0,0.05139469998235906,0.99,0.10624456887663997
sample_0007,spots,double_inhibitor,0.5022893982808023,0.474,0.2,2,4.147787121481858e-05,True,0.46674698795180725,0.23907923700335232,-1.8045871449515725,2481.6399954481685,0.07076082125294086,0.015301713181841205,1.0,0.0017181442862329369,1.0,0.027311500964044288,1.0,0.054787387366000764,0.9775,0.10299705602234674
sample_0007,spots,double_inhibitor,0.5022893982808023,0.474,0.2,3,9.228826052844449e-07,True,0.45068674698795186,0.2813573547172439,-0.2675889404064513,1708.7238662659581,0.10273490037709748,0.049184078084489706,1.0,0.013953878083237293,1.0,0.025598196113757264,1.0,0.05223385669466218,0.9975,0.09619248575162638
sample_0007,spots,double_inhibitor,0.5022893982808023,0.474,0.2,4,2.661549203329947e-06,True,0.46674698795180725,0.6308471747222839,-1.2348422910679733,455.286518684159,0.07076082125294086,0.015301713181841205,1.0,0.003422462672660972,1.0,0.02767755684080038,1.0,0.05497695287537193,1.0,0.10223968736989962
sample_0007,spots,double_inhibitor,0.5022893982808023,0.474,0.2,5,1.389134940685063e-06,True,0.4346265060240964,0.10563013704371826,-0.6828930738914689,2115.533014601699,0.1347089795012542,0.08306644298713832,1.0,0.008583979480029189,1.0,0.027953215129500403,1.0,0.051991694183846915,1.0,0.09493048710638012
sample_0007,spots,double_inhibitor,0.5022893982808023,0.474,0.2,6,1.07870669975931,False,0.001,0.172790222185236,0.1727993096485898,36.03883513742663,0.9980091158534846,0.9978902953586498,,,,,,,,
sample_0007,spots,double_inhibitor,0.5022893982808023,0.474,0.2,7,9.752925174062978e-06,True,0.46674698795180725,0.3632061380773344,-0.5320840071419741,254.99256908435186,0.07076082125294086,0.015301713181841205,1.0,1.189319967009396e-16,1.0,0.02745811022169036,1.0,0.05491049458583056,0.9875,0.10836301018555881
sample_0007,spots,double_inhibitor,0.5022893982808023,0.474,0.2,8,1.2154419076541324e-07,True,0.46674698795180725,0.37555664475812733,-0.3859121950928158,672.3126703749714,0.07076082125294086,0.015301713181841205,1.0,1.189319967009396e-16,1.0,0.02669352834648118,1.0,0.05217474176823312,0.9825,0.10020744958291788
sample_0007,spots,double_inhibitor,0.5022893982808023,0.474,0.2,9,0.000874554611500111,True,0.4828072289156627,0.9718040986411367,-1.0035407405403753,103.8964977681485,0.03878674212878415,0.01858065172080741,1.0,0.004041340046126229,1.0,0.02690100992219342,1.0,0.05571849404848319,0.9875,0.10087048504694802
sample_0007,spots,double_inhibitor,0.5022893982808023,0.474,0.2,10,2.690755229399295e-05,True,0.46674698795180725,0.40793754295645357,-0.16924714646031092,497.17983580931514,0.07076082125294086,0.015301713181841205,1.0,1.189319967009396e-16,1.0,0.0265207816515286,0.9975,0.050026106130797776,0.9325,0.1041299210715847
sample_0007,spots,double_inhibitor,0.5022893982808023,0.474,0.2,11,7.018075557905806e-05,True,0.46674698795180725,0.47334768685965045,-0.4173905129218598,150.71336844417212,0.07076082125294086,0.015301713181841205,1.0,0.012623159054818471,1.0,0.027809377488315638,1.0,0.054439176312868695,0.9875,0.10763899037786
sample_0007,spots,double_inhibitor,0.5022893982808023,0.474,0.35,0,3.2678328984678964e-05,True,0.45068674698795186,0.1279295055383045,-0.3775865174890216,4038.1190802201286,0.10273490037709748,0.049184078084489706,1.0,0.01795774047864292,1.0,0.025469008505529772,1.0,0.05288568223352268,0.9975,0.10582056249448138
sample_0007,spots,double_inhibitor,0.5022893982808023,0.474,0.35,1,1.756962956998823e-05,True,0.45068674698795186,0.30408586889063116,-0.4743416916745813,1812.4830815926719,0.10273490037709748,0.049184078084489706,1.0,0.008645124494489082,1.0,0.0264322879172344,1.0,0.05278644673354928,1.0,0.09753841208309907
sample_0007,spots,double_inhibitor,0.5022893982808023,0.474,0.35,2,0.0004127346686556614,True,0.4828072289156627,0.44898377218996544,-0.16631742600686183,334.30522460202445,0.03878674212878415,0.01858065172080741,1.0,0.011141969078919973,1.0,0.026903595308153935,0.9725,0.05247548955573758,0.8575,0.10254577539484785
sample_0007,spots,double_inhibitor,0.5022893982808023,0.474,0.35,3,0.0025086116050789618,True,0.4828072289156627,0.059803947583864314,-0.18692303227192397,200.22668004856436,0.03878674212878415,0.01858065172080741,1.0,0.0023521406915421044,1.0,0.030214417373963277,0.98,0.06351668754280596,0.76,0.10508471493810279
sample_0007,spots,double_inhibitor,0.5022893982808023,0.474,0.35,4,2.0725262005987282e-05,True,0.46674698795180725,0.28641171181342884,-0.5765779739313945,372.0222716396197,0.07076082125294086,0.015301713181841205,1.0,0.010122285707495578,1.0,0.027690978651267434,1.0,0.049803678685563034,0.995,0.10426360515129124
sample_0007,spots,double_inhibitor,0.5022893982808023,0.474,0.35,5,1.9610611557544243e-05,True,0.45068674698795186,0.13226788826818492,-0.7647057962454671,1003.4781549360267,0.10273490037709748,0.049184078084489706,1.0,0.009907949839386055,1.0,0.027463875601221197,1.0,0.05394124035211633,0.995,0.11122816882105344
sample_0007,spots,double_inhibitor,0.5022893982808023,0.474,0.35,6,0.0005050317443502386,True,0.46674698795180725,0.10629965076529402,-0.9488726493897732,1835.8308133711814,0.07076082125294086,0.015301713181841205,1.0,0.002967934826878503,1.0,0.027256391305830945,1.0,0.05402417342632132,0.935,0.1092383780271898
sample_0007,spots,double_inhibitor,0.5022893982808023,0.474,0.35,7,0.0008670366386086026,True,0.45068674698795186,0.2905115372071094,-0.35050764680914165,816.0626688303671,0.10273490037709748,0.049184078084489706,1.0,0.0017793649752911884,1.0,0.025179569903461835,1.0,0.05152732914593384,0.995,0.10028006332079571
sample_0007,spots,double_inhibitor,0.5022893982808023,0.474,0.35,8,2.5745003371172954,False,0.001,0.5548758720014223,0.5549006188106019,8.516883896520437,0.9980091158534846,0.9978902953586498,,,,,,,,
sample_0007,spots,double_inhibitor,0.5022893982808023,0.474,0.35,9,0.003074295790817306,True,0.4346265060240964,0.12830926277699106,-0.01902314577477149,375.73470472220714,0.1347089795012542,0.08306644298713832,1.0,0.0031872152502422963,0.9475,0.026543311979023845,0.7625,0.05387695070478428,0.535,0.09453125694161697
sample_0007,spots,double_inhibitor,0.5022893982808023,0.474,0.35,10,0.02427223141032797,True,0.5470481927710844,0.23357188562376052,-0.09639160250248668,174.4342247597147,0.08910957436784263,0.15411011133140176,1.0,0.006845967241579529,0.955,0.03233202832456216,0.785,0.058083014730974894,0.6575,0.09935621826805335
sample_0007,spots,double_inhibitor,0.5022893982808023,0.474,0.35,11,0.26968599639758906,True,0.7879518072289157,0.3206499904486577,-1.614902843739524,132.3578030488355,0.5687207612301927,0.6623455848711302,1.0,0.00568258520757006,1.0,0.02612096937698085,0.995,0.05951884718150912,0.9175,0.10822750731502712
sample_0008,labyrinth,relay_chain,0.25164469914040116,0.234,0.0,0,5.675008919924547e-10,True,0.19372289156626507,0.2273990588105761,-0.1513002419268098,1252.1200857436684,0.2301729691584703,0.17212439501596127,1.0,2.865492600406991e-16,1.0,0.033409852457202446,1.0,0.054006375668601586,0.8925,0.09188727654828285
sample_0008,labyrinth,relay_chain,0.25164469914040116,0.234,0.0,1,1.9519597430273024e-12,True,0.22584337349397593,0.03008835938417498,-0.2942478325756115,148.18995882193994,0.10253077348563497,0.03485737823087215,1.0,0.0,1.0,0.033012591700969283,0.99,0.05753457129489248,0.845,0.10965247088060197
sample_0008,labyrinth,relay_chain,0.25164469914040116,0.234,0.0,2,2.2076351927521989e-10,True,0.22584337349397593,0.02291835686266097,-0.3427526680691111,1154.738421166778,0.10253077348563497,0.03485737823087215,1.0,0.005017596029982025,1.0,0.03500970657400774,0.96,0.05833289337114946,0.81,0.11866127964226368
sample_0008,labyrinth,relay_chain,0.25164469914040116,0.234,0.0,3,0.0468525006289222,True,0.17766265060240966,0.18588421448234982,-0.3623811138701034,223.00688669130696,0.2939940669948879,0.24075790340850578,1.0,1.562262834732944e-16,1.0,0.02678024347088321,1.0,0.05966675426055051,0.9625,0.10371139182280721
sample_0008,labyrinth,relay_chain,0.25164469914040116,0.234,0.0,4,4.005207768792488e-12,True,0.22584337349397593,0.15790181701693484,-0.2139874827092152,804.0948347692331,0.10253077348563497,0.03485737823087215,1.0,0.0,1.0,0.033835852713679955,0.9675,0.058535601963765,0.8275,0.10122467039393332
sample_0008,labyrinth,relay_chain,0.25164469914040116,0.234,0.0,5,4.465402781368168e-12,True,0.2097831325301205,0.057435743600356304,-0.06457050004008824,260.9845629036511,0.16635187132205267,0.10349088662341678,1.0,0.003822300571321153,1.0,0.034948292018981864,0.9675,0.05900274527565331,0.86,0.1045753843703487
sample_0008,labyrinth,relay_chain,0.25164469914040116,0.234,0.0,6,9.006813312134536e-11,True,0.22584337349397593,0.027959373073320748,-0.10557959395537941,64.0238678888145,0.10253077348563497,0.03485737823087215,1.0,0.005014029170448227,0.905,0.031094054729068298,0.7,0.056985474026777616,0.5275,0.105146728511581
sample_0008,labyrinth,relay_chain,0.25164469914040116,0.234,0.0,7,6.565419788452713e-13,True,0.22584337349397593,0.030142327681127234,-0.36852967719592367,78.92488158257295,0.10253077348563497,0.03485737823087215,1.0,0.0,0.9725,0.029417372254943692,0.8075,0.05315851549409163,0.7025,0.10843517610717907
sample_0008,labyrinth,relay_chain,0.25164469914040116,0.234,0.0,8,1.2142236661034278e-10,True,0.22584337349397593,0.10850587409827739,-0.14260271387602685,166.59135710106628,0.10253077348563497,0.03485737823087215,1.0,0.0,1.0,0.03557082684355787,0.97,0.061136867593775214,0.78,0.09253831971564465
sample_0008,labyrinth,relay_chain,0.25164469914040116,0.234,0.0,9,8.815575664672416e-05,False,0.22584337349397593,0.12396793416194729,0.001973490843716341,52.14876350443205,0.10253077348563497,0.03485737823087215,,,,,,,,
sample_0008,labyrinth,relay_chain,0.25164469914040116,0.234,0.0,10,2.3523333303783367e-12,True,0.22584337349397593,0.23614215807807204,-0.04317028403567025,101.79929767249295,0.10253077348563497,0.03485737823087215,1.0,0.0,0.9425,0.03312849752476979,0.805,0.05060427117983722,0.63,0.0868454616575679
sample_0008,labyrinth,relay_chain,0.25164469914040116,0.234,0.0,11,0.027696149932291157,False,0.2097831325301205,1.3716244106592654,0.07319549835921002,1634.890805724327,0.16635187132205267,0.10349088662341678,,,,,,,,
sample_0008,labyrinth,relay_chain,0.25164469914040116,0.234,0.05,0,2.5838917223440923e-08,True,0.22584337349397593,0.07196339745881808,-0.12267973202269022,46.94447463237004,0.10253077348563497,0.03485737823087215,1.0,0.00707055614046199,0.99,0.03955106756746866,0.875,0.06624355920493767,0.67,0.11829042123595594
sample_0008,labyrinth,relay_chain,0.25164469914040116,0.234,0.05,1,0.00013755644768889352,False,0.22584337349397593,0.0188784440735823,0.005320632160135119,65.48676822266042,0.10253077348563497,0.03485737823087215,,,,,,,,
sample_0008,labyrinth,relay_chain,0.25164469914040116,0.234,0.05,2,1.406204615207363e-08,True,0.2097831325301205,0.16702202224075435,-0.10415664423841342,1634.964186443932,0.16635187132205267,0.10349088662341678,1.0,1.323060404374684e-16,1.0,0.03094178872740438,0.9975,0.0484827204042019,0.955,0.09261197322013394
sample_0008,labyrinth,relay_chain,0.25164469914040116,0.234,0.05,3,1.3336107890510006e-07,True,0.22584337349397593,0.20529687607516678,-0.31985899911372884,240.04237155830342,0.10253077348563497,0.03485737823087215,1.0,0.0,1.0,0.030690696073803814,1.0,0.05752297693104092,0.9,0.1050347316880631
sample_0008,labyrinth,relay_chain,0.25164469914040116,0.234,0.05,4,4.1952367989153314e-07,True,0.22584337349397593,0.08801344938332445,-0.27123523700908936,68.54834020509769,0.10253077348563497,0.03485737823087215,1.0,0.0,1.0,0.02863585293853822,0.9875,0.05527464551461056,0.845,0.0994821828616059
sample_0008,labyrinth,relay_chain,0.25164469914040116,0.234,0.05,5,2.3770340797753244e-07,True,0.22584337349397593,0.15716407844061742,-0.017352836085664403,42.68238751236164,0.10253077348563497,0.03485737823087215,1.0,0.0,0.8925,0.033128121904399795,0.705,0.057246406352467576,0.5375,0.10751428490235378
sample_0008,labyrinth,relay_chain,0.25164469914040116,0.234,0.05,6,5.658310749721652e-10,True,0.19372289156626507,0.21500929133817515,-0.23623097660738623,1645.055669538263,0.2301729691584703,0.17212439501596127,1.0,0.034598310916309154,1.0,0.039782720917893366,1.0,0.04912859783879165,0.9725,0.0886760886766019
sample_0008,labyrinth,relay_chain,0.25164469914040116,0.234,0.05,7,1.2406753107179087,False,0.22584337349397593,0.8369194322685747,0.5459132061994276,2214.979672182113,0.10253077348563497,0.03485737823087215,,,,,,,,
sample_0008,labyrinth,relay_chain,0.25164469914040116,0.234,0.05,8,1.047378582012235e-06,True,0.22584337349397593,0.414211931380323,-0.1392027676102605,83.91314458359169,0.10253077348563497,0.03485737823087215,1.0,0.0,0.9975,0.035766561037495974,0.9375,0.05454683960594624,0.6925,0.10253070924939178
sample_0008,labyrinth,relay_chain,0.25164469914040116,0.234,0.05,9,1.1038033539299194e-07,True,0.22584337349397593,0.56120417302348,-0.34044292056247594,480.98654381963576,0.10253077348563497,0.03485737823087215,1.0,0.0,1.0,0.03266065839491889,0.9975,0.05508693490344023,0.9,0.10010753769326179
sample_0008,labyrinth,relay_chain,0.25164469914040116,0.234,0.05,10,6.136120290826068e-07,True,0.19372289156626507,0.23790462278045688,-0.21802801170292252,1188.770947665769,0.2301729691584703,0.17212439501596127,1.0,0.02595373313522988,1.0,0.039926577944172974,0.985,0.06609818888583252,0.84,0.11939368905187427
sample_0008,labyrinth,relay_chain,0.25164469914040116,0.234,0.05,11,3.9925413375288925e-07,True,0.17766265060240966,0.11869357051714857,-0.07308537459724829,1851.6456156099996,0.2939940669948879,0.24075790340850578,1.0,1.562262834732944e-16,0.985,0.030226555134815477,0.9,0.05679626820151862,0.7025,0.09705290238510213
sample_0008,labyrinth,relay_chain,0.25164469914040116,0.234,0.1,0,0.29192454483544816,True,0.38644578313253014,0.6773422853129993,-0.00970615748460757,393.06430125791985,0.5356802048785413,0.6514777056945732,0.94,0.021157094547184785,0.595,0.02873967532237044,0.52,0.0474822275847864,0.31,0.09125506912167365
sample_0008,labyrinth,relay_chain,0.25164469914040116,0.234,0.1,1,0.004088886284086649,False,0.22584337349397593,0.33872994201494144,0.031264961118248946,154.3130766859315,0.10253077348563497,0.03485737823087215,,,,,,,,
sample_0008,labyrinth,relay_chain,0.25164469914040116,0.234,0.1,2,3.902469061907163e-10,True,0.2097831325301205,0.2568549042080761,-0.18294609024441288,1612.9561871176995,0.16635187132205267,0.10349088662341678,1.0,0.009294944512239667,1.0,0.033902967996323245,1.0,0.04987631692062871,0.85,0.08465330562105296
sample_0008,labyrinth,relay_chain,0.25164469914040116,0.234,0.1,3,0.023363657014681335,True,0.19372289156626507,0.3929606544922546,-0.2294292146905843,326.8122235769572,0.2301729691584703,0.17212439501596127,1.0,2.865492600406991e-16,1.0,0.03326563932422698,0.9775,0.06024637322773818,0.855,0.1086889124544382
sample_0008,labyrinth,relay_chain,0.25164469914040116,0.234,0.1,4,0.0019716307320458426,True,0.22584337349397593,0.6238608693234049,-0.24371049393496635,137.90782061011748,0.10253077348563497,0.03485737823087215,1.0,0.00865310456593412,1.0,0.03678855454267205,0.94,0.05931158471300997,0.77,0.11448699923288795
sample_0008,labyrinth,relay_chain,0.25164469914040116,0.234,0.1,5,5.824145896072899e-08,True,0.22584337349397593,0.23862840735900015,-0.5220035270812242,232.814336828027,0.10253077348563497,0.03485737823087215,1.0,0.0,1.0,0.02811413749334541,1.0,0.053466112229367965,0.9825,0.1019538107250238
sample_0008,labyrinth,relay_chain,0.25164469914040116,0.234,0.1,6,2.414728194221896e-05,True,0.22584337349397593,0.1290178435028344,-0.10143232858195605,41.71873048428409,0.10253077348563497,0.03485737823087215,1.0,0.0,1.0,0.03295977911339756,1.0,0.06468147130026414,0.86,0.11174911148053797
sample_0008,labyrinth,relay_chain,0.25164469914040116,0.234,0.1,7,0.0005125075143655631,True,0.22584337349397593,0.43881774917324545,-0.08481751757828726,303.34196729684226,0.10253077348563497,0.03485737823087215,1.0,0.0,0.9975,0.03297363667229489,0.9125,0.052415636113468014,0.6325,0.08840853728483448
sample_0008,labyrinth,relay_chain,0.25164469914040116,0.234,0.1,8,1.7554681552040064e-05,True,0.22584337349397593,0.20355336239824418,-0.41572510422530673,165.77281685974995,0.10253077348563497,0.03485737823087215,1.0,0.019183149832069733,1.0,0.03493431790988778,0.995,0.05948099994258449,0.87,0.1066167060186645
sample_0008,labyrinth,relay_chain,0.25164469914040116,0.234,0.1,9,6.329491934781781e-07,True,0.2097831325301205,0.29897874575343053,-0.149097198844103,485.0426083028787,0.16635187132205267,0.10349088662341678,1.0,1.323060404374684e-16,1.0,0.023741520165539747,0.9975,0.052016128550928256,0.8775,0.08978367024372141
sample_0008,labyrinth,relay_chain,0.25164469914040116,0.234,0.1,10,7.425158779758877e-07,True,0.22584337349397593,0.10774749280560547,-0.11171900555480108,65.88437864445052,0.10253077348563497,0.03485737823087215,1.0,0.0,1.0,0.033201024820575,0.9975,0.05545798952020116,0.9125,0.10722401531581406
sample_0008,labyrinth,relay_chain,0.25164469914040116,0.234,0.1,11,0.34160709723467514,False,0.1455421686746988,0.6789008111137216,0.25352391389675627,1424.324491042199,0.4216362626677232,0.3780249201935949,,,,,,,,
sample_0008,labyrinth,relay_chain,0.25164469914040116,0.234,0.2,0,7.289960087820771e-05,True,0.22584337349397593,0.20733754972239105,-0.452307827197876,249.52579454025533,0.10253077348563497,0.03485737823087215,1.0,0.0,1.0,0.028868651330317706,1.0,0.05385557057986196,0.9875,0.0997527306065022
sample_0008,labyrinth,relay_chain,0.25164469914040116,0.234,0.2,1,18.792762867130456,False,0.3703855421686747,2.6447017819268543,2.153967718307436,182.6377891204388,0.4718591070421236,0.5828441973020285,,,,,,,,
sample_0008,labyrinth,relay_chain,0.25164469914040116,0.234,0.2,2,6.302198577679376e-05,True,0.2097831325301205,0.2507619302208255,-0.342023829632617,396.11414788592054,0.16635187132205267,0.10349088662341678,1.0,0.03653378711951199,1.0,0.037226523081914896,1.0,0.05140826473183366,0.9625,0.08983692715176902
sample_0008,labyrinth,relay_chain,0.25164469914040116,0.234,0.2,3,1.617437631316895e-05,True,0.22584337349397593,0.0843437054224605,-0.18099432342486743,195.7803785427593,0.10253077348563497,0.03485737823087215,1.0,0.023935259673824674,1.0,0.03641646433522209,1.0,0.05264749803652031,0.99,0.09798646592967769
sample_0008,labyrinth,relay_chain,0.25164469914040116,0.234,0.2,4,3.476725614508852e-05,True,0.2097831325301205,0.11830597925847464,-0.33762290978760046,962.331421291466,0.16635187132205267,0.10349088662341678,1.0,0.034724277148469616,1.0,0.03725957300039588,1.0,0.05950181637295192,0.9875,0.10381595155638863
sample_0008,labyrinth,relay_chain,0.25164469914040116,0.234,0.2,5,7.826599305092972e-05,True,0.22584337349397593,0.08398433101642411,-0.3558305875786081,99.15026481610865,0.10253077348563497,0.03485737823087215,1.0,0.0,1.0,0.03953286298085042,1.0,0.07274429736158808,0.9175,0.13496693954246258
sample_0008,labyrinth,relay_chain,0.25164469914040116,0.234,0.2,6,0.005790841586020227,True,0.24190361445783135,0.5137129863892369,-0.20414922058985807,274.0094643762262,0.038709675649217366,0.03377613016167236,1.0,2.2947631996186864e-16,1.0,0.02779953543085619,0.9975,0.05277479394027104,0.8675,0.09573676831026633
sample_0008,labyrinth,relay_chain,0.25164469914040116,0.234,0.2,7,2.9199213148558473e-07,True,0.19372289156626507,0.1636519810955619,-0.19957477209961083,1541.0842190576975,0.2301729691584703,0.17212439501596127,1.0,0.03290885163476878,1.0,0.039092547018351756,1.0,0.049970843928944256,0.985,0.09666221836591436
sample_0008,labyrinth,relay_chain,0.25164469914040116,0.234,0.2,8,3.120313302855862e-05,True,0.22584337349397593,0.13233888555209816,-0.6959214385374255,238.15233928990696,0.10253077348563497,0.03485737823087215,1.0,0.0,1.0,0.026304102007122437,1.0,0.050556630035833855,0.9975,0.08835875911011637
sample_0008,labyrinth,relay_chain,0.25164469914040116,0.234,0.2,9,0.014480943998984601,True,0.19372289156626507,0.17397908892566427,-0.35261966025236857,462.90025197485954,0.2301729691584703,0.17212439501596127,1.0,0.017122291014391527,1.0,0.038968703769278204,1.0,0.04820022031482726,0.9475,0.09441076125724805
sample_0008,labyrinth,relay_chain,0.25164469914040116,0.234,0.2,10,5.0972963479938965e-05,True,0.22584337349397593,0.10830821909544941,-0.2136803617703873,68.93667610361774,0.10253077348563497,0.03485737823087215,1.0,0.0,1.0,0.03440967723735058,1.0,0.059027668015795655,0.885,0.1104823040292153
sample_0008,labyrinth,relay_chain,0.25164469914040116,0.234,0.2,11,0.6384798185534291,False,0.1616024096385542,0.9427297816760127,0.3682330304866559,350.70001569144944,0.3578151648313056,0.3093914118010504,,,,,,,,
sample_0008,labyrinth,relay_chain,0.25164469914040116,0.234,0.35,0,0.03321531174606707,True,0.25796385542168676,0.20789765062743193,-0.868493567759278,607.7667336152929,0.02511142218720024,0.10240963855421686,1.0,0.025638577912913994,1.0,0.03128938730307424,1.0,0.04758038373389332,0.9875,0.0996167913462473
sample_0008,labyrinth,relay_chain,0.25164469914040116,0.234,0.35,1,0.0024278729816870357,True,0.22584337349397593,0.1952555599898549,-0.6200174020381386,139.8572744177178,0.10253077348563497,0.03485737823087215,1.0,0.03610408464411408,1.0,0.03890108426996917,1.0,0.06574858020958094,0.9625,0.12140389380509299
sample_0008,labyrinth,relay_chain,0.25164469914040116,0.234,0.35,2,0.0002588595298382152,True,0.22584337349397593,0.11337657157194592,-0.2674627742369933,361.95144578423515,0.10253077348563497,0.03485737823087215,1.0,0.0,1.0,0.03242882656291816,1.0,0.05490477231783257,0.9775,0.10291111795572751
sample_0008,labyrinth,relay_chain,0.25164469914040116,0.234,0.35,3,5.994257398550382e-08,True,0.2097831325301205,0.12668056600134037,-0.5754741865790831,1018.0707753783207,0.16635187132205267,0.10349088662341678,1.0,1.323060404374684e-16,1.0,0.034591624063504495,1.0,0.05337041244486134,1.0,0.08820967870516332
sample_0008,labyrinth,relay_chain,0.25164469914040116,0.234,0.35,4,0.16733531352428488,False,0.1616024096385542,0.5668611053824009,0.1269439058865085,207.97984612179636,0.3578151648313056,0.3093914118010504,,,,,,,,
sample_0008,labyrinth,relay_chain,0.25164469914040116,0.234,0.35,5,4.422092792237215e-05,True,0.19372289156626507,0.016553714195446823,-0.35251830029682807,786.712916035237,0.2301729691584703,0.17212439501596127,1.0,0.039276901635569704,1.0,0.03983138371525945,1.0,0.050717834120517905,0.9375,0.09068045985991839
sample_0008,labyrinth,relay_chain,0.25164469914040116,0.234,0.35,6,0.0014932281484253311,True,0.22584337349397593,0.19962713476897065,-0.2084491216377875,259.53074515917183,0.10253077348563497,0.03485737823087215,1.0,0.0,1.0,0.031411851224416726,1.0,0.05120253397728484,0.975,0.0965217298837801
sample_0008,labyrinth,relay_chain,0.25164469914040116,0.234,0.35,7,0.00751434148824959,True,0.24190361445783135,0.5451106439009585,-0.48376997347200623,954.38197434064,0.038709675649217366,0.03377613016167236,1.0,2.2947631996186864e-16,1.0,0.028147122751797503,1.0,0.04451066509101216,0.9475,0.08810870883272989
sample_0008,labyrinth,relay_chain,0.25164469914040116,0.234,0.35,8,0.0009275403721413893,True,0.22584337349397593,0.08964544579393596,-0.4715307111530751,228.4879600668107,0.10253077348563497,0.03485737823087215,1.0,0.007893732204090172,1.0,0.030768074180659397,1.0,0.05625019058611673,0.98,0.10339750218880425
sample_0008,labyrinth,relay_chain,0.25164469914040116,0.234,0.35,9,1.5584446875318876e-05,True,0.2097831325301205,0.08348120715127472,-0.45033057590157655,564.3692142813587,0.16635187132205267,0.10349088662341678,1.0,1.323060404374684e-16,1.0,0.03054916516513617,1.0,0.05581019506750807,0.9925,0.09987539132237346
sample_0008,labyrinth,relay_chain,0.25164469914040116,0.234,0.35,10,0.002032592979084296,True,0.22584337349397593,0.15351329403529768,-0.2809605153943071,101.91441090324936,0.10253077348563497,0.03485737823087215,1.0,0.030898200300802505,1.0,0.038536185792617,1.0,0.06264036089523917,0.94,0.11849322280298152
sample_0008,labyrinth,relay_chain,0.25164469914040116,0.234,0.35,11,0.009595788565841137,True,0.25796385542168676,0.2030449066694704,-0.1557943492977767,190.13677524288363,0.02511142218720024,0.10240963855421686,1.0,0.028025445398659254,1.0,0.0339845913455188,1.0,0.05246096703899989,0.9525,0.09735326120231473
sample_0009,labyrinth,relay_chain,0.33185100286532954,0.317,0.0,0,1.5341702830787785e-10,True,0.3222048192771084,0.14112980616359394,-0.04781171796364525,104.28008302353007,0.02906781508849527,0.01641898825586252,1.0,0.0244414718103826,0.77,0.0429977370728375,0.6275,0.0731802613072947,0.4425,0.13484089035598223
sample_0009,labyrinth,relay_chain,0.33185100286532954,0.317,0.0,1,0.00010566947823274605,True,0.30614457831325304,0.02855563906957137,-0.37222202663088333,409.8480366304414,0.07746375430574962,0.034244232450305896,1.0,0.0,0.9925,0.028783599763673482,0.915,0.05240808789073609,0.7425,0.1090987142863512
sample_0009,labyrinth,relay_chain,0.33185100286532954,0.317,0.0,2,3.324919076784856e-10,True,0.30614457831325304,0.10207577858337835,-0.11816514943997114,309.4600631064893,0.07746375430574962,0.034244232450305896,1.0,0.0,0.995,0.035360989411722575,0.93,0.06428368964150806,0.7225,0.11525790025093696
sample_0009,labyrinth,relay_chain,0.33185100286532954,0.317,0.0,3,9.522078873786326e-05,True,0.30614457831325304,0.017998629396284826,-0.5356891093241365,478.5456282437475,0.07746375430574962,0.034244232450305896,1.0,0.0,0.75,0.03291040567340698,0.66,0.06557898739767183,0.5775,0.11975939869658726
sample_0009,labyrinth,relay_chain,0.33185100286532954,0.317,0.0,4,0.988628255716527,False,0.3543253012048193,0.7957202624129884,0.49265554058379696,27.530457415348316,0.06772406334601376,0.1177454296681997,,,,,,,,
sample_0009,labyrinth,relay_chain,0.33185100286532954,0.317,0.0,5,4.582400618722494e-12,True,0.30614457831325304,0.04833956118971905,-0.13783695274948404,95.13956543358199,0.07746375430574962,0.034244232450305896,1.0,0.0,1.0,0.024182429589641046,0.97,0.045993449201634624,0.745,0.09122547348680429
sample_0009,labyrinth,relay_chain,0.33185100286532954,0.317,0.0,6,3.2326920085153195e-12,True,0.3222048192771084,0.23394566591969435,-0.062402666563609044,20.896929067091623,0.02906781508849527,0.01641898825586252,0.915,0.025420148916918583,0.6125,0.04539029005949938,0.57,0.07570479086706132,0.41,0.1284671278830861
sample_0009,labyrinth,relay_chain,0.33185100286532954,0.317,0.0,7,6.460215224260248e-05,False,0.30614457831325304,0.018420346903358364,0.0030334532468558884,130.35773131801497,0.07746375430574962,0.034244232450305896,,,,,,,,
sample_0009,labyrinth,relay_chain,0.33185100286532954,0.317,0.0,8,3.0696373330104317e-13,True,0.30614457831325304,0.040748171459270566,-0.0271091382570412,88.6354219817402,0.07746375430574962,0.034244232450305896,1.0,0.02095272009915489,0.8925,0.04573806622660223,0.7425,0.06866117855525829,0.5075,0.12756589217706688
sample_0009,labyrinth,relay_chain,0.33185100286532954,0.317,0.0,9,3.4635869362449176e-10,True,0.30614457831325304,0.0602009716163181,-0.0578380020478626,17.538832128536512,0.07746375430574962,0.034244232450305896,1.0,0.006872460773333907,0.9975,0.041281412157795926,0.89,0.06850018562241271,0.5775,0.13284852422917787
sample_0009,labyrinth,relay_chain,0.33185100286532954,0.317,0.0,10,2.6494312331904035e-10,True,0.30614457831325304,0.2163381263401547,-0.7074164153334157,680.387200453795,0.07746375430574962,0.034244232450305896,1.0,0.0,1.0,0.02935746657000958,1.0,0.05470405803206615,0.9575,0.10787661487762842
sample_0009,labyrinth,relay_chain,0.33185100286532954,0.317,0.0,11,8.123342873070952e-12,True,0.30614457831325304,0.19394584504979218,-0.03277114485949206,47.239113154657836,0.07746375430574962,0.034244232450305896,1.0,0.018832267386514813,0.915,0.0398494801008996,0.755,0.0754719544932737,0.46,0.11364236512508859
sample_0009,labyrinth,relay_chain,0.33185100286532954,0.317,0.05,0,2.8052341695126324e-05,True,0.30614457831325304,0.04576779733478631,-0.03102701196598634,30.054266038456745,0.07746375430574962,0.034244232450305896,1.0,0.0,0.855,0.029676992196755646,0.5875,0.05302357172531995,0.455,0.10666474071932078
sample_0009,labyrinth,relay_chain,0.33185100286532954,0.317,0.05,1,1.7364980995281854e-06,True,0.25796385542168676,0.0432819268292155,-0.002835577266974143,360.7668195701533,0.222651571957513,0.18623389456881148,0.95,0.029730515847337595,0.6125,0.033096015272114906,0.5525,0.06071718981790953,0.5275,0.10690833592068207
sample_0009,labyrinth,relay_chain,0.33185100286532954,0.317,0.05,2,1.3015655852972964e-07,True,0.30614457831325304,0.041703923147488275,-0.08949821907492261,193.15777502941313,0.07746375430574962,0.034244232450305896,1.0,0.018612670874310063,1.0,0.03513741941445271,0.9775,0.07058029271831728,0.78,0.12580519715818067
sample_0009,labyrinth,relay_chain,0.33185100286532954,0.317,0.05,3,1.0973872453165676e-05,True,0.30614457831325304,0.09708981565998709,-0.30168903718074147,146.7976576629335,0.07746375430574962,0.034244232450305896,1.0,0.010558984284453198,1.0,0.0387381314797817,0.9975,0.07306422963629447,0.77,0.1237619345203266
sample_0009,labyrinth,relay_chain,0.33185100286532954,0.317,0.05,4,6.465509039201205e-08,True,0.30614457831325304,0.1516426661143555,-0.2473377989663178,489.3869367457457,0.07746375430574962,0.034244232450305896,1.0,0.011994374546261509,1.0,0.03387226045951231,1.0,0.06335646622901939,0.95,0.12816208005465488
sample_0009,labyrinth,relay_chain,0.33185100286532954,0.317,0.05,5,3.391102965624667e-08,True,0.2740240963855422,0.05543327035370993,-0.3689630353675467,468.6838529809835,0.1742556327402585,0.1355706738626429,1.0,0.011110301552498031,1.0,0.03203244123713918,1.0,0.059935425074745405,0.9875,0.11591335577467678
sample_0009,labyrinth,relay_chain,0.33185100286532954,0.317,0.05,6,1.6803989605038176e-06,True,0.30614457831325304,0.09356708327143881,-0.20855980570325205,52.47311771458773,0.07746375430574962,0.034244232450305896,1.0,0.006371587027942344,1.0,0.0394139321486839,0.995,0.07592642605364087,0.8325,0.1311428511408596
sample_0009,labyrinth,relay_chain,0.33185100286532954,0.317,0.05,7,1.2281260817296244e-06,True,0.30614457831325304,0.03913836013929206,-0.04511207513508053,30.180029553154306,0.07746375430574962,0.034244232450305896,1.0,0.0,0.96,0.02930864136682894,0.7475,0.04810209725435477,0.505,0.10120830736682901
sample_0009,labyrinth,relay_chain,0.33185100286532954,0.317,0.05,8,3.4106803052973143e-06,True,0.2900843373493976,0.06671157260308291,-0.016955241574555968,288.5826978756886,0.12585969352300413,0.08490745315647448,1.0,0.02060263975708435,0.8525,0.0362389978384901,0.6425,0.06875172244350233,0.57,0.12378692234373491
sample_0009,labyrinth,relay_chain,0.33185100286532954,0.317,0.05,9,1.2306123810965883e-07,True,0.30614457831325304,0.04029935048933453,-0.03275983159615237,80.22919992733712,0.07746375430574962,0.034244232450305896,1.0,0.013434259096237881,1.0,0.03447927757543538,0.975,0.06805911007593665,0.68,0.13658085372358278
sample_0009,labyrinth,relay_chain,0.33185100286532954,0.317,0.05,10,1.5955948680613586e-07,True,0.30614457831325304,0.044931211416410655,-0.08370592131192867,66.36788485742946,0.07746375430574962,0.034244232450305896,1.0,0.0,0.995,0.03254480453794678,0.925,0.0628487617841778,0.6125,0.1040754433420305
sample_0009,labyrinth,relay_chain,0.33185100286532954,0.317,0.05,11,0.00034946847740131403,True,0.30614457831325304,0.0856494943972077,-0.06627041515774912,17.616834552544933,0.07746375430574962,0.034244232450305896,1.0,0.0,0.87,0.033433035045889674,0.595,0.05236744559616739,0.465,0.10867991278834196
sample_0009,labyrinth,relay_chain,0.33185100286532954,0.317,0.1,0,6.21019032052574e-06,True,0.30614457831325304,0.0425106447307968,-0.25310624200137966,1386.1532027029284,0.07746375430574962,0.034244232450305896,1.0,0.017910076684400783,1.0,0.03654060193549075,0.995,0.0640619753296989,0.8675,0.12214054537881676
sample_0009,labyrinth,relay_chain,0.33185100286532954,0.317,0.1,1,5.712068831931712e-06,True,0.30614457831325304,0.1910843987070443,-0.42458171383817733,831.3107415022287,0.07746375430574962,0.034244232450305896,1.0,0.0,1.0,0.030834889787288926,1.0,0.060398559104366464,0.975,0.11869987781156388
sample_0009,labyrinth,relay_chain,0.33185100286532954,0.317,0.1,2,0.0027715418602449944,True,0.2900843373493976,0.07902970569482459,-0.013903240477745049,34.470319636558024,0.12585969352300413,0.08490745315647448,0.9975,0.020013121136642383,0.715,0.03127751722944503,0.55,0.06139312946750396,0.4,0.10908908698965503
sample_0009,labyrinth,relay_chain,0.33185100286532954,0.317,0.1,3,4.0469781393364415e-06,True,0.2900843373493976,0.07720318428959505,-0.33345933085138,354.1997368855721,0.12585969352300413,0.08490745315647448,1.0,0.02393995668274837,1.0,0.037909106255204904,1.0,0.07154619445531667,0.965,0.13111569268562956
sample_0009,labyrinth,relay_chain,0.33185100286532954,0.317,0.1,4,3.028424164051935e-07,True,0.2900843373493976,0.03790670884653391,-0.02443857003054184,209.10245504420524,0.12585969352300413,0.08490745315647448,1.0,0.0027651223214949527,0.9775,0.03751034490417977,0.8475,0.06800800939828876,0.7325,0.10754692401925105
sample_0009,labyrinth,relay_chain,0.33185100286532954,0.317,0.1,5,5.922547776866594e-06,True,0.30614457831325304,0.1219774559783442,-0.297160592415072,301.6833003017785,0.07746375430574962,0.034244232450305896,1.0,0.020232778826999514,1.0,0.029941675354656135,1.0,0.056426525568455184,0.985,0.10054589627867626
sample_0009,labyrinth,relay_chain,0.33185100286532954,0.317,0.1,6,3.9381777857960765e-07,True,0.30614457831325304,0.10153365876085996,-0.35396659232870764,190.31091145422806,0.07746375430574962,0.034244232450305896,1.0,0.004527852590632811,1.0,0.035542381729480196,1.0,0.06681659158062532,0.9625,0.12951743730786355
sample_0009,labyrinth,relay_chain,0.33185100286532954,0.317,0.1,7,2.6190891700774666e-06,True,0.30614457831325304,0.1580868454314679,-0.11057094642565735,55.4553342802517,0.07746375430574962,0.034244232450305896,1.0,0.0,1.0,0.02826338028154995,0.9875,0.051846916400434456,0.8225,0.09893827940258776
sample_0009,labyrinth,relay_chain,0.33185100286532954,0.317,0.1,8,4.3950904255844395e-05,True,0.30614457831325304,0.04852799559917287,-0.2712149856839159,92.9534336120031,0.07746375430574962,0.034244232450305896,1.0,0.003701143779132671,1.0,0.034883918970388214,1.0,0.06519231852148677,0.9025,0.12257846286405565
sample_0009,labyrinth,relay_chain,0.33185100286532954,0.317,0.1,9,2.991224532267076e-05,True,0.30614457831325304,0.21586169731280247,-0.29370979698014565,36.65755466137123,0.07746375430574962,0.034244232450305896,1.0,0.018585596799774305,1.0,0.030269081924197177,1.0,0.056274228060307754,0.8875,0.10621362900675335
sample_0009,labyrinth,relay_chain,0.33185100286532954,0.317,0.1,10,6.034988368990586e-06,True,0.30614457831325304,0.054146980765567676,-0.6207015819504604,145.1775470192199,0.07746375430574962,0.034244232450305896,1.0,0.00262004591371528,1.0,0.0359878091689664,0.9925,0.07185669996745854,0.8625,0.12183254746888422
sample_0009,labyrinth,relay_chain,0.33185100286532954,0.317,0.1,11,1.3985772136895992e-05,True,0.30614457831325304,0.0906528291652009,-0.32171526519096094,300.4754267462733,0.07746375430574962,0.034244232450305896,1.0,0.0,1.0,0.031245199138319163,1.0,0.05675331033754481,0.9325,0.11744082157667467
sample_0009,labyrinth,relay_chain,0.33185100286532954,0.317,0.2,0,6.033113647383949e-05,True,0.22584337349397593,0.07153032631638201,-0.23335640837249372,2292.266429520251,0.3194434503920219,0.2875603359811485,1.0,0.0,1.0,0.024261307230527662,1.0,0.05006248210686984,1.0,0.0963876541639044
sample_0009,labyrinth,relay_chain,0.33185100286532954,0.317,0.2,1,8.755306046649324e-05,True,0.30614457831325304,0.08598340931514326,-0.10195336843857938,76.93254360581852,0.07746375430574962,0.034244232450305896,1.0,0.0,1.0,0.02881175444716181,0.9975,0.054986350388185834,0.9075,0.09526733418799645
sample_0009,labyrinth,relay_chain,0.33185100286532954,0.317,0.2,2,9.869545209039275e-05,True,0.30614457831325304,0.1055898063088101,-0.1925646034833981,153.57756817172964,0.07746375430574962,0.034244232450305896,1.0,0.0,1.0,0.02849137355462776,1.0,0.05634357453701795,0.965,0.10583694833780176
sample_0009,labyrinth,relay_chain,0.33185100286532954,0.317,0.2,3,3.242032868988915e-06,True,0.2900843373493976,0.10189785623425962,-0.2813624818151963,654.1224794596897,0.12585969352300413,0.08490745315647448,1.0,0.026581739640544163,1.0,0.02772590728051976,1.0,0.046298618873395786,0.995,0.09573286240605779
sample_0009,labyrinth,relay_chain,0.33185100286532954,0.317,0.2,4,5.0245945223401846e-05,True,0.19372289156626507,0.07384245439120463,-0.24430809158976174,7122.011698812092,0.41623532882653086,0.3888867773934856,1.0,0.02162794571877992,1.0,0.0423271679576202,1.0,0.07169070610347147,0.9775,0.11569214593106697
sample_0009,labyrinth,relay_chain,0.33185100286532954,0.317,0.2,5,0.0013752592707791912,True,0.3222048192771084,0.20327105277325508,-0.21936496650328152,211.4548537750203,0.02906781508849527,0.01641898825586252,1.0,1.7228529156019889e-16,1.0,0.03240541456568383,0.9975,0.0658542421838592,0.89,0.12083066312699321
sample_0009,labyrinth,relay_chain,0.33185100286532954,0.317,0.2,6,2.337493432995312e-05,True,0.2900843373493976,0.19984192955772428,-0.0852333667869496,795.1339121364106,0.12585969352300413,0.08490745315647448,1.0,0.0027643569857059838,1.0,0.028516662712314445,1.0,0.048855149708260104,0.875,0.09753287772052789
sample_0009,labyrinth,relay_chain,0.33185100286532954,0.317,0.2,7,0.0001861331405944337,True,0.30614457831325304,0.10351105242712855,-0.007748785432752259,390.5299031664513,0.07746375430574962,0.034244232450305896,1.0,0.002620045913715281,0.845,0.03579408927470107,0.66,0.05999932530977757,0.5425,0.12173478239039738
sample_0009,labyrinth,relay_chain,0.33185100286532954,0.317,0.2,8,0.0003662490416317694,True,0.30614457831325304,0.10479049215595992,-0.49454744778125126,171.21378628683667,0.07746375430574962,0.034244232450305896,1.0,0.025216281325410435,1.0,0.03294129672609414,1.0,0.06131324204817271,0.945,0.11368165840929022
sample_0009,labyrinth,relay_chain,0.33185100286532954,0.317,0.2,9,2.6229988256014794e-06,True,0.2900843373493976,0.06213710539447881,-0.12315831746257638,446.69169973686803,0.12585969352300413,0.08490745315647448,1.0,0.0,1.0,0.03147135067846033,1.0,0.055859191799949984,0.965,0.11097165825693091
sample_0009,labyrinth,relay_chain,0.33185100286532954,0.317,0.2,10,0.0007533625311331108,True,0.3222048192771084,0.12244377170246956,-0.10337541199102684,49.38630101979454,0.02906781508849527,0.01641898825586252,1.0,0.008515622984677078,1.0,0.031026497833401744,0.975,0.05513950784004914,0.82,0.10988733439674574
sample_0009,labyrinth,relay_chain,0.33185100286532954,0.317,0.2,11,6.345896231320259e-06,True,0.30614457831325304,0.058891693018985336,-0.1222503740596772,340.5992975842549,0.07746375430574962,0.034244232450305896,1.0,0.02686344725078398,1.0,0.03529652634127603,1.0,0.06258495940725867,0.945,0.12156825953313818
sample_0009,labyrinth,relay_chain,0.33185100286532954,0.317,0.35,0,0.021460738133025722,True,0.3543253012048193,0.06993617092747062,-0.029597513123262864,58.56447426655952,0.06772406334601376,0.1177454296681997,1.0,3.1333439098197135e-16,1.0,0.03488908027949344,0.9375,0.063392319634141,0.69,0.12712385141864324
sample_0009,labyrinth,relay_chain,0.33185100286532954,0.317,0.35,1,3.439083937793272e-05,True,0.2900843373493976,0.06763094024713912,-0.5816277395666773,426.2606169382667,0.12585969352300413,0.08490745315647448,1.0,0.01787244471811605,1.0,0.03514519994898064,1.0,0.0685028028335774,0.9575,0.13359956789729519
sample_0009,labyrinth,relay_chain,0.33185100286532954,0.317,0.35,2,0.0006249208249160884,True,0.30614457831325304,0.14969325068789985,-0.061310920809863445,594.1434473280257,0.07746375430574962,0.034244232450305896,1.0,0.005222410078420228,1.0,0.02754645840483317,0.995,0.04797984023294905,0.905,0.10468873619673799
sample_0009,labyrinth,relay_chain,0.33185100286532954,0.317,0.35,3,5.574369492892832e-08,True,0.2900843373493976,0.05864956523982201,-0.1812019791469024,608.567574462553,0.12585969352300413,0.08490745315647448,1.0,0.009428737405292396,1.0,0.030137002451285918,1.0,0.05221000442739897,0.975,0.10764224147506189
sample_0009,labyrinth,relay_chain,0.33185100286532954,0.317,0.35,4,1.1169004183231963,False,0.001,0.3267428842026856,0.32674599308205443,11.386685629275888,0.9969865994335843,0.9968454258675079,,,,,,,,
sample_0009,labyrinth,relay_chain,0.33185100286532954,0.317,0.35,5,0.010085348497371055,True,0.33826506024096387,0.11512963233128204,-0.2435569930670738,311.06322096654793,0.01932812412875925,0.06708220896203111,1.0,0.0033496124972135334,1.0,0.03219491275009944,0.9925,0.06814590412218634,0.8825,0.11383698727672252
sample_0009,labyrinth,relay_chain,0.33185100286532954,0.317,0.35,6,0.0001643009683500637,True,0.25796385542168676,0.060222845500165434,-0.3886225668985518,2383.2701142440674,0.222651571957513,0.18623389456881148,1.0,2.1518964794705528e-16,1.0,0.02652240572712472,1.0,0.04617423057552141,1.0,0.0904603987330968
sample_0009,labyrinth,relay_chain,0.33185100286532954,0.317,0.35,7,0.00021018123574103912,True,0.30614457831325304,0.05699239682257051,-0.43945052731709766,592.716577921759,0.07746375430574962,0.034244232450305896,1.0,0.02574869353880036,1.0,0.03296110751032537,1.0,0.06113650225548603,0.9675,0.11399658433975501
sample_0009,labyrinth,relay_chain,0.33185100286532954,0.317,0.35,8,0.04391355899078666,True,0.25796385542168676,0.06598194764589094,-0.15859614257261934,28.683835460455587,0.222651571957513,0.18623389456881148,1.0,0.017917418116767315,0.9575,0.04476491005967659,0.7925,0.07982905767013095,0.585,0.14062239706275734
sample_0009,labyrinth,relay_chain,0.33185100286532954,0.317,0.35,9,0.0010245847748217452,True,0.30614457831325304,0.0624450620158159,-0.18054346394153664,291.33455960373624,0.07746375430574962,0.034244232450305896,1.0,0.0,1.0,0.0340298561091282,0.9925,0.06823602282132345,0.9125,0.11359560519679952
sample_0009,labyrinth,relay_chain,0.33185100286532954,0.317,0.35,10,2.2631323431612036e-06,True,0.30614457831325304,0.06966734436315347,-0.13872765501796058,95.07392419707335,0.07746375430574962,0.034244232450305896,1.0,0.0,1.0,0.029494638271814037,1.0,0.055912886910595413,0.9525,0.10646911991147658
sample_0009,labyrinth,relay_chain,0.33185100286532954,0.317,0.35,11,0.005628522619039115,True,0.2900843373493976,0.04098585883167871,-0.07754017698504834,56.713214569022036,0.12585969352300413,0.08490745315647448,1.0,0.027736982365888,1.0,0.03262731918491089,0.9575,0.06285104985551274,0.7125,0.11296141112290463
sample_0010,spots,relay_chain,0.21154154727793698,0.227,0.0,0,6.209907565354268e-11,True,0.2097831325301205,0.2092312339610931,-0.016525227250798302,237.2681430817721,0.008312384826731791,0.0758452311448437,1.0,1.323060404374684e-16,0.94,0.03632700218738316,0.675,0.049964309488688394,0.4225,0.08808195703977491
sample_0010,spots,relay_chain,0.21154154727793698,0.227,0.0,1,1.1364030934986816e-10,True,0.2097831325301205,0.14593849830714678,-0.09288088420182272,542.6781707144323,0.008312384826731791,0.0758452311448437,1.0,1.323060404374684e-16,1.0,0.032390246728122615,0.9925,0.05475768871837221,0.87,0.099269717178786
sample_0010,spots,relay_chain,0.21154154727793698,0.227,0.0,2,2.052576973422789e-11,True,0.19372289156626507,0.09275856334124732,-0.04695333431029525,254.24542392353624,0.0842324164730657,0.14659519133803936,1.0,0.004139115726185722,1.0,0.03667536630369779,1.0,0.06061565624760216,0.9425,0.11938004662474236
sample_0010,spots,relay_chain,0.21154154727793698,0.227,0.0,3,1.9280021068073137e-09,True,0.19372289156626507,0.15522538878240155,-0.02598737437076515,784.7077647414138,0.0842324164730657,0.14659519133803936,1.0,2.865492600406991e-16,0.7925,0.024299365770639243,0.6375,0.053020934484504276,0.58,0.08966399270236494
sample_0010,spots,relay_chain,0.21154154727793698,0.227,0.0,4,7.735640555818743e-13,True,0.22584337349397593,0.09749492956246186,-0.1495226202274238,205.81887754409564,0.06760764681960224,0.005095270951647919,1.0,0.014388751253963555,1.0,0.03469732480827701,0.98,0.05359718126325142,0.8275,0.08976490415733396
sample_0010,spots,relay_chain,0.21154154727793698,0.227,0.0,5,3.5828962526956064e-11,True,0.2097831325301205,0.1516763452189287,-0.056322373335685794,133.57996763847888,0.008312384826731791,0.0758452311448437,1.0,1.323060404374684e-16,1.0,0.025965945937543616,0.9075,0.05022178169538066,0.72,0.08972161153198763
sample_0010,spots,relay_chain,0.21154154727793698,0.227,0.0,6,1.4479631591101083e-11,True,0.2097831325301205,0.18055586408118884,-0.041699968840646306,324.0162832363545,0.008312384826731791,0.0758452311448437,1.0,0.039191366677456624,1.0,0.03981356097413375,0.9875,0.0574334897816599,0.7725,0.10094137504956396
sample_0010,spots,relay_chain,0.21154154727793698,0.227,0.0,7,5.878832246204814e-07,False,0.19372289156626507,0.05901469497469236,0.00037998170607389525,359.22510712937594,0.0842324164730657,0.14659519133803936,,,,,,,,
sample_0010,spots,relay_chain,0.21154154727793698,0.227,0.0,8,1.277345469346231e-10,True,0.2097831325301205,0.029346787870608182,-0.24522563058398839,330.2582211977307,0.008312384826731791,0.0758452311448437,1.0,0.03670108392353014,1.0,0.03678324778953657,0.9475,0.05010977958760001,0.8175,0.08992978774694597
sample_0010,spots,relay_chain,0.21154154727793698,0.227,0.0,9,7.212406497425645e-10,True,0.2097831325301205,0.050329325546172754,-0.02803227053294255,1373.4752127990373,0.008312384826731791,0.0758452311448437,1.0,1.323060404374684e-16,0.98,0.02312247633767439,0.7725,0.049682546920731256,0.6375,0.08940164625777963
sample_0010,spots,relay_chain,0.21154154727793698,0.227,0.0,10,1.4511283163173545e-11,True,0.2097831325301205,0.20872800608306896,-0.14194355334681386,137.0449367209333,0.008312384826731791,0.0758452311448437,1.0,0.02093038253243953,1.0,0.039085334606556964,1.0,0.06303448822742419,0.91,0.12473554556015083
sample_0010,spots,relay_chain,0.21154154727793698,0.227,0.0,11,3.122713160633817e-11,True,0.17766265060240966,0.05983316356512347,-0.03171941260745381,365.40553012864626,0.1601524481193996,0.21734515153123501,1.0,1.562262834732944e-16,0.9925,0.03715397895894074,0.895,0.062073692061555955,0.715,0.1204398520343751
sample_0010,spots,relay_chain,0.21154154727793698,0.227,0.05,0,3.1543758198639484e-07,True,0.22584337349397593,0.06399472402644779,-0.11130047825743095,60.647454628510864,0.06760764681960224,0.005095270951647919,1.0,0.0,0.9975,0.032126656143571124,0.9125,0.054030087928955244,0.6675,0.09084970093656651
sample_0010,spots,relay_chain,0.21154154727793698,0.227,0.05,1,3.4950061355008962e-06,True,0.22584337349397593,0.3319319543989412,-0.08212284077456644,28.452444749926038,0.06760764681960224,0.005095270951647919,1.0,0.0,1.0,0.04006214360256416,0.9,0.07832926742313431,0.705,0.1297843443485346
sample_0010,spots,relay_chain,0.21154154727793698,0.227,0.05,2,1.6106307871533954e-06,True,0.22584337349397593,0.31676455093736955,-0.11411889642742079,314.2187712866301,0.06760764681960224,0.005095270951647919,1.0,0.03678324778953656,1.0,0.037623505371637764,0.9525,0.05753268940389774,0.73,0.09596870978078509
sample_0010,spots,relay_chain,0.21154154727793698,0.227,0.05,3,4.453098369852537e-07,True,0.22584337349397593,0.15869663992180172,-0.05536620649024715,285.0361470369853,0.06760764681960224,0.005095270951647919,1.0,0.02413845995207414,1.0,0.0385439971203254,0.9575,0.07170498148981796,0.745,0.12108950886918204
sample_0010,spots,relay_chain,0.21154154727793698,0.227,0.05,4,1.233673646528432e-06,True,0.22584337349397593,0.1292250858346904,-0.01584814831854109,253.3068269571279,0.06760764681960224,0.005095270951647919,1.0,0.02413845995207414,0.945,0.03665235771491746,0.72,0.06209336690732859,0.61,0.1116837909282267
sample_0010,spots,relay_chain,0.21154154727793698,0.227,0.05,5,1.7151386222572942e-07,True,0.2097831325301205,0.12871038021361692,-0.005465660610680434,285.49636368074954,0.008312384826731791,0.0758452311448437,1.0,0.039472473426510314,0.8075,0.04032373777684593,0.6275,0.06291677259252369,0.44,0.10018417877542993
sample_0010,spots,relay_chain,0.21154154727793698,0.227,0.05,6,1.8486414415467997e-08,True,0.19372289156626507,0.032045858196093846,-0.0668529302648253,1837.668557911203,0.0842324164730657,0.14659519133803936,1.0,2.865492600406991e-16,1.0,0.026351986003240024,1.0,0.05607862797161615,0.9975,0.10385655065749015
sample_0010,spots,relay_chain,0.21154154727793698,0.227,0.05,7,2.892854180457661e-09,True,0.2097831325301205,0.16728968184136672,-0.015200829543107863,222.06333506316682,0.008312384826731791,0.0758452311448437,1.0,1.323060404374684e-16,0.92,0.02826351411670886,0.7725,0.05312684341895484,0.6225,0.09872661384241856
sample_0010,spots,relay_chain,0.21154154727793698,0.227,0.05,8,0.0011689653660315541,False,0.19372289156626507,0.2956415104420653,0.003165399803090496,755.6100636039207,0.0842324164730657,0.14659519133803936,,,,,,,,
sample_0010,spots,relay_chain,0.21154154727793698,0.227,0.05,9,2.101624985959359e-07,True,0.17766265060240966,0.12716283364742775,-0.002604089421260558,422.5713717103892,0.1601524481193996,0.21734515153123501,0.9825,0.004553092972825667,0.69,0.036142348225874255,0.5325,0.05006897940743474,0.4025,0.08708108491595602
sample_0010,spots,relay_chain,0.21154154727793698,0.227,0.05,10,7.498513138994107e-06,True,0.19372289156626507,0.33242412199493465,-0.027299302564511074,629.0109348068537,0.0842324164730657,0.14659519133803936,1.0,2.865492600406991e-16,0.9,0.020454657627259194,0.7125,0.050517429513584816,0.485,0.08593281682072881
sample_0010,spots,relay_chain,0.21154154727793698,0.227,0.05,11,1.942174145399864e-06,True,0.22584337349397593,0.08486755842373483,-0.5445891091706607,432.7499989651391,0.06760764681960224,0.005095270951647919,1.0,0.016275857784160654,1.0,0.0367960894482275,1.0,0.06114775327786565,0.9575,0.11256566615070661
sample_0010,spots,relay_chain,0.21154154727793698,0.227,0.1,0,3.069324325632643e-06,True,0.2097831325301205,0.05515886909697887,-0.03903369572048776,250.89920482058946,0.008312384826731791,0.0758452311448437,1.0,0.03622214672388016,1.0,0.03723384153230818,0.97,0.05747211926070432,0.7625,0.09765435420405466
sample_0010,spots,relay_chain,0.21154154727793698,0.227,0.1,1,2.7872935595249113,False,0.04918072289156627,0.7540045047119368,0.7434055534184778,157.944329028828,0.7675127012900711,0.7833448330768006,,,,,,,,
sample_0010,spots,relay_chain,0.21154154727793698,0.227,0.1,2,3.6026133904801196e-06,True,0.2097831325301205,0.06723328204147272,-0.1305726842571837,179.20503349143812,0.008312384826731791,0.0758452311448437,1.0,0.03118792509256376,1.0,0.03679247965835568,0.9925,0.05226861480937457,0.84,0.09323344696976688
sample_0010,spots,relay_chain,0.21154154727793698,0.227,0.1,3,7.644047013547242e-07,True,0.2097831325301205,0.2096367433849302,-0.024429861259228858,439.30652800487326,0.008312384826731791,0.0758452311448437,1.0,0.0325273485367819,0.9675,0.03727123720569014,0.8375,0.05687995964861045,0.61,0.107734495397646
sample_0010,spots,relay_chain,0.21154154727793698,0.227,0.1,4,1.770348698152314e-07,True,0.2097831325301205,0.0282196974723119,-0.19434263317201994,168.62131627423085,0.008312384826731791,0.0758452311448437,1.0,0.011334012730083385,1.0,0.035101949864105676,0.975,0.05353522127531101,0.805,0.10972828701315375
sample_0010,spots,relay_chain,0.21154154727793698,0.227,0.1,5,0.00024209191451945802,True,0.2097831325301205,0.012109500120864425,-0.4609994653202396,1911.6823359750713,0.008312384826731791,0.0758452311448437,1.0,0.015925320364631977,1.0,0.03778853445404354,0.9575,0.05348292321723212,0.84,0.09992857981625776
sample_0010,spots,relay_chain,0.21154154727793698,0.227,0.1,6,1.1337966186457005e-06,True,0.17766265060240966,0.10753101716902513,-0.17374182821938555,1889.6626925904088,0.1601524481193996,0.21734515153123501,1.0,0.016665941197154713,1.0,0.044525557899246476,1.0,0.053294049805639315,0.9775,0.08711412357531637
sample_0010,spots,relay_chain,0.21154154727793698,0.227,0.1,7,7.673669379154096e-06,True,0.2097831325301205,0.1382573401856413,-0.15253806296369476,212.11540821573425,0.008312384826731791,0.0758452311448437,1.0,1.323060404374684e-16,1.0,0.030166893289790022,0.9975,0.059337344574911854,0.9225,0.10130673512179082
sample_0010,spots,relay_chain,0.21154154727793698,0.227,0.1,8,2.7816118204736293e-06,True,0.2097831325301205,0.028052146576372117,-0.0017424473760199177,127.35832542321123,0.008312384826731791,0.0758452311448437,0.995,1.323060404374684e-16,0.685,0.03285021592108642,0.55,0.06182425243033229,0.42,0.11392700211359286
sample_0010,spots,relay_chain,0.21154154727793698,0.227,0.1,9,1.9236641986812375e-06,True,0.1616024096385542,0.02854160652786053,-0.028280882075649494,1268.3058166761352,0.23607247976573364,0.2880951117244308,1.0,0.0,1.0,0.041959946104385824,0.9825,0.05895475814509439,0.8275,0.09999303916314921
sample_0010,spots,relay_chain,0.21154154727793698,0.227,0.1,10,2.591646432724436e-05,True,0.2097831325301205,0.03708914725437351,-0.12595196072205617,55.547355343943174,0.008312384826731791,0.0758452311448437,1.0,0.02589351337803458,1.0,0.03793747180604546,0.9875,0.06264981963971411,0.8675,0.11872995584884541
sample_0010,spots,relay_chain,0.21154154727793698,0.227,0.1,11,2.460055852068734e-07,True,0.2097831325301205,0.03330801022147156,-0.056419744250296944,849.4144840566014,0.008312384826731791,0.0758452311448437,1.0,1.323060404374684e-16,1.0,0.023582645853889764,1.0,0.05224199616914748,0.92,0.08315123358033855
sample_0010,spots,relay_chain,0.21154154727793698,0.227,0.2,0,2.7846219818670994e-05,True,0.2097831325301205,0.07179207959015166,-0.05684439995713486,195.38181085813486,0.008312384826731791,0.0758452311448437,1.0,0.003822300571321153,1.0,0.03395450593397937,1.0,0.057313925982446126,0.945,0.10493374899177448
sample_0010,spots,relay_chain,0.21154154727793698,0.227,0.2,1,9.442997279366629e-06,True,0.2097831325301205,0.06664004846761973,-0.08120056317108326,198.74177329328026,0.008312384826731791,0.0758452311448437,1.0,1.323060404374684e-16,1.0,0.03484674941133089,1.0,0.05354588116389042,0.9075,0.10531591588525836
sample_0010,spots,relay_chain,0.21154154727793698,0.227,0.2,2,5.429302772140391e-06,True,0.2097831325301205,0.05306084191774829,-0.060422207827711905,161.25665775950915,0.008312384826731791,0.0758452311448437,1.0,1.323060404374684e-16,1.0,0.03491792416710185,0.9925,0.05653465848076827,0.835,0.10024102848063683
sample_0010,spots,relay_chain,0.21154154727793698,0.227,0.2,3,7.801970506684035e-06,True,0.2097831325301205,0.07102221232956474,-0.08522895331733804,575.5070099523862,0.008312384826731791,0.0758452311448437,1.0,1.323060404374684e-16,1.0,0.029397534116108185,0.9975,0.051256190608848604,0.95,0.09164492953249055
sample_0010,spots,relay_chain,0.21154154727793698,0.227,0.2,4,6.519714874814133e-05,True,0.2097831325301205,0.07892565762993353,-0.22146624617836508,217.85538417291298,0.008312384826731791,0.0758452311448437,1.0,1.323060404374684e-16,1.0,0.034394050795703984,1.0,0.05305071686041805,0.975,0.0943097677689425
sample_0010,spots,relay_chain,0.21154154727793698,0.227,0.2,5,3.369259015145878e-06,True,0.19372289156626507,0.06954601834902574,-0.07137180447532437,448.8446796847747,0.0842324164730657,0.14659519133803936,1.0,2.865492600406991e-16,1.0,0.024421854650855758,1.0,0.05141184357416584,0.935,0.09270408358433616
sample_0010,spots,relay_chain,0.21154154727793698,0.227,0.2,6,4.919575881658016e-06,True,0.19372289156626507,0.06280153204228078,-0.1612545246938264,1188.3192059618102,0.0842324164730657,0.14659519133803936,1.0,0.039669237585710296,1.0,0.03981559494235011,1.0,0.04811916161345095,0.99,0.08926306045220281
sample_0010,spots,relay_chain,0.21154154727793698,0.227,0.2,7,2.0367697648544298e-05,True,0.2097831325301205,0.06639113687390008,-0.2108687295182754,141.1216568649134,0.008312384826731791,0.0758452311448437,1.0,1.323060404374684e-16,1.0,0.025186789683814197,1.0,0.05275554631214674,0.98,0.09678234808519945
sample_0010,spots,relay_chain,0.21154154727793698,0.227,0.2,8,0.0004911882513492966,True,0.2097831325301205,0.19252383593535916,-0.010306321318503286,160.60820482754636,0.008312384826731791,0.0758452311448437,1.0,1.323060404374684e-16,0.77,0.02642215485107402,0.6225,0.05173747177304662,0.495,0.08555869152499584
sample_0010,spots,relay_chain,0.21154154727793698,0.227,0.2,9,1.97543664744382e-07,True,0.19372289156626507,0.04854451564079554,-0.2746059792298958,728.3314063718631,0.0842324164730657,0.14659519133803936,1.0,2.865492600406991e-16,1.0,0.02574387906866305,1.0,0.0521018028550722,1.0,0.10336854528775165
sample_0010,spots,relay_chain,0.21154154727793698,0.227,0.2,10,4.970237380123069e-05,True,0.2097831325301205,0.09780170275276667,-0.19806276033705172,147.3094649798116,0.008312384826731791,0.0758452311448437,1.0,0.029458058932751125,1.0,0.03653378711951199,1.0,0.05417016841388646,0.965,0.09525398079997978
sample_0010,spots,relay_chain,0.21154154727793698,0.227,0.2,11,3.863054409557362e-06,True,0.2097831325301205,0.05663450407945625,-0.13010394049403362,440.37694805748515,0.008312384826731791,0.0758452311448437,1.0,0.039773514008272795,1.0,0.03976212460340805,1.0,0.053586558770660625,0.985,0.08888866088870394
sample_0010,spots,relay_chain,0.21154154727793698,0.227,0.35,0,0.00028403708034678706,True,0.12948192771084338,0.016571412235108163,-0.004843167134060078,1343.0040132205745,0.38791254305840145,0.4295950321108221,1.0,2.1435868392083366e-16,0.925,0.05299079053913633,0.7225,0.062202029846073606,0.6375,0.10280955117219838
sample_0010,spots,relay_chain,0.21154154727793698,0.227,0.35,1,0.0016390652786430668,False,0.19372289156626507,0.18083286473302262,0.019734858796560006,475.09240504579253,0.0842324164730657,0.14659519133803936,,,,,,,,
sample_0010,spots,relay_chain,0.21154154727793698,0.227,0.35,2,3.6375914707773646e-05,True,0.19372289156626507,0.05000759491170914,-0.15261503402152932,967.8523129984706,0.0842324164730657,0.14659519133803936,1.0,0.040873192803640296,1.0,0.04323423134611308,1.0,0.05114318900009692,1.0,0.09162911861734371
sample_0010,spots,relay_chain,0.21154154727793698,0.227,0.35,3,0.0005507678251718054,True,0.1616024096385542,0.04376541616125085,-0.1272777519761893,1809.5046816107872,0.23607247976573364,0.2880951117244308,1.0,0.0,1.0,0.04017182721497538,1.0,0.06640352771399803,0.96,0.11828343068309784
sample_0010,spots,relay_chain,0.21154154727793698,0.227,0.35,4,0.00021673645472069332,True,0.19372289156626507,0.05161826667894154,-0.14828359802430546,552.1977684736278,0.0842324164730657,0.14659519133803936,1.0,2.865492600406991e-16,1.0,0.017068998456317392,1.0,0.05293374180364704,0.995,0.1024676053785409
sample_0010,spots,relay_chain,0.21154154727793698,0.227,0.35,5,0.0001582411556085753,True,0.12948192771084338,0.07174423502973948,-0.03207193774339745,2743.898846263262,0.38791254305840145,0.4295950321108221,1.0,0.006195894964591718,1.0,0.056974374631593626,1.0,0.06619147273112838,0.94,0.09178243469225959
sample_0010,spots,relay_chain,0.21154154727793698,0.227,0.35,6,0.02798792957408506,True,0.25796385542168676,0.19938915768027599,-0.6914606879484302,408.33575059000304,0.21944771011227007,0.1364046494347434,1.0,2.1518964794705528e-16,1.0,0.03482400578511343,0.9975,0.06195042758662865,0.8975,0.10520116731685494
sample_0010,spots,relay_chain,0.21154154727793698,0.227,0.35,7,0.00015203235815535758,True,0.1616024096385542,0.1673876484565664,-0.12424509721221844,2347.5848995287133,0.23607247976573364,0.2880951117244308,1.0,0.03542089429234291,1.0,0.04662108242068966,1.0,0.05632595100987005,0.9225,0.0939585015732083
sample_0010,spots,relay_chain,0.21154154727793698,0.227,0.35,8,1.1043540786030576e-05,True,0.19372289156626507,0.03382377031117967,-0.09254990400142338,336.11912158079264,0.0842324164730657,0.14659519133803936,1.0,0.008241928009574274,1.0,0.03698762245254477,1.0,0.052657628859172766,0.9975,0.10205366833468024
sample_0010,spots,relay_chain,0.21154154727793698,0.227,0.35,9,6.813276936101984e-07,True,0.2097831325301205,0.1399748040184905,-0.2114534659912375,299.5484925773786,0.008312384826731791,0.0758452311448437,1.0,1.323060404374684e-16,1.0,0.028655967131569555,1.0,0.05366399965662712,0.98,0.10195792161350968
sample_0010,spots,relay_chain,0.21154154727793698,0.227,0.35,10,0.00023622504447662576,True,0.1455421686746988,0.043864719554875364,-0.05069704868941649,1807.3778088339338,0.3119925114120676,0.3588450719176265,1.0,1.9070470000804637e-16,1.0,0.016554420102885888,1.0,0.05736849233495899,0.9925,0.10816237964332244
sample_0010,spots,relay_chain,0.21154154727793698,0.227,0.35,11,3.914481440782951e-05,True,0.19372289156626507,0.023229403888902933,-0.2661125010164501,427.6268624625987,0.0842324164730657,0.14659519133803936,1.0,2.865492600406991e-16,1.0,0.027350563133801825,1.0,0.05457891802766763,0.9875,0.09783621425024336
sample_0011,stripes,relay_chain,0.28172206303724934,0.247,0.0,0,1.2034484232023772e-09,True,0.24190361445783135,0.2105359481107616,-0.2124073822962912,232.9479821008176,0.14133947533301,0.020633139846836648,1.0,0.03420299515986187,1.0,0.038259722495709296,1.0,0.06635481302964795,0.925,0.11635219908800139
sample_0011,stripes,relay_chain,0.28172206303724934,0.247,0.0,1,0.05000557887491815,False,0.001,0.0323533907768212,0.032416026733157355,60.192422027113736,0.996450402253842,0.9959514170040485,,,,,,,,
sample_0011,stripes,relay_chain,0.28172206303724934,0.247,0.0,2,0.7634914662897087,False,0.001,0.044207260213149246,0.04421443212735143,3.896810929875585,0.996450402253842,0.9959514170040485,,,,,,,,
sample_0011,stripes,relay_chain,0.28172206303724934,0.247,0.0,3,2.8816274513335717e-11,True,0.22584337349397593,0.15265251785831335,-0.06597560937256802,137.7988251115832,0.19834687046106544,0.08565435832398408,1.0,0.00707055614046199,1.0,0.03368641378411466,0.955,0.054543131623874454,0.755,0.0981468082654077
sample_0011,stripes,relay_chain,0.28172206303724934,0.247,0.0,4,0.0003999715182558413,False,0.22584337349397593,0.01064160715031548,0.003219759086596774,126.69973300859279,0.19834687046106544,0.08565435832398408,,,,,,,,
sample_0011,stripes,relay_chain,0.28172206303724934,0.247,0.0,5,6.156547036277025e-10,True,0.24190361445783135,0.1026553593304147,-0.5929334657998702,114.58783552181701,0.14133947533301,0.020633139846836648,1.0,0.0066102171312218145,1.0,0.03386076094939562,1.0,0.056676500795362066,0.9775,0.10496281332360613
sample_0011,stripes,relay_chain,0.28172206303724934,0.247,0.0,6,6.080296653831044e-07,True,0.22584337349397593,0.4263031405890336,-0.038405244757989676,210.01240211360124,0.19834687046106544,0.08565435832398408,1.0,0.026541669184398608,0.9,0.034088885735508535,0.695,0.04950955053155303,0.455,0.08319826476759662
sample_0011,stripes,relay_chain,0.28172206303724934,0.247,0.0,7,5.434924542833008e-12,True,0.24190361445783135,0.1442308060466928,-0.48924852645958716,84.56882150252343,0.14133947533301,0.020633139846836648,1.0,2.2947631996186864e-16,1.0,0.04322971549374427,0.9925,0.0740910058092369,0.86,0.13054661905215206
sample_0011,stripes,relay_chain,0.28172206303724934,0.247,0.0,8,0.018716589936553084,False,0.24190361445783135,0.17032282475363303,0.06749929933882193,480.0790649751919,0.14133947533301,0.020633139846836648,,,,,,,,
sample_0011,stripes,relay_chain,0.28172206303724934,0.247,0.0,9,2.4360106003508257e-10,True,0.22584337349397593,0.18320629534714783,-0.07808032334831871,593.0882605956009,0.19834687046106544,0.08565435832398408,1.0,0.0,0.9775,0.026809554850194716,0.8425,0.047183912916799436,0.7375,0.09126365904232636
sample_0011,stripes,relay_chain,0.28172206303724934,0.247,0.0,10,1.8053490608461346e-12,True,0.24190361445783135,0.22213764910104317,-0.4658233628822226,219.52622910793616,0.14133947533301,0.020633139846836648,1.0,2.2947631996186864e-16,1.0,0.035243835899295355,1.0,0.06606817760455708,0.9675,0.12561838613447313
sample_0011,stripes,relay_chain,0.28172206303724934,0.247,0.0,11,0.007789450781588922,False,0.2097831325301205,0.39641370072060766,0.007811215222822354,214.66557713298226,0.255354265589121,0.15067557680113164,,,,,,,,
sample_0011,stripes,relay_chain,0.28172206303724934,0.247,0.05,0,7.304010191570281e-07,True,0.24190361445783135,0.03650068712636623,-0.3066612360073595,93.17183071022583,0.14133947533301,0.020633139846836648,1.0,0.02991972653970842,1.0,0.03523335895827458,1.0,0.055875103325853714,0.8825,0.10858791795502332
sample_0011,stripes,relay_chain,0.28172206303724934,0.247,0.05,1,0.005486499382717593,False,0.001,0.0317694581434963,0.031784814438853726,29.329622889679325,0.996450402253842,0.9959514170040485,,,,,,,,
sample_0011,stripes,relay_chain,0.28172206303724934,0.247,0.05,2,3.686647609214712e-07,True,0.22584337349397593,0.26246860221863066,-0.08046776242073839,175.00506341628397,0.19834687046106544,0.08565435832398408,1.0,0.0,1.0,0.030547711558706572,0.9875,0.05263642011037828,0.75,0.10037688714804133
sample_0011,stripes,relay_chain,0.28172206303724934,0.247,0.05,3,0.005723859678386872,False,0.22584337349397593,0.09909453216019948,0.006469377945591215,125.68376491865043,0.19834687046106544,0.08565435832398408,,,,,,,,
sample_0011,stripes,relay_chain,0.28172206303724934,0.247,0.05,4,1.0148309040397524e-06,True,0.22584337349397593,0.08638248180121355,-0.48173785837160765,220.0947808117777,0.19834687046106544,0.08565435832398408,1.0,0.034348209810391904,1.0,0.03700557931816666,1.0,0.06873276690076713,0.9425,0.1273809444570051
sample_0011,stripes,relay_chain,0.28172206303724934,0.247,0.05,5,0.08807778316315247,True,0.30614457831325304,0.0011963161537700273,-0.7140021458808061,508.8632976936887,0.08669010517921186,0.23945173406175319,0.83,0.015189006422563326,0.625,0.02513987824528226,0.59,0.04708976397669941,0.48,0.09505157658925155
sample_0011,stripes,relay_chain,0.28172206303724934,0.247,0.05,6,8.034474559215222e-08,True,0.2097831325301205,0.16157457507957318,-0.05405779103636654,1735.368168516841,0.255354265589121,0.15067557680113164,1.0,0.018265035468481503,0.995,0.0383702009856534,0.925,0.050999672705088095,0.77,0.09360428997432135
sample_0011,stripes,relay_chain,0.28172206303724934,0.247,0.05,7,1.1793345738680656,True,0.7076506024096386,0.9322011126867356,-0.012586555326425497,145.40001522811517,1.5118749833805984,1.8649821959904398,0.88,0.00929242286272574,0.5425,0.023400226487953042,0.355,0.03776724056871881,0.215,0.07091320546161461
sample_0011,stripes,relay_chain,0.28172206303724934,0.247,0.05,8,0.07784029503150698,True,0.3222048192771084,0.09710394750641349,-0.9474345740345018,117.26997214857883,0.1436975003072672,0.3044729525389005,1.0,1.7228529156019889e-16,1.0,0.028215781278863008,0.9875,0.05539329672881716,0.855,0.10096102355821088
sample_0011,stripes,relay_chain,0.28172206303724934,0.247,0.05,9,1.3422751224705776e-07,True,0.19372289156626507,0.2152716757453259,-0.1996449454658833,3229.573752740223,0.3123616607171764,0.21569679527827906,1.0,0.016299688136191294,1.0,0.041157496027603116,1.0,0.05226474949605505,0.9675,0.09277601100832333
sample_0011,stripes,relay_chain,0.28172206303724934,0.247,0.05,10,0.015205800710383667,True,0.2740240963855422,0.41340327947331534,-0.29930081057004143,149.18611780359439,0.027324685076899023,0.10940929710745832,1.0,2.0257762716296166e-16,0.8975,0.030918687014486933,0.7225,0.05210262296536429,0.6225,0.0976698787418663
sample_0011,stripes,relay_chain,0.28172206303724934,0.247,0.05,11,9.244375956352181e-07,True,0.24190361445783135,0.26880426524093703,-0.048977857483426424,67.94272972911284,0.14133947533301,0.020633139846836648,1.0,0.034090629791016104,0.9975,0.03603503974374621,0.845,0.055342471635953586,0.525,0.09198047856274863
sample_0011,stripes,relay_chain,0.28172206303724934,0.247,0.1,0,1.460548408428126e-06,True,0.22584337349397593,0.02653461163952553,-0.3165342807056075,292.93820987262364,0.19834687046106544,0.08565435832398408,1.0,0.0,1.0,0.02841582107558108,1.0,0.05887132447569235,0.91,0.11374279127115194
sample_0011,stripes,relay_chain,0.28172206303724934,0.247,0.1,1,0.853411247759664,False,0.001,0.07399936385548456,0.07401269467770122,4.323269618657809,0.996450402253842,0.9959514170040485,,,,,,,,
sample_0011,stripes,relay_chain,0.28172206303724934,0.247,0.1,2,0.00012239572881607669,True,0.24190361445783135,0.07187590896971319,-0.2891283933746973,42.736578243112774,0.14133947533301,0.020633139846836648,1.0,2.2947631996186864e-16,1.0,0.04022990483536274,0.9825,0.07559267442175459,0.7475,0.12028346016214869
sample_0011,stripes,relay_chain,0.28172206303724934,0.247,0.1,3,2.6345125287486734e-06,True,0.2097831325301205,0.06836140386947065,-0.04455024921743567,1528.0749046077615,0.255354265589121,0.15067557680113164,1.0,1.323060404374684e-16,1.0,0.030658809400223246,1.0,0.06185223322716995,0.91,0.112313710108797
sample_0011,stripes,relay_chain,0.28172206303724934,0.247,0.1,4,2.6393871578893494e-06,True,0.17766265060240966,0.0909722620763489,-0.3070363205524035,3895.186165202472,0.3693690558452319,0.2807180137554265,1.0,1.562262834732944e-16,1.0,0.032449102324125706,1.0,0.05660231758940174,0.96,0.10819298141315108
sample_0011,stripes,relay_chain,0.28172206303724934,0.247,0.1,5,6.1506997624191365e-06,True,0.17766265060240966,0.09494105827380572,-0.16644617086718005,3689.8103428419795,0.3693690558452319,0.2807180137554265,1.0,1.562262834732944e-16,1.0,0.03900601785310097,1.0,0.06432563643486447,0.99,0.11536312455768426
sample_0011,stripes,relay_chain,0.28172206303724934,0.247,0.1,6,6.590335616710609e-06,True,0.22584337349397593,0.21602198994066013,-0.12589475056205646,172.23336085036686,0.19834687046106544,0.08565435832398408,1.0,0.01775584521033466,1.0,0.03554069468647751,0.995,0.060644703990089935,0.8775,0.10683668852619342
sample_0011,stripes,relay_chain,0.28172206303724934,0.247,0.1,7,4.717225586924257e-06,True,0.24190361445783135,0.07535684991403535,-0.3221563104414018,108.444343609486,0.14133947533301,0.020633139846836648,1.0,2.2947631996186864e-16,1.0,0.027406149357839797,0.9975,0.0523568893124335,0.93,0.09747293623411576
sample_0011,stripes,relay_chain,0.28172206303724934,0.247,0.1,8,0.0003692787192760188,True,0.22584337349397593,0.5433357234178189,-0.05238319699646565,854.6584223675819,0.19834687046106544,0.08565435832398408,1.0,0.008653104565934119,0.95,0.0361279830083126,0.7775,0.046679211170695366,0.53,0.07978834301180411
sample_0011,stripes,relay_chain,0.28172206303724934,0.247,0.1,9,9.293508244084552e-06,True,0.22584337349397593,0.2523266312013588,-0.3309427968446801,225.89429635726228,0.19834687046106544,0.08565435832398408,1.0,0.03428091336100108,1.0,0.035372263258159196,1.0,0.05046746606711488,0.91,0.095878528513182
sample_0011,stripes,relay_chain,0.28172206303724934,0.247,0.1,10,2.065675913650119e-06,True,0.24190361445783135,0.13721764107572554,-0.7145115482959374,443.86324132848137,0.14133947533301,0.020633139846836648,1.0,2.2947631996186864e-16,1.0,0.025599034994223693,1.0,0.04930367850624276,0.9725,0.09363718046208665
sample_0011,stripes,relay_chain,0.28172206303724934,0.247,0.1,11,0.8098089656044671,False,0.001,0.03653665952362184,0.03654633589394507,11.016497753216353,0.996450402253842,0.9959514170040485,,,,,,,,
sample_0011,stripes,relay_chain,0.28172206303724934,0.247,0.2,0,0.06560782684319733,False,0.001,0.012718590637097904,0.012718922868145022,112.90962498316912,0.996450402253842,0.9959514170040485,,,,,,,,
sample_0011,stripes,relay_chain,0.28172206303724934,0.247,0.2,1,0.0002598254357380497,True,0.24190361445783135,0.09659074546397317,-0.26848267758353805,234.01135743878177,0.14133947533301,0.020633139846836648,1.0,0.006610217131221815,1.0,0.03335484047251344,1.0,0.05252372493554005,0.995,0.09948703150861825
sample_0011,stripes,relay_chain,0.28172206303724934,0.247,0.2,2,0.0002839136935334915,True,0.22584337349397593,0.2174408692731511,-0.4141076748792796,724.3533306891218,0.19834687046106544,0.08565435832398408,1.0,0.0,1.0,0.032740589604190455,0.9925,0.062315305111263986,0.95,0.10604982082454664
sample_0011,stripes,relay_chain,0.28172206303724934,0.247,0.2,3,0.006956729218799656,False,0.22584337349397593,-0.021840085519150954,-0.4290522489795173,136.53093424018368,0.19834687046106544,0.08565435832398408,,,,,,,,
sample_0011,stripes,relay_chain,0.28172206303724934,0.247,0.2,4,7.922770319507242e-05,True,0.24190361445783135,0.10588905740606158,-0.1498246846095359,90.73381860743615,0.14133947533301,0.020633139846836648,1.0,2.2947631996186864e-16,1.0,0.032136955096615356,0.9975,0.057794196572056436,0.92,0.10243387532301948
sample_0011,stripes,relay_chain,0.28172206303724934,0.247,0.2,5,1.5785208167000848e-05,True,0.1616024096385542,0.043728904480820674,-0.25589642462033274,2157.6600934894695,0.4263764509732874,0.345739232232574,1.0,0.004964077995557886,1.0,0.04603538021971201,1.0,0.05702382660275502,0.99,0.0966181639013418
sample_0011,stripes,relay_chain,0.28172206303724934,0.247,0.2,6,1.4658265099979029e-08,True,0.22584337349397593,0.06503106315668239,-0.058859593525401266,142.57807085028674,0.19834687046106544,0.08565435832398408,1.0,0.02841789123216792,1.0,0.034122922599828694,0.9775,0.05030656246616443,0.8325,0.09373061543447997
sample_0011,stripes,relay_chain,0.28172206303724934,0.247,0.2,7,2.4513952494629844e-05,True,0.22584337349397593,0.11504192439247785,-0.11737674894118472,239.8107801931873,0.19834687046106544,0.08565435832398408,1.0,0.0,1.0,0.030009502388617243,1.0,0.05276716553095791,0.9175,0.09726214202588448
sample_0011,stripes,relay_chain,0.28172206303724934,0.247,0.2,8,5.436532048813422e-06,True,0.24190361445783135,0.24915636451466483,-0.40756105239508433,186.15439189479423,0.14133947533301,0.020633139846836648,1.0,2.2947631996186864e-16,1.0,0.030514673029477635,1.0,0.0530829586659059,0.965,0.09735334949720785
sample_0011,stripes,relay_chain,0.28172206303724934,0.247,0.2,9,3.72968773850986e-05,True,0.24190361445783135,0.12317478218659161,-0.17120822409212488,603.1472363967652,0.14133947533301,0.020633139846836648,1.0,2.2947631996186864e-16,1.0,0.029100126983324325,1.0,0.05452882122123419,0.975,0.09258214547122806
sample_0011,stripes,relay_chain,0.28172206303724934,0.247,0.2,10,6.721419446600735e-05,True,0.2097831325301205,0.1483074515112479,-0.004736080952562283,456.9055662256559,0.255354265589121,0.15067557680113164,0.9975,1.323060404374684e-16,0.73,0.03408557704559799,0.6075,0.06484191280482363,0.4675,0.11134573909615932
sample_0011,stripes,relay_chain,0.28172206303724934,0.247,0.2,11,0.0005941645021012063,True,0.2097831325301205,0.00774824402118135,-0.07506460616527377,344.95616840432814,0.255354265589121,0.15067557680113164,1.0,0.0365070969445008,1.0,0.03685156724679228,0.9325,0.04910200018717472,0.6825,0.09653634860828204
sample_0011,stripes,relay_chain,0.28172206303724934,0.247,0.35,0,0.0008875184779391461,True,0.19372289156626507,0.09405279419293944,-0.20696541499459253,1367.2278745362064,0.3123616607171764,0.21569679527827906,1.0,2.865492600406991e-16,1.0,0.03679848298913703,1.0,0.06623220684739509,0.9975,0.1205366453713481
sample_0011,stripes,relay_chain,0.28172206303724934,0.247,0.35,1,0.00026616505777200106,True,0.2097831325301205,0.07479310470135658,-0.42250673694975704,1263.739845982705,0.255354265589121,0.15067557680113164,1.0,1.323060404374684e-16,1.0,0.0404971827339119,1.0,0.06498012639893114,0.97,0.11973973821358731
sample_0011,stripes,relay_chain,0.28172206303724934,0.247,0.35,2,0.0001519735936014878,True,0.22584337349397593,0.03652674223780128,-0.09449771885364311,214.52011209664707,0.19834687046106544,0.08565435832398408,1.0,0.0,1.0,0.03490139218675456,0.995,0.06060341043828396,0.91,0.11653356745568531
sample_0011,stripes,relay_chain,0.28172206303724934,0.247,0.35,3,0.00014844300624250725,True,0.19372289156626507,0.0779164665438401,-0.27009254781857583,616.3305277094252,0.3123616607171764,0.21569679527827906,1.0,2.865492600406991e-16,1.0,0.0349457967036179,1.0,0.048381521875851353,0.995,0.09331306911053365
sample_0011,stripes,relay_chain,0.28172206303724934,0.247,0.35,4,0.00016993207303732984,True,0.1455421686746988,0.03283876479364256,-0.1821319875281009,2945.675040060958,0.48338384610134283,0.41076045070972145,1.0,1.9070470000804637e-16,1.0,0.02035829766425626,1.0,0.05889367813361531,0.995,0.09905224576210497
sample_0011,stripes,relay_chain,0.28172206303724934,0.247,0.35,5,7.775869427192373e-05,True,0.22584337349397593,0.07043171513878121,-0.2793170743645821,176.35023039595453,0.19834687046106544,0.08565435832398408,1.0,0.025455294613013563,1.0,0.03486875531656517,1.0,0.05479558286536753,0.9875,0.09977198651735407
sample_0011,stripes,relay_chain,0.28172206303724934,0.247,0.35,6,4.3094260414753697e-05,True,0.22584337349397593,0.06064147128470765,-0.31639177288967024,232.82680109565553,0.19834687046106544,0.08565435832398408,1.0,0.0,1.0,0.027740958722638515,1.0,0.05641903678708734,0.9925,0.10378473984859314
sample_0011,stripes,relay_chain,0.28172206303724934,0.247,0.35,7,0.004038852519040622,True,0.25796385542168676,0.034631519562072555,-0.09506733440581994,58.63627087542426,0.08433208020495456,0.04438807863031078,1.0,2.1518964794705528e-16,1.0,0.040443819014670125,0.95,0.07405461621919897,0.6775,0.1250790592029106
sample_0011,stripes,relay_chain,0.28172206303724934,0.247,0.35,8,0.0006839827819649705,True,0.24190361445783135,0.09854221649395445,-0.5981078971435878,162.82251439681417,0.14133947533301,0.020633139846836648,1.0,2.2947631996186864e-16,1.0,0.029364799424730133,1.0,0.05326301698361644,0.9875,0.09756919140710692
sample_0011,stripes,relay_chain,0.28172206303724934,0.247,0.35,9,4.080638639852754e-07,True,0.19372289156626507,0.21972774034555442,-0.1472371130421135,2214.9570325599275,0.3123616607171764,0.21569679527827906,1.0,0.026907566922767575,1.0,0.03864029451267234,1.0,0.053772957751675045,0.9625,0.09899948441324488
sample_0011,stripes,relay_chain,0.28172206303724934,0.247,0.35,10,9.4846448676911e-06,True,0.22584337349397593,0.0616777451021866,-0.2509838150384076,229.8753807123379,0.19834687046106544,0.08565435832398408,1.0,0.019712763151219916,1.0,0.034915893225700795,1.0,0.052230248604590766,0.985,0.09958648131587604
sample_0011,stripes,relay_chain,0.28172206303724934,0.247,0.35,11,0.0002931830720991786,True,0.22584337349397593,0.049895103505710914,-0.44732543934248925,310.48621412295483,0.19834687046106544,0.08565435832398408,1.0,0.011082700842414141,1.0,0.03323030858096067,1.0,0.05542244762876312,1.0,0.10628448070723336
sample_0012,stripes,cross_repress,0.5223409742120344,0.555,0.0,0,1.4653792564636335e-10,True,0.5470481927710844,0.20009677565826323,-0.016775264446712512,138.45733282647555,0.047300939001236726,0.014327580592640795,1.0,0.01229101817336412,0.8475,0.02563511945839089,0.69,0.05235966730258923,0.5675,0.10802559964021849
sample_0012,stripes,cross_repress,0.5223409742120344,0.555,0.0,1,1.1297290753686921e-07,True,0.5470481927710844,0.11252743946823074,-0.760149355242119,36.78163599164481,0.047300939001236726,0.014327580592640795,1.0,0.019651410551135104,0.7325,0.06305109568799423,0.405,0.09972667089390969,0.1875,0.1901441176166656
sample_0012,stripes,cross_repress,0.5223409742120344,0.555,0.0,2,4.428096950542224e-10,True,0.5631084337349398,0.07926829036475702,-0.0028785115485310264,173.36701142355304,0.07804760019909258,0.014609790513404946,0.625,0.009924247902548363,0.5575,0.039954994878161,0.415,0.07887867572419592,0.2725,0.12877317012484163
sample_0012,stripes,cross_repress,0.5223409742120344,0.555,0.0,3,4.4210267455465104e-11,True,0.5470481927710844,0.2189642934707292,-0.030258196395836823,46.71533687986307,0.047300939001236726,0.014327580592640795,1.0,0.005759733402828721,0.945,0.028227485662225705,0.7725,0.053964799795340745,0.5975,0.09652386072512667
sample_0012,stripes,cross_repress,0.5223409742120344,0.555,0.0,4,0.7563806369045044,False,0.001,0.043826642999033605,0.043827977152587794,13.145149845697489,0.9980855417258649,0.9981981981981982,,,,,,,,
sample_0012,stripes,cross_repress,0.5223409742120344,0.555,0.0,5,9.202655333781234e-14,True,0.5470481927710844,0.08030752612009984,-0.01401147783953105,95.14907977049823,0.047300939001236726,0.014327580592640795,1.0,0.004640267022750744,0.7325,0.03198950163318028,0.4525,0.06382223426246975,0.31,0.1175790183242376
sample_0012,stripes,cross_repress,0.5223409742120344,0.555,0.0,6,4.261364243047079e-12,True,0.5470481927710844,0.5325482643498702,-0.048716536053901915,1052.9866527777453,0.047300939001236726,0.014327580592640795,1.0,0.010381168173476257,0.9725,0.028303053809841185,0.7925,0.05739526019896512,0.67,0.10569739114226272
sample_0012,stripes,cross_repress,0.5223409742120344,0.555,0.0,7,3.8344923108126784e-10,True,0.5470481927710844,0.20060494250636118,-0.594550108942997,66.14385097515398,0.047300939001236726,0.014327580592640795,1.0,0.01892609363393966,0.88,0.07337521283413,0.5675,0.11599034189183992,0.3275,0.1901349409144907
sample_0012,stripes,cross_repress,0.5223409742120344,0.555,0.0,8,0.867529659766113,False,0.001,0.08164587852158212,0.08164874016908147,12.315220725478436,0.9980855417258649,0.9981981981981982,,,,,,,,
sample_0012,stripes,cross_repress,0.5223409742120344,0.555,0.0,9,2.2046925645496503e-10,True,0.5470481927710844,0.431342813371252,-0.6947206552871676,49.05581918212679,0.047300939001236726,0.014327580592640795,1.0,0.008167028625043607,1.0,0.03005290967562879,1.0,0.061883540174312385,0.875,0.10610376402621056
sample_0012,stripes,cross_repress,0.5223409742120344,0.555,0.0,10,0.803090534332004,False,0.001,0.22172994718466343,0.2217303386668843,37.79950172146095,0.9980855417258649,0.9981981981981982,,,,,,,,
sample_0012,stripes,cross_repress,0.5223409742120344,0.555,0.0,11,3.998053033802735e-11,True,0.5470481927710844,0.19567898278306917,-0.324965369954776,75.82609494197023,0.047300939001236726,0.014327580592640795,1.0,0.0014659563938952738,1.0,0.023793683426232528,0.995,0.05149257829707542,0.8725,0.099513703738265
sample_0012,stripes,cross_repress,0.5223409742120344,0.555,0.05,0,0.07933394489778124,False,0.001,0.012368557175974335,0.01236860309158544,1988.6517724428174,0.9980855417258649,0.9981981981981982,,,,,,,,
sample_0012,stripes,cross_repress,0.5223409742120344,0.555,0.05,1,1.0209296749941493e-06,True,0.5470481927710844,0.28416116172787076,-0.18604959492330816,30.23007824757981,0.047300939001236726,0.014327580592640795,1.0,0.006123244971839556,1.0,0.030523752229272377,0.9725,0.060388067265627426,0.765,0.11170268256141258
sample_0012,stripes,cross_repress,0.5223409742120344,0.555,0.05,2,1.1511420964608381e-06,True,0.5470481927710844,0.10180849320833119,-0.21012278637301973,165.07011450182108,0.047300939001236726,0.014327580592640795,1.0,0.012085067575918484,1.0,0.03008453819205423,0.9875,0.06361198924054386,0.81,0.10873602615378955
sample_0012,stripes,cross_repress,0.5223409742120344,0.555,0.05,3,0.00025233233952938776,True,0.5309879518072289,0.1437775854495733,-0.020854593571956515,39.114506572096026,0.01655427780338065,0.043264951698686736,1.0,0.014898606754918983,0.845,0.025940602685273845,0.65,0.05467741830262133,0.4825,0.1155737566405374
sample_0012,stripes,cross_repress,0.5223409742120344,0.555,0.05,4,0.0007825041190179345,True,0.5631084337349398,0.09745441476006222,-0.17830323664856051,32.90509211501723,0.07804760019909258,0.014609790513404946,1.0,0.015695762007655666,0.8725,0.05195006954492571,0.56,0.09057211287732024,0.3225,0.1419222748296349
sample_0012,stripes,cross_repress,0.5223409742120344,0.555,0.05,5,0.034067877282059025,False,0.6594698795180723,0.3638555026606056,0.01882238649622181,7.8931957339776995,0.2625275673862282,0.1882340171496798,,,,,,,,
sample_0012,stripes,cross_repress,0.5223409742120344,0.555,0.05,6,0.005312865968075028,False,0.5470481927710844,0.20179945749554262,0.03640281632528941,19.759552636450437,0.047300939001236726,0.014327580592640795,,,,,,,,
sample_0012,stripes,cross_repress,0.5223409742120344,0.555,0.05,7,0.004741979673146462,True,0.5952289156626507,0.1431222087900892,-0.4606366273237277,16.576710023483113,0.13954092259480452,0.07248453272549663,1.0,0.01492205603912791,0.86,0.05456742721839291,0.575,0.08653886411723398,0.2925,0.14460126294252676
sample_0012,stripes,cross_repress,0.5223409742120344,0.555,0.05,8,0.00037175041940132775,True,0.5631084337349398,0.050865131983679035,-0.06813239088566903,129.08206592926692,0.07804760019909258,0.014609790513404946,1.0,0.015664385739169392,0.8,0.053569664153747115,0.4325,0.09371136721480258,0.2425,0.13507344099499735
sample_0012,stripes,cross_repress,0.5223409742120344,0.555,0.05,9,0.7924945965429414,False,0.001,0.05478521316411289,0.054786922069761435,166.3478190772815,0.9980855417258649,0.9981981981981982,,,,,,,,
sample_0012,stripes,cross_repress,0.5223409742120344,0.555,0.05,10,1.0027207064293135,False,0.001,0.14794695287206028,0.14795239589058118,12.089106384713471,0.9980855417258649,0.9981981981981982,,,,,,,,
sample_0012,stripes,cross_repress,0.5223409742120344,0.555,0.05,11,1.7655610360369457e-06,True,0.5470481927710844,0.16039471002913963,-0.06717026056065489,49.38469724705921,0.047300939001236726,0.014327580592640795,1.0,0.005389867968651289,0.9725,0.026251857161634928,0.7475,0.05032045068591364,0.4425,0.10298150403939553
sample_0012,stripes,cross_repress,0.5223409742120344,0.555,0.1,0,0.2831537109682819,False,0.001,0.015185257878368219,0.015185429810262718,305.2314760671662,0.9980855417258649,0.9981981981981982,,,,,,,,
sample_0012,stripes,cross_repress,0.5223409742120344,0.555,0.1,1,0.0015258384476117823,True,0.5791686746987952,0.12880580533354724,-0.32498535714298304,41.03943166852243,0.10879426139694845,0.043547161619450686,1.0,0.013835040730005951,1.0,0.040448714514304186,0.8675,0.07429952553672896,0.555,0.1280115710209524
sample_0012,stripes,cross_repress,0.5223409742120344,0.555,0.1,2,0.00015018470147739476,True,0.5470481927710844,0.11141811699050486,-0.18027699152691756,88.55888809110121,0.047300939001236726,0.014327580592640795,1.0,0.006108880542098231,1.0,0.03195645117811701,0.9775,0.06453684451719288,0.7825,0.12088411293913852
sample_0012,stripes,cross_repress,0.5223409742120344,0.555,0.1,3,0.057228768002221764,False,0.001,0.012253316620973231,0.012253379741475168,421.2588865172784,0.9980855417258649,0.9981981981981982,,,,,,,,
sample_0012,stripes,cross_repress,0.5223409742120344,0.555,0.1,4,4.937035330029137e-06,True,0.5470481927710844,0.19265034993045216,-0.09722236617847435,61.61947075933532,0.047300939001236726,0.014327580592640795,1.0,0.0032812626968676054,1.0,0.028280665992122242,0.9575,0.0523942162404703,0.7075,0.10580403423441882
sample_0012,stripes,cross_repress,0.5223409742120344,0.555,0.1,5,0.5953519069307949,False,0.001,0.04011085460673258,0.040111461700434115,168.06373858124326,0.9980855417258649,0.9981981981981982,,,,,,,,
sample_0012,stripes,cross_repress,0.5223409742120344,0.555,0.1,6,0.7292772251616667,False,0.001,0.04331888027437336,0.04332003375755228,31.98101418779816,0.9980855417258649,0.9981981981981982,,,,,,,,
sample_0012,stripes,cross_repress,0.5223409742120344,0.555,0.1,7,1.555512605674964e-05,True,0.5470481927710844,0.28200711540273105,-0.2322669062865247,48.25509629203163,0.047300939001236726,0.014327580592640795,1.0,0.011884485322375174,1.0,0.03050295001351151,0.995,0.06119217469835015,0.8475,0.10902167195821025
sample_0012,stripes,cross_repress,0.5223409742120344,0.555,0.1,8,0.29761662725263294,False,0.001,0.013000974235848561,0.01300115732721463,52.12506222413818,0.9980855417258649,0.9981981981981982,,,,,,,,
sample_0012,stripes,cross_repress,0.5223409742120344,0.555,0.1,9,0.0003491283233383252,True,0.5470481927710844,0.1865618585121407,-0.2345938977399913,82.2245210027862,0.047300939001236726,0.014327580592640795,1.0,0.014792193327514436,1.0,0.0316972014245537,0.96,0.06268872589042733,0.7675,0.11286992360704423
sample_0012,stripes,cross_repress,0.5223409742120344,0.555,0.1,10,0.00026168387953638624,True,0.5631084337349398,0.03640178092361346,-0.02086838417964554,440.892521689012,0.07804760019909258,0.014609790513404946,1.0,0.015797566147205306,0.76,0.05436186326636249,0.4825,0.10874192064970722,0.24,0.1800561854201881
sample_0012,stripes,cross_repress,0.5223409742120344,0.555,0.1,11,0.06428817909248564,True,0.723710843373494,0.057359691025970605,-0.09325813812943506,49.35196644530818,0.38551421217765186,0.30398350157386295,0.9925,0.021624973791396596,0.415,0.06924122691504829,0.25,0.11390066069333793,0.14,0.17815334727079257
sample_0012,stripes,cross_repress,0.5223409742120344,0.555,0.2,0,2.7967075682228194e-06,True,0.5470481927710844,0.21252877560660544,-0.14018862519002895,133.72957514315425,0.047300939001236726,0.014327580592640795,1.0,0.007867735663124938,1.0,0.027032903446117695,1.0,0.05364030726071525,0.8975,0.10307732816583007
sample_0012,stripes,cross_repress,0.5223409742120344,0.555,0.2,1,0.048799386804952015,True,0.6915903614457831,0.2963490565657585,-0.32311147771046095,24.31579646090832,0.32402088978193994,0.2461087593617713,1.0,0.011595903755569266,1.0,0.029756238486497805,1.0,0.06871659299587216,0.83,0.1254359407910483
sample_0012,stripes,cross_repress,0.5223409742120344,0.555,0.2,2,2.2301952652754363e-05,True,0.5470481927710844,0.40612587025614744,-0.30837522529565176,47.65336826456266,0.047300939001236726,0.014327580592640795,1.0,0.011219685610494348,1.0,0.027986643871650698,1.0,0.05753051143506368,0.9225,0.11472183708041048
sample_0012,stripes,cross_repress,0.5223409742120344,0.555,0.2,3,0.00904686321562045,True,0.6112891566265061,0.36779384901088363,-1.3316448037607962,106.16651943214453,0.17028758379266037,0.10142190383154237,1.0,0.012135330405160651,1.0,0.03012969455887671,0.9975,0.05598676305982515,0.88,0.10110775928264798
sample_0012,stripes,cross_repress,0.5223409742120344,0.555,0.2,4,0.895708591278541,False,0.001,-0.059863955225307075,-0.05986237059088806,32.701036549910796,0.9980855417258649,0.9981981981981982,,,,,,,,
sample_0012,stripes,cross_repress,0.5223409742120344,0.555,0.2,5,0.0737738531795822,True,0.723710843373494,0.612562817708918,-0.3265029946723072,23.7802414920823,0.38551421217765186,0.30398350157386295,1.0,0.004684483314362673,1.0,0.030962389663780815,0.9925,0.0604637723317781,0.8375,0.11575359001335396
sample_0012,stripes,cross_repress,0.5223409742120344,0.555,0.2,6,0.009256202521257108,False,0.001,0.034678462201587656,0.03467849381702326,1189.5882409405563,0.9980855417258649,0.9981981981981982,,,,,,,,
sample_0012,stripes,cross_repress,0.5223409742120344,0.555,0.2,7,0.08374208388996625,True,0.41856626506024097,0.25202755544343436,-0.43413493579874207,39.871677406020794,0.1986723505816108,0.24582654944100732,1.0,0.018975027463750092,1.0,0.03606376017591301,0.9475,0.06826080267826884,0.7375,0.1204830938345686
sample_0012,stripes,cross_repress,0.5223409742120344,0.555,0.2,8,0.030668095976294572,False,0.4988674698795181,-0.054356888018270766,-0.4249261471359915,23.727001776774074,0.04493904459233118,0.10113969391077832,,,,,,,,
sample_0012,stripes,cross_repress,0.5223409742120344,0.555,0.2,9,0.29249116962456795,True,0.9485542168674699,0.4782739523714028,-0.2534046127904233,105.2904782937635,0.8159674689476347,0.7091066970585042,1.0,0.007495334128261354,1.0,0.029735038358977305,0.9775,0.0636902910212967,0.74,0.11536570403050762
sample_0012,stripes,cross_repress,0.5223409742120344,0.555,0.2,10,2.388035317345021e-05,True,0.5470481927710844,0.23683993750258736,-0.2393175482421892,157.07597823746394,0.047300939001236726,0.014327580592640795,1.0,0.004107708148898798,1.0,0.02983860386678063,1.0,0.05767961059906077,0.9575,0.1070497312977337
sample_0012,stripes,cross_repress,0.5223409742120344,0.555,0.2,11,0.003926092664628336,False,0.001,0.010899708677184039,0.010899744342345752,360.5045852893416,0.9980855417258649,0.9981981981981982,,,,,,,,
sample_0012,stripes,cross_repress,0.5223409742120344,0.555,0.35,0,7.839848890565243e-05,True,0.5470481927710844,0.15278235905348048,-0.24599066462429386,113.59362990274157,0.047300939001236726,0.014327580592640795,1.0,0.003582548859848657,1.0,0.026548598356259563,1.0,0.05813328934501318,0.935,0.1068623511258301
sample_0012,stripes,cross_repress,0.5223409742120344,0.555,0.35,1,0.06028385334114183,False,0.001,0.011160561618630993,0.011160624285959209,494.66943481798256,0.9980855417258649,0.9981981981981982,,,,,,,,
sample_0012,stripes,cross_repress,0.5223409742120344,0.555,0.35,2,0.0003410373152164068,True,0.5470481927710844,0.0869027261493116,-1.042701622000189,188.56532381361586,0.047300939001236726,0.014327580592640795,1.0,0.0025323675757486152,1.0,0.027739973385055672,0.995,0.05737982417895224,0.915,0.1107640728550952
sample_0012,stripes,cross_repress,0.5223409742120344,0.555,0.35,3,5.0430527639600525e-06,True,0.5470481927710844,0.25685962321962563,-0.28130713452185074,134.1973760062891,0.047300939001236726,0.014327580592640795,1.0,0.01276246232070294,1.0,0.023947254724096152,1.0,0.043633025913020373,0.995,0.09470729154732598
sample_0012,stripes,cross_repress,0.5223409742120344,0.555,0.35,4,6.848108005847104e-05,True,0.5470481927710844,0.14359658095082928,-0.14503672664956452,321.99431543045296,0.047300939001236726,0.014327580592640795,1.0,0.007506031510171784,1.0,0.02528846192594648,1.0,0.050182298941622544,0.97,0.10498151987176002
sample_0012,stripes,cross_repress,0.5223409742120344,0.555,0.35,5,14.744938974356318,False,0.001,1.873549494856035,1.8735501275748287,104.65426133998638,0.9980855417258649,0.9981981981981982,,,,,,,,
sample_0012,stripes,cross_repress,0.5223409742120344,0.555,0.35,6,0.0007572033195092211,True,0.5309879518072289,0.14526454907661446,-0.40236954218380383,160.14197309639758,0.01655427780338065,0.043264951698686736,1.0,0.01439390278705751,1.0,0.026722392340128,1.0,0.055788200877934215,0.98,0.10792254817880807
sample_0012,stripes,cross_repress,0.5223409742120344,0.555,0.35,7,6.928122145926132e-05,True,0.5309879518072289,0.1696377909457425,-0.7773190520850892,407.76687243720284,0.01655427780338065,0.043264951698686736,1.0,0.002133036363612046,1.0,0.024159529280741388,1.0,0.0495720545550542,1.0,0.10040597051004914
sample_0012,stripes,cross_repress,0.5223409742120344,0.555,0.35,8,7.197624280492364e-07,True,0.5470481927710844,0.18037920964945187,-0.44745387837593054,192.38975180015865,0.047300939001236726,0.014327580592640795,1.0,0.01393955341940738,1.0,0.02558505989777844,1.0,0.05379306244479162,0.9875,0.10369633332782541
sample_0012,stripes,cross_repress,0.5223409742120344,0.555,0.35,9,1.0100607647490705,False,0.001,0.20418424721106931,0.2041889662140729,7.595172119750129,0.9980855417258649,0.9981981981981982,,,,,,,,
sample_0012,stripes,cross_repress,0.5223409742120344,0.555,0.35,10,5.679215060464309e-06,True,0.5309879518072289,0.12961894776340088,-0.15407721452726741,286.4837273204904,0.01655427780338065,0.043264951698686736,1.0,0.013952742663313424,1.0,0.026060521008293088,1.0,0.05227486249692196,1.0,0.10795694228438246
sample_0012,stripes,cross_repress,0.5223409742120344,0.555,0.35,11,9.20873715010937e-05,True,0.5470481927710844,0.19234544369735218,-0.18741480232598162,191.71958621941457,0.047300939001236726,0.014327580592640795,1.0,0.0045868828580083836,1.0,0.025494634724327107,1.0,0.05246144847029924,0.9775,0.10456413502585604
sample_0013,spots,cross_repress,0.4120573065902579,0.397,0.0,0,2.7680438114294595e-11,True,0.38644578313253014,0.16840952454965574,-0.18595724558669863,201.1959559225122,0.06215524648661403,0.026584929137203724,1.0,0.01792394030710203,1.0,0.02747993850201726,0.965,0.0502454330340858,0.6925,0.09979415552296729
sample_0013,spots,cross_repress,0.4120573065902579,0.397,0.0,1,0.12437188744437763,False,0.3222048192771084,1.4963655118511099,0.16818630025351822,8799.009683226785,0.21805823092101392,0.18840095899972695,,,,,,,,
sample_0013,spots,cross_repress,0.4120573065902579,0.397,0.0,2,3.128265497562923e-10,True,0.38644578313253014,0.021844334900807283,-0.0026740127700357608,173.61302904487715,0.06215524648661403,0.026584929137203724,0.87,0.0022243192306159623,0.455,0.026074864901918852,0.3425,0.04943314089877169,0.2175,0.10020756224151703
sample_0013,spots,cross_repress,0.4120573065902579,0.397,0.0,3,2.180406470167432e-11,True,0.38644578313253014,0.11978240341822399,-0.08272260767796505,67.21095025379246,0.06215524648661403,0.026584929137203724,1.0,0.010744417555557991,1.0,0.02878428580777754,0.9725,0.05284719211810088,0.755,0.10320697561233907
sample_0013,spots,cross_repress,0.4120573065902579,0.397,0.0,4,0.19000700739257412,True,0.25796385542168676,0.6189868496082624,-0.0219393378931374,36.478761569877065,0.37396121535541366,0.35021698886225,0.9575,0.014221434457312684,0.5975,0.05738989907197166,0.4625,0.08807252248643142,0.2525,0.15037247881167423
sample_0013,spots,cross_repress,0.4120573065902579,0.397,0.0,5,7.012895933357378e-10,True,0.38644578313253014,0.11264922923099085,-0.18755295934700955,111.50144082159694,0.06215524648661403,0.026584929137203724,1.0,0.0035844623993411522,1.0,0.02757731927780736,0.9975,0.05636224962243223,0.875,0.1055672953593651
sample_0013,spots,cross_repress,0.4120573065902579,0.397,0.0,6,1.2864118366848227,False,0.001,0.5337347588110419,0.5337460491529691,6.073441702323129,0.9975731530930129,0.9974811083123426,,,,,,,,
sample_0013,spots,cross_repress,0.4120573065902579,0.397,0.0,7,0.08284062097467479,False,0.2900843373493976,0.25784684706146344,0.016518715108979176,348.5117763051503,0.2960097231382138,0.26930897393098846,,,,,,,,
sample_0013,spots,cross_repress,0.4120573065902579,0.397,0.0,8,4.0946387666510986e-12,True,0.38644578313253014,0.38634519382828003,-0.001600783929654348,99.27538050950118,0.06215524648661403,0.026584929137203724,0.6475,0.008366041769636857,0.565,0.02697560463788589,0.4825,0.051325954799558135,0.4625,0.10349869064381705
sample_0013,spots,cross_repress,0.4120573065902579,0.397,0.0,9,0.001409904282295787,False,0.001,0.010690026006439979,0.010690090236582961,116.6406884751642,0.9975731530930129,0.9974811083123426,,,,,,,,
sample_0013,spots,cross_repress,0.4120573065902579,0.397,0.0,10,2.5309609865813772e-15,True,0.38644578313253014,0.5153732163399454,-2.3668452591296267,109.75681096260668,0.06215524648661403,0.026584929137203724,1.0,0.019834950462151855,1.0,0.03284039385052164,1.0,0.05745126115900968,0.9425,0.10438585494382309
sample_0013,spots,cross_repress,0.4120573065902579,0.397,0.0,11,0.016407572492522858,True,0.45068674698795186,0.7669159811146784,-0.12212484948724622,151.83359402697914,0.09374773794778585,0.1352311007253195,1.0,0.009114911254264446,0.9925,0.0316093544024198,0.8725,0.06334834333614751,0.63,0.10924825943736645
sample_0013,spots,cross_repress,0.4120573065902579,0.397,0.05,0,0.9697258546085518,False,0.001,0.1377642116765877,0.13777370953860757,11.363346621891544,0.9975731530930129,0.9974811083123426,,,,,,,,
sample_0013,spots,cross_repress,0.4120573065902579,0.397,0.05,1,4.779872637501397e-11,True,0.38644578313253014,0.4471995948629157,-0.5703617921631579,1140.4551837529557,0.06215524648661403,0.026584929137203724,1.0,0.002075558913938535,1.0,0.02615438957548917,1.0,0.05096412557605011,1.0,0.10249945701719144
sample_0013,spots,cross_repress,0.4120573065902579,0.397,0.05,2,1.727581202863865e-09,True,0.3703855421686747,0.09401781288930167,-0.15857474318584586,1208.1100475087217,0.10113099259521403,0.06703893660283457,1.0,0.0,1.0,0.028306442442286712,1.0,0.05391061963697169,1.0,0.09829612656908764
sample_0013,spots,cross_repress,0.4120573065902579,0.397,0.05,3,0.0040197902462392665,True,0.41856626506024097,0.5741051835354156,-0.35039849491841113,70.57045505283676,0.01579624573058584,0.05432308579405781,1.0,0.0019162666970802694,0.9525,0.03146499496521616,0.8225,0.05662726424423715,0.6325,0.10364257075317877
sample_0013,spots,cross_repress,0.4120573065902579,0.397,0.05,4,0.029742478643019727,False,0.33826506024096387,0.13920249317227906,0.0027888522897974166,97.76534026386665,0.1790824848124139,0.1479469515340961,,,,,,,,
sample_0013,spots,cross_repress,0.4120573065902579,0.397,0.05,5,30.33939072567825,False,0.001,2.7183791941450366,2.718381657189229,7.109129810448594,0.9975731530930129,0.9974811083123426,,,,,,,,
sample_0013,spots,cross_repress,0.4120573065902579,0.397,0.05,6,1.5037725935483068e-10,True,0.3703855421686747,0.4729266695683316,-0.1195810821166653,451.8474804917896,0.10113099259521403,0.06703893660283457,1.0,0.0021655667203042423,1.0,0.026750411320844842,0.96,0.052640153007642576,0.7825,0.09529027150942901
sample_0013,spots,cross_repress,0.4120573065902579,0.397,0.05,7,1.5159830699846292e-08,True,0.38644578313253014,0.5482287737277343,-0.4686489653972568,166.09739582087172,0.06215524648661403,0.026584929137203724,1.0,0.0073594348023204,1.0,0.02825644860592735,1.0,0.054786478423039776,0.9975,0.10215113483309993
sample_0013,spots,cross_repress,0.4120573065902579,0.397,0.05,8,7.121623453045133e-09,True,0.38644578313253014,0.17148188611439963,-0.22305736334315007,46.34148226254024,0.06215524648661403,0.026584929137203724,1.0,0.019412491434627442,1.0,0.028942653772539486,0.93,0.055142726335401245,0.69,0.10053450759319943
sample_0013,spots,cross_repress,0.4120573065902579,0.397,0.05,9,0.05736851374903344,False,0.4346265060240964,1.0602613583648228,0.09421823561920917,849.184347043886,0.054771991839185845,0.09477709325968865,,,,,,,,
sample_0013,spots,cross_repress,0.4120573065902579,0.397,0.05,10,1.385908768563724e-08,True,0.38644578313253014,0.13824447015915098,-0.3981136060316395,132.3156643388139,0.06215524648661403,0.026584929137203724,1.0,1.4364537964752607e-16,1.0,0.027839487935316168,1.0,0.05251507828384255,0.9325,0.10007752417664961
sample_0013,spots,cross_repress,0.4120573065902579,0.397,0.05,11,9.851771001795297e-09,True,0.38644578313253014,0.14264841573787734,-0.7583431235174238,361.99783278030685,0.06215524648661403,0.026584929137203724,1.0,1.4364537964752607e-16,1.0,0.02948896718234655,1.0,0.052203122346180734,0.9675,0.10066061047059313
sample_0013,spots,cross_repress,0.4120573065902579,0.397,0.1,0,2.0703063572720452e-07,True,0.3703855421686747,0.3939013123548136,-0.1002837965006056,5042.268135342843,0.10113099259521403,0.06703893660283457,1.0,0.018915805650889662,1.0,0.027448202464328025,0.9875,0.051202149523794586,0.8925,0.10298179726578355
sample_0013,spots,cross_repress,0.4120573065902579,0.397,0.1,1,0.007662232919141292,True,0.4346265060240964,0.6602336443191827,-0.2723656238253811,35.872897261496476,0.054771991839185845,0.09477709325968865,1.0,0.013359643247434477,1.0,0.032923600294858794,0.9875,0.061795018439665436,0.7825,0.10921049059090548
sample_0013,spots,cross_repress,0.4120573065902579,0.397,0.1,2,4.919752429320449e-07,True,0.38644578313253014,0.22589785087527758,-0.2286967805708917,175.7495336876982,0.06215524648661403,0.026584929137203724,1.0,0.017726822693687725,1.0,0.02763320882077971,1.0,0.05787989345041654,0.9875,0.10391883808114363
sample_0013,spots,cross_repress,0.4120573065902579,0.397,0.1,3,1.4281875797757626e-07,True,0.38644578313253014,0.3823420358038838,-0.2567131144188084,106.81975935592901,0.06215524648661403,0.026584929137203724,1.0,0.01953811289703149,1.0,0.02664346186041838,1.0,0.05839061610672102,0.84,0.10565558533974186
sample_0013,spots,cross_repress,0.4120573065902579,0.397,0.1,4,4.848612017443378e-07,True,0.38644578313253014,0.060454845700682824,-0.6380043467613306,1507.9857565494672,0.06215524648661403,0.026584929137203724,1.0,0.0054533673891465455,1.0,0.02639825911545332,0.9775,0.055168620902310145,0.8675,0.09680885035098533
sample_0013,spots,cross_repress,0.4120573065902579,0.397,0.1,5,6.19201068606673e-09,True,0.38644578313253014,0.1495491361842909,-0.6769844633850834,398.18924091562184,0.06215524648661403,0.026584929137203724,1.0,1.4364537964752607e-16,1.0,0.02911908405752691,0.9975,0.052810815070390954,0.945,0.09593920836090947
sample_0013,spots,cross_repress,0.4120573065902579,0.397,0.1,6,0.00018711340803801495,True,0.38644578313253014,0.7774577760412793,-0.6793572692185974,256.50128452867267,0.06215524648661403,0.026584929137203724,1.0,0.018810137679796217,1.0,0.02782877723420584,0.9975,0.05630362495497175,0.945,0.0957078362973873
sample_0013,spots,cross_repress,0.4120573065902579,0.397,0.1,7,1.0552978748669105e-06,True,0.38644578313253014,0.32563439687606976,-0.21943362516706355,46.16005441667422,0.06215524648661403,0.026584929137203724,1.0,0.015501348744742833,1.0,0.030464188342580533,0.9975,0.05819260816039595,0.9,0.11248242789434659
sample_0013,spots,cross_repress,0.4120573065902579,0.397,0.1,8,9.628616266510791e-07,True,0.38644578313253014,0.15279916379185465,-0.0013781316913759056,1148.0554805687975,0.06215524648661403,0.026584929137203724,0.725,0.002436557414576146,0.54,0.02584613883715679,0.5325,0.05119107756595305,0.5075,0.1094324350086735
sample_0013,spots,cross_repress,0.4120573065902579,0.397,0.1,9,5.5670229840645166e-06,True,0.38644578313253014,0.14278159903501386,-0.08478984301322501,130.49198374423176,0.06215524648661403,0.026584929137203724,1.0,0.006157539673401852,1.0,0.03320513035793937,0.98,0.06376201416306396,0.7775,0.11295258362247144
sample_0013,spots,cross_repress,0.4120573065902579,0.397,0.1,10,3.1904084424438126e-06,True,0.38644578313253014,0.30295847966458567,-0.560525920033343,72.45925340568829,0.06215524648661403,0.026584929137203724,1.0,0.011076460179957205,1.0,0.03219093309540524,1.0,0.056392974442368626,0.96,0.12121462865434608
sample_0013,spots,cross_repress,0.4120573065902579,0.397,0.1,11,1.279434318819764e-10,True,0.38644578313253014,0.1315248352747398,-0.03860815946937174,140.6925150838192,0.06215524648661403,0.026584929137203724,1.0,1.4364537964752607e-16,0.9975,0.02767958096307431,0.9225,0.05066502850000222,0.6725,0.09681057187469508
sample_0013,spots,cross_repress,0.4120573065902579,0.397,0.2,0,0.00018911774338076147,True,0.38644578313253014,0.16853650502617512,-0.07931468089405491,699.1121762067904,0.06215524648661403,0.026584929137203724,1.0,1.4364537964752607e-16,1.0,0.029015225678927913,0.9775,0.05556814611034866,0.77,0.10960909803251641
sample_0013,spots,cross_repress,0.4120573065902579,0.397,0.2,1,5.843686004745669e-05,True,0.38644578313253014,0.3279916379066812,-0.1670324832980068,151.35175271046725,0.06215524648661403,0.026584929137203724,1.0,1.4364537964752607e-16,1.0,0.027676166104000942,1.0,0.05159799275186049,0.965,0.09829441886269064
sample_0013,spots,cross_repress,0.4120573065902579,0.397,0.2,2,2.765221088795185e-09,True,0.38644578313253014,0.1581919015069566,-0.1419022200012674,388.7544348844163,0.06215524648661403,0.026584929137203724,1.0,0.0061690659623973845,1.0,0.026388484178814987,1.0,0.05153749163735837,0.9875,0.0987894829938889
sample_0013,spots,cross_repress,0.4120573065902579,0.397,0.2,3,3.934094943517165e-06,True,0.38644578313253014,0.2464975398541469,-1.683475390272969,417.91920210329397,0.06215524648661403,0.026584929137203724,1.0,0.0035844623993411522,1.0,0.02850749580324939,0.9975,0.05527999912737796,0.96,0.09614654522223641
sample_0013,spots,cross_repress,0.4120573065902579,0.397,0.2,4,0.634304230604329,True,0.8682530120481928,0.7724600142227303,-0.5330115784521157,54.07127665439423,1.1071171367713846,1.1870352948317198,1.0,0.009044544105636553,1.0,0.027506380427480492,1.0,0.058647355934739784,0.925,0.1128159090012076
sample_0013,spots,cross_repress,0.4120573065902579,0.397,0.2,5,0.3021746726569101,False,0.33826506024096387,2.028380305067561,0.26769559630478135,914.7150266876432,0.1790824848124139,0.1479469515340961,,,,,,,,
sample_0013,spots,cross_repress,0.4120573065902579,0.397,0.2,6,1.5987274013912733e-07,True,0.38644578313253014,0.2501553228361182,-0.24714906784653684,217.35347276428584,0.06215524648661403,0.026584929137203724,1.0,1.4364537964752607e-16,1.0,0.027594709402437065,1.0,0.055199413591439754,0.99,0.10009507632991642
sample_0013,spots,cross_repress,0.4120573065902579,0.397,0.2,7,8.242232167942207e-07,True,0.3703855421686747,0.21298137621948854,-0.21489231204113413,2207.6518043124233,0.10113099259521403,0.06703893660283457,1.0,0.021224997937628904,1.0,0.027578274051760197,1.0,0.05342170552959145,0.9975,0.10429454449639644
sample_0013,spots,cross_repress,0.4120573065902579,0.397,0.2,8,2.3103225990916307e-05,True,0.38644578313253014,0.566351440005775,-0.3417823792511232,198.13201008139467,0.06215524648661403,0.026584929137203724,1.0,0.013070679656699483,1.0,0.027334535701999313,1.0,0.051921862605585296,0.985,0.10564512590237085
sample_0013,spots,cross_repress,0.4120573065902579,0.397,0.2,9,6.320669051688142e-06,True,0.38644578313253014,0.20703456078027482,-0.14505277956304652,96.5485804337609,0.06215524648661403,0.026584929137203724,1.0,1.4364537964752607e-16,1.0,0.027926608486393757,1.0,0.05393252044109586,0.935,0.1084360478885391
sample_0013,spots,cross_repress,0.4120573065902579,0.397,0.2,10,0.9253935229497442,False,0.001,0.1101115329343752,0.11011940888511562,42.0498215628856,0.9975731530930129,0.9974811083123426,,,,,,,,
sample_0013,spots,cross_repress,0.4120573065902579,0.397,0.2,11,0.5151913072611524,False,0.38644578313253014,1.4924873326557293,0.3588747378038793,260.96998369579364,0.06215524648661403,0.026584929137203724,,,,,,,,
sample_0013,spots,cross_repress,0.4120573065902579,0.397,0.35,0,3.451279729039707e-05,True,0.38644578313253014,0.18495459369834677,-0.6173061887541915,301.4065355498736,0.06215524648661403,0.026584929137203724,1.0,0.002931907606193875,1.0,0.027021379357468758,1.0,0.052714163078636654,0.99,0.10342331964152623
sample_0013,spots,cross_repress,0.4120573065902579,0.397,0.35,1,0.0051211333670506225,True,0.41856626506024097,0.06387734049731364,-0.4771023494146762,276.50278723024593,0.01579624573058584,0.05432308579405781,1.0,0.007940476335566363,0.985,0.03408584395442482,0.8225,0.06750912699459234,0.6075,0.12205466764907485
sample_0013,spots,cross_repress,0.4120573065902579,0.397,0.35,2,7.977533408313195e-07,True,0.38644578313253014,0.3061297073112783,-0.3378410514431698,443.94704782763,0.06215524648661403,0.026584929137203724,1.0,1.4364537964752607e-16,1.0,0.026597511458594843,1.0,0.05245059025036888,1.0,0.10597272382391518
sample_0013,spots,cross_repress,0.4120573065902579,0.397,0.35,3,1.2457367170586382,False,0.001,0.3593674349299989,0.35939258576513033,108.96176688721354,0.9975731530930129,0.9974811083123426,,,,,,,,
sample_0013,spots,cross_repress,0.4120573065902579,0.397,0.35,4,0.0519524273795528,False,0.38644578313253014,0.805750446350018,0.11394151388278329,730.8868252998343,0.06215524648661403,0.026584929137203724,,,,,,,,
sample_0013,spots,cross_repress,0.4120573065902579,0.397,0.35,5,0.004619137779828276,True,0.4025060240963856,0.3758712082414313,-0.5749189637067103,691.071511860652,0.02317950037801403,0.013869078328427114,1.0,0.015458059357961707,1.0,0.027608367790894747,1.0,0.05229345235909967,0.9225,0.10278075879801245
sample_0013,spots,cross_repress,0.4120573065902579,0.397,0.35,6,0.00013126350480214277,True,0.38644578313253014,0.21618548702277351,-0.5065620775371755,258.53034007709476,0.06215524648661403,0.026584929137203724,1.0,0.004614891468415549,1.0,0.026815848409277344,1.0,0.05237733371223643,1.0,0.11005675733008509
sample_0013,spots,cross_repress,0.4120573065902579,0.397,0.35,7,0.08255436135286127,False,0.45068674698795186,0.6990232053225682,0.1176988934643175,1174.2596743824984,0.09374773794778585,0.1352311007253195,,,,,,,,
sample_0013,spots,cross_repress,0.4120573065902579,0.397,0.35,8,7.023823195386677e-07,True,0.38644578313253014,0.2756169680830567,-0.39939606330286237,439.41852373145775,0.06215524648661403,0.026584929137203724,1.0,0.003586697587867173,1.0,0.026185044775281125,1.0,0.05355691708122365,1.0,0.10057869941635333
sample_0013,spots,cross_repress,0.4120573065902579,0.397,0.35,9,3.209083486151545e-07,True,0.3703855421686747,0.14978634865189377,-0.21089812589134693,500.1821355998689,0.10113099259521403,0.06703893660283457,1.0,0.010069112096167378,1.0,0.027912347823776187,1.0,0.05049969281103348,0.995,0.0959634819331415
sample_0013,spots,cross_repress,0.4120573065902579,0.397,0.35,10,4.610086405227149e-05,True,0.38644578313253014,0.25314787166662533,-0.28994430822438644,114.29361123138058,0.06215524648661403,0.026584929137203724,1.0,0.013070679656699483,1.0,0.029179893852317243,1.0,0.055069070905381094,0.9775,0.10324251977051958
sample_0013,spots,cross_repress,0.4120573065902579,0.397,0.35,11,0.0075243817240386365,True,0.3543253012048193,0.37638908143082617,-0.1395867362134693,374.1282933256146,0.1401067387038139,0.10749294406846525,1.0,0.006339929187930544,1.0,0.028290674075743233,0.98,0.053332041930120686,0.83,0.10366424902280538
sample_0014,spots,cross_repress,0.31179942693409746,0.329,0.0,0,3.4255363113626362e-12,True,0.3222048192771084,0.030099673951358596,-0.0012113492716784302,489.6300070632663,0.03337207013279813,0.02065404475043037,0.765,1.7228529156019889e-16,0.5425,0.02529093176437629,0.435,0.05251272357637797,0.28,0.09541313864955846
sample_0014,spots,cross_repress,0.31179942693409746,0.329,0.0,1,7.363106344419116e-11,True,0.2900843373493976,0.1520776486650881,-0.41740985246237894,3466.198726999882,0.06964441788178657,0.11828468890760614,1.0,0.0,1.0,0.028736947883679687,1.0,0.04861588694915072,1.0,0.10341476361663803
sample_0014,spots,cross_repress,0.31179942693409746,0.329,0.0,2,1.692522527648304e-11,True,0.3222048192771084,0.15783418110738268,-0.09850698058188123,1236.5498910786644,0.03337207013279813,0.02065404475043037,1.0,1.7228529156019889e-16,1.0,0.02637241184348244,0.995,0.058581602668341635,0.875,0.10272312630342416
sample_0014,spots,cross_repress,0.31179942693409746,0.329,0.0,3,1.496280261635057e-10,True,0.30614457831325304,0.030485639879559656,-0.23879316224491876,599.0487334925095,0.018136173874494135,0.06946936682901818,1.0,0.019751617116680352,1.0,0.029006168327763114,0.9475,0.05193289816274786,0.795,0.0996330852988863
sample_0014,spots,cross_repress,0.31179942693409746,0.329,0.0,4,7.203209588764905e-14,True,0.3222048192771084,0.2656659540663435,-0.5845088804572303,59.57042662320118,0.03337207013279813,0.02065404475043037,1.0,1.7228529156019889e-16,1.0,0.0324948465248294,0.9725,0.0599471474547502,0.8325,0.11247162389421916
sample_0014,spots,cross_repress,0.31179942693409746,0.329,0.0,5,9.313252492572724e-12,True,0.3222048192771084,0.05823601595103334,-0.14347376198156175,67.49046523041281,0.03337207013279813,0.02065404475043037,1.0,0.002488813573393579,0.9525,0.029571560649481164,0.7975,0.04958108417176347,0.61,0.10061270899563096
sample_0014,spots,cross_repress,0.31179942693409746,0.329,0.0,6,9.873172322583596e-12,True,0.3222048192771084,0.256895694471706,-0.10621790367019063,56.01892253050887,0.03337207013279813,0.02065404475043037,1.0,0.003514862533959705,1.0,0.03112563760851568,0.97,0.06264393373173147,0.7675,0.10092907039143466
sample_0014,spots,cross_repress,0.31179942693409746,0.329,0.0,7,1.9388472399000582e-11,True,0.30614457831325304,0.46667170343374487,-0.4827668165144654,593.8823109026031,0.018136173874494135,0.06946936682901818,1.0,0.024747897802559406,1.0,0.02886131460380425,1.0,0.05066011502906691,0.94,0.09821232060489983
sample_0014,spots,cross_repress,0.31179942693409746,0.329,0.0,8,9.374364424436718e-12,True,0.30614457831325304,0.4016216790159106,-0.10357310720898526,492.4321687278877,0.018136173874494135,0.06946936682901818,1.0,0.0,1.0,0.028003745024451677,0.995,0.05244844966499232,0.855,0.10260729515230019
sample_0014,spots,cross_repress,0.31179942693409746,0.329,0.0,9,1.0183684728283867e-11,True,0.3222048192771084,0.14878237340324674,-0.09222706188610186,266.4801203096197,0.03337207013279813,0.02065404475043037,1.0,0.011872997133874186,1.0,0.029068340505996576,1.0,0.05611295190861246,0.9575,0.09730829800108362
sample_0014,spots,cross_repress,0.31179942693409746,0.329,0.0,10,0.008097362828413602,True,0.2900843373493976,0.054275715874240404,-0.17678393556965666,477.8627791194988,0.06964441788178657,0.11828468890760614,1.0,0.0,1.0,0.030699779143846632,0.9925,0.0567603473194282,0.8525,0.10745968338313586
sample_0014,spots,cross_repress,0.31179942693409746,0.329,0.0,11,8.627594266920435e-11,True,0.3222048192771084,0.07157304763789973,-0.18850045465448534,91.53395911694236,0.03337207013279813,0.02065404475043037,1.0,1.7228529156019889e-16,1.0,0.023128948957068223,0.9775,0.04231950646508396,0.8125,0.08962676396043315
sample_0014,spots,cross_repress,0.31179942693409746,0.329,0.05,0,7.523484891582343e-09,True,0.2900843373493976,0.5690248226816337,-0.15732030897756605,3855.5072748960547,0.06964441788178657,0.11828468890760614,1.0,0.0,1.0,0.02905217477730209,0.9775,0.05373845879822062,0.8,0.09618026938358619
sample_0014,spots,cross_repress,0.31179942693409746,0.329,0.05,1,5.3927733058338444e-08,True,0.3222048192771084,0.04794880942943536,-0.029340603081857847,2202.322445112249,0.03337207013279813,0.02065404475043037,1.0,0.02556736907549357,1.0,0.02935177231826513,0.9775,0.054491149935192405,0.7125,0.10047713442046086
sample_0014,spots,cross_repress,0.31179942693409746,0.329,0.05,2,1.1224882456545266e-08,True,0.3222048192771084,0.1257663624977834,-0.01131679399967711,83.80248372800958,0.03337207013279813,0.02065404475043037,1.0,1.7228529156019889e-16,0.8275,0.02961794972709971,0.705,0.057951643427803894,0.5575,0.10512075799425212
sample_0014,spots,cross_repress,0.31179942693409746,0.329,0.05,3,5.4997517222101424e-08,True,0.30614457831325304,0.10628048236528542,-0.06459492659867697,2811.8801555827145,0.018136173874494135,0.06946936682901818,1.0,0.012497817216110815,1.0,0.02785741656678413,1.0,0.05069982361356306,0.9775,0.09735580087744604
sample_0014,spots,cross_repress,0.31179942693409746,0.329,0.05,4,6.600855038617781e-07,True,0.3222048192771084,0.0929613312274924,-0.04317863913173772,866.4928364681475,0.03337207013279813,0.02065404475043037,1.0,1.7228529156019889e-16,1.0,0.034970315481444914,0.9325,0.06840376008588397,0.6325,0.14405535629975214
sample_0014,spots,cross_repress,0.31179942693409746,0.329,0.05,5,0.5672635274904221,False,0.001,0.025463100959707052,0.025464597191691696,249.0934307248355,0.9967928100130493,0.9969604863221885,,,,,,,,
sample_0014,spots,cross_repress,0.31179942693409746,0.329,0.05,6,1.841750790361792e-11,True,0.3222048192771084,0.04838197324444593,-0.015319398318918598,2855.569531149958,0.03337207013279813,0.02065404475043037,1.0,0.012547580486608435,0.965,0.02864500822822825,0.81,0.05176202476078365,0.5775,0.08905392692902088
sample_0014,spots,cross_repress,0.31179942693409746,0.329,0.05,7,7.2199655226830204e-09,True,0.3222048192771084,0.26101544119118536,-0.15216638250498948,482.3837884418626,0.03337207013279813,0.02065404475043037,1.0,0.025382181880183766,1.0,0.028700314822736384,1.0,0.05225584046955934,0.9875,0.09934287957633688
sample_0014,spots,cross_repress,0.31179942693409746,0.329,0.05,8,0.0028913970481205206,True,0.33826506024096387,0.2321965894192921,-0.10001971389407344,197.5264095937689,0.08488031414009058,0.028161277328157604,1.0,0.012460994209209013,1.0,0.03853544586038745,0.9425,0.07386967034478296,0.5875,0.12491466905395948
sample_0014,spots,cross_repress,0.31179942693409746,0.329,0.05,9,9.830096053703007e-09,True,0.3222048192771084,0.5778951059974791,-0.10532128471116126,267.84946858625176,0.03337207013279813,0.02065404475043037,1.0,0.002489433923009611,1.0,0.029343988567790028,0.97,0.05487912831641644,0.79,0.10394625892298691
sample_0014,spots,cross_repress,0.31179942693409746,0.329,0.05,10,1.3415545496136855e-08,True,0.3222048192771084,0.09080750687639494,-0.10880852355292808,366.9592713542091,0.03337207013279813,0.02065404475043037,1.0,0.005541333131728982,1.0,0.031419676755968844,0.995,0.05789399515850565,0.9125,0.10443178031786829
sample_0014,spots,cross_repress,0.31179942693409746,0.329,0.05,11,8.424248274161007e-10,True,0.30614457831325304,0.08679853387812386,-0.026603350037572304,4082.9409739704183,0.018136173874494135,0.06946936682901818,1.0,0.0073366550482649685,1.0,0.02887444070996644,0.97,0.05362742356008715,0.8075,0.10805174267315554
sample_0014,spots,cross_repress,0.31179942693409746,0.329,0.1,0,0.02519392985390645,False,0.3222048192771084,0.13510776696886495,0.07934167940382897,1063.718288365545,0.03337207013279813,0.02065404475043037,,,,,,,,
sample_0014,spots,cross_repress,0.31179942693409746,0.329,0.1,1,0.005649374827873577,False,0.001,0.011976653076731458,0.011976794872880336,1211.6669316172047,0.9967928100130493,0.9969604863221885,,,,,,,,
sample_0014,spots,cross_repress,0.31179942693409746,0.329,0.1,2,2.1248191711148605e-07,True,0.3222048192771084,0.206491966414724,-0.48496573537999,354.4077024236874,0.03337207013279813,0.02065404475043037,1.0,1.7228529156019889e-16,1.0,0.029005696735101994,1.0,0.050514214761479694,0.99,0.10621045658497845
sample_0014,spots,cross_repress,0.31179942693409746,0.329,0.1,3,0.03150485123446815,True,0.2740240963855422,0.37513623471755686,-0.01477864376046753,148.92331621798635,0.12115266188907885,0.16710001098619395,0.9825,4.051552543259234e-16,0.685,0.028379792539523014,0.6275,0.05510564357948535,0.52,0.10556072345113124
sample_0014,spots,cross_repress,0.31179942693409746,0.329,0.1,4,4.0150270418420226e-06,True,0.3222048192771084,0.040896277032709705,-0.004943804965657481,191.84561753023337,0.03337207013279813,0.02065404475043037,1.0,0.02060864159481369,0.77,0.02840044830669988,0.575,0.05009736191087951,0.3825,0.09733029046960653
sample_0014,spots,cross_repress,0.31179942693409746,0.329,0.1,5,3.7971437323267847e-06,True,0.3222048192771084,0.11053259526802606,-0.040304379964700016,110.53229006461318,0.03337207013279813,0.02065404475043037,1.0,1.7228529156019889e-16,0.9975,0.029106872639634414,0.865,0.052808487479893015,0.5625,0.09922630078971503
sample_0014,spots,cross_repress,0.31179942693409746,0.329,0.1,6,1.9942106574784914e-07,True,0.30614457831325304,0.06092398796305076,-0.42907588157845433,4574.676746903635,0.018136173874494135,0.06946936682901818,1.0,0.0,1.0,0.03037714022727404,1.0,0.05315487390564741,0.985,0.10120527677307506
sample_0014,spots,cross_repress,0.31179942693409746,0.329,0.1,7,9.705135279863853e-12,True,0.30614457831325304,0.07946114650052394,-0.3046481725410297,647.9421901875613,0.018136173874494135,0.06946936682901818,1.0,0.025367489176351624,1.0,0.029530828155159578,1.0,0.05482940068599619,0.9625,0.10033616617386698
sample_0014,spots,cross_repress,0.31179942693409746,0.329,0.1,8,6.961945788456036e-08,True,0.3222048192771084,0.26276865085320367,-0.09472653945534981,3622.365598325771,0.03337207013279813,0.02065404475043037,1.0,0.004302078194235926,1.0,0.028888970303790347,0.995,0.05354475790789855,0.9025,0.09947750646644855
sample_0014,spots,cross_repress,0.31179942693409746,0.329,0.1,9,0.3909935685797755,False,0.001,0.013226088630775068,0.013226761251460384,329.85462291030916,0.9967928100130493,0.9969604863221885,,,,,,,,
sample_0014,spots,cross_repress,0.31179942693409746,0.329,0.1,10,7.950356130642964e-06,True,0.3222048192771084,0.06257524886442667,-0.1005719326893933,180.87108758757805,0.03337207013279813,0.02065404475043037,1.0,1.7228529156019889e-16,1.0,0.029795980171104797,0.9675,0.05282675831513114,0.725,0.10195743435732853
sample_0014,spots,cross_repress,0.31179942693409746,0.329,0.1,11,4.170807098880146e-09,True,0.3222048192771084,0.12018004242696634,-0.08385660313511778,1645.4535076971886,0.03337207013279813,0.02065404475043037,1.0,1.7228529156019889e-16,1.0,0.027672786450025782,1.0,0.052255229176735314,0.8825,0.10489976778029941
sample_0014,spots,cross_repress,0.31179942693409746,0.329,0.2,0,3.3181500513296386e-06,True,0.30614457831325304,0.08387734317727791,-0.0542259457029845,426.0105994141122,0.018136173874494135,0.06946936682901818,1.0,0.0,1.0,0.026496377779487778,1.0,0.0490564120093167,0.9775,0.10641375583155617
sample_0014,spots,cross_repress,0.31179942693409746,0.329,0.2,1,3.5031736170750375e-06,True,0.3222048192771084,0.3227462907612839,-0.18009156581083696,251.38329719928706,0.03337207013279813,0.02065404475043037,1.0,0.004961970176448572,1.0,0.028553018680955642,1.0,0.05200744581682942,0.9675,0.10963127065421562
sample_0014,spots,cross_repress,0.31179942693409746,0.329,0.2,2,2.8460255582137324e-05,True,0.30614457831325304,0.23063147364048575,-0.2792844921515176,2362.868602366343,0.018136173874494135,0.06946936682901818,1.0,0.0,1.0,0.023050060167649152,1.0,0.045487457780116786,0.995,0.08730495598861174
sample_0014,spots,cross_repress,0.31179942693409746,0.329,0.2,3,4.5091595421685825e-05,True,0.3222048192771084,0.33129868910879345,-0.3203549362463488,133.83360381199407,0.03337207013279813,0.02065404475043037,1.0,1.7228529156019889e-16,1.0,0.02952213830826122,1.0,0.05492950785668543,0.9975,0.10699845013615139
sample_0014,spots,cross_repress,0.31179942693409746,0.329,0.2,4,0.14143256093381834,False,0.2740240963855422,0.4801204809541133,0.16700886739807982,492.1114859970066,0.12115266188907885,0.16710001098619395,,,,,,,,
sample_0014,spots,cross_repress,0.31179942693409746,0.329,0.2,5,2.452008058020167e-05,True,0.30614457831325304,0.04041502561676147,-0.0052249070591172675,774.2040740057502,0.018136173874494135,0.06946936682901818,1.0,0.0,0.8825,0.026828742844003016,0.7375,0.05134671222153525,0.535,0.10359021825214092
sample_0014,spots,cross_repress,0.31179942693409746,0.329,0.2,6,6.819008843735366e-06,True,0.2900843373493976,0.07031430732368982,-0.06111624023566442,558.7712118107883,0.06964441788178657,0.11828468890760614,1.0,0.0077423926490831785,1.0,0.029084512455953095,1.0,0.05419726756018445,0.9975,0.0972177702696816
sample_0014,spots,cross_repress,0.31179942693409746,0.329,0.2,7,6.739536984140825e-07,True,0.3222048192771084,0.15987177003201225,-0.12147352301340342,366.1638173855963,0.03337207013279813,0.02065404475043037,1.0,0.018769845630448735,1.0,0.0307511698929649,1.0,0.05590858523710167,0.985,0.0983709935886585
sample_0014,spots,cross_repress,0.31179942693409746,0.329,0.2,8,1.1600122087730589,False,0.0813012048192771,0.38611414779152176,0.34615210575589883,156.3960462419091,0.7392515899765875,0.7528838759292489,,,,,,,,
sample_0014,spots,cross_repress,0.31179942693409746,0.329,0.2,9,0.20806844740510438,False,0.30614457831325304,0.7385938921072164,0.22806166223305646,327.8930355261772,0.018136173874494135,0.06946936682901818,,,,,,,,
sample_0014,spots,cross_repress,0.31179942693409746,0.329,0.2,10,3.8342173440987153e-07,True,0.3222048192771084,0.23584106295701623,-0.1737718252110676,242.5652868221756,0.03337207013279813,0.02065404475043037,1.0,1.7228529156019889e-16,1.0,0.02934887955103517,1.0,0.05520196929593521,0.97,0.10819089683204787
sample_0014,spots,cross_repress,0.31179942693409746,0.329,0.2,11,0.00031356754524150126,True,0.3222048192771084,0.38188201762070406,-0.1724895152202732,1293.92128509648,0.03337207013279813,0.02065404475043037,1.0,0.002489433923009611,1.0,0.029985334491642934,1.0,0.05365915855344611,0.97,0.10374658591099473
sample_0014,spots,cross_repress,0.31179942693409746,0.329,0.35,0,0.00030335942937819257,True,0.2900843373493976,0.08909573025602313,-0.1324953345338547,1120.1631876617712,0.06964441788178657,0.11828468890760614,1.0,0.0,1.0,0.02801271163059599,1.0,0.049166009830092165,1.0,0.10547827301962578
sample_0014,spots,cross_repress,0.31179942693409746,0.329,0.35,1,0.0002948606540700503,True,0.2740240963855422,0.06197214950162255,-0.07008884601144294,571.4794713900494,0.12115266188907885,0.16710001098619395,1.0,2.0257762716296166e-16,1.0,0.027693187730044404,1.0,0.05507589477418829,1.0,0.10084445998213974
sample_0014,spots,cross_repress,0.31179942693409746,0.329,0.35,2,5.558215262175316e-05,True,0.30614457831325304,0.10685090846180323,-0.08514211674372196,364.43773887188775,0.018136173874494135,0.06946936682901818,1.0,0.0,1.0,0.028479028661844485,1.0,0.05136218498986342,0.985,0.09531748992121268
sample_0014,spots,cross_repress,0.31179942693409746,0.329,0.35,3,0.00016255074929067534,True,0.2740240963855422,0.08590191163497973,-0.06850899021367929,599.5743412030123,0.12115266188907885,0.16710001098619395,1.0,0.004132687783169105,1.0,0.03108248086354233,1.0,0.05552341123429095,0.9975,0.10395489766419107
sample_0014,spots,cross_repress,0.31179942693409746,0.329,0.35,4,0.00010332634551016858,True,0.30614457831325304,0.09231133734149921,-0.06046964232592594,639.9811212178922,0.018136173874494135,0.06946936682901818,1.0,0.0,1.0,0.026621832880860043,1.0,0.051935002011271214,0.98,0.09707444711523351
sample_0014,spots,cross_repress,0.31179942693409746,0.329,0.35,5,0.0002936616757736799,True,0.30614457831325304,0.13813346301626517,-0.20939459612088757,395.7176143740489,0.018136173874494135,0.06946936682901818,1.0,0.0,1.0,0.023159957415520682,1.0,0.045415898595289286,1.0,0.08433473147402194
sample_0014,spots,cross_repress,0.31179942693409746,0.329,0.35,6,0.00012282952593627226,True,0.30614457831325304,0.09000804166568699,-0.699417327855151,557.0320354819033,0.018136173874494135,0.06946936682901818,1.0,0.006872460773333907,1.0,0.02841936191942038,1.0,0.05294957389333423,0.965,0.10532731082755885
sample_0014,spots,cross_repress,0.31179942693409746,0.329,0.35,7,0.0014297014731959675,False,0.30614457831325304,0.18352036361362334,0.014437181650055413,372.25684333203895,0.018136173874494135,0.06946936682901818,,,,,,,,
sample_0014,spots,cross_repress,0.31179942693409746,0.329,0.35,8,6.208338581403734e-05,True,0.30614457831325304,0.0984476875238629,-0.11923427788140528,322.6687838432799,0.018136173874494135,0.06946936682901818,1.0,0.007789113735802437,1.0,0.02984093215586429,1.0,0.05413466247902402,0.995,0.10049295615799331
sample_0014,spots,cross_repress,0.31179942693409746,0.329,0.35,9,1.4661350439161074e-06,True,0.3222048192771084,0.10874094330032325,-0.32459905980176473,247.80730063693164,0.03337207013279813,0.02065404475043037,1.0,0.023576059073381377,1.0,0.02909342398337496,1.0,0.05287775893215938,0.9775,0.11308307536609533
sample_0014,spots,cross_repress,0.31179942693409746,0.329,0.35,10,0.007508252067772971,False,0.30614457831325304,0.27621965945444593,0.039342116763928514,159.09276742923865,0.018136173874494135,0.06946936682901818,,,,,,,,
sample_0014,spots,cross_repress,0.31179942693409746,0.329,0.35,11,6.619881534174841e-05,True,0.30614457831325304,0.16127581615117847,-0.22468380163518686,486.0048132384967,0.018136173874494135,0.06946936682901818,1.0,0.0,1.0,0.029663023461812706,1.0,0.052798074597653726,1.0,0.10212524501204132
sample_0015,labyrinth,cross_repress,0.21154154727793698,0.185,0.0,0,3.1503354106573864e-12,True,0.17766265060240966,0.31233064023921564,-0.11487413976579186,106.67571493844025,0.1601524481193996,0.039661348095082934,1.0,1.562262834732944e-16,1.0,0.02894694728752543,0.97,0.061820818315010864,0.755,0.11571855978208836
sample_0015,labyrinth,cross_repress,0.21154154727793698,0.185,0.0,1,1.00058563230823e-11,True,0.1616024096385542,0.27333507415974445,-0.05472182228458633,315.1621028530883,0.23607247976573364,0.12647346141322047,0.9975,0.01822275076492803,0.805,0.04738095519124555,0.595,0.05285024072854805,0.4575,0.08616987214234638
sample_0015,labyrinth,cross_repress,0.21154154727793698,0.185,0.0,2,0.3794632416533083,False,0.17766265060240966,0.7074349362252725,0.3053230085011821,1084.111251154853,0.1601524481193996,0.039661348095082934,,,,,,,,
sample_0015,labyrinth,cross_repress,0.21154154727793698,0.185,0.0,3,3.0536702762269345e-13,True,0.1616024096385542,0.0713452756896622,-0.014213092185448195,522.9644257451924,0.23607247976573364,0.12647346141322047,1.0,0.0,0.8475,0.030140609227378472,0.685,0.06384883112496716,0.62,0.0987531628348122
sample_0015,labyrinth,cross_repress,0.21154154727793698,0.185,0.0,4,1.0428092212007636e-10,True,0.17766265060240966,0.1665712405308435,-0.1503324875154679,53.69084697981706,0.1601524481193996,0.039661348095082934,1.0,1.562262834732944e-16,1.0,0.03289693822643218,0.995,0.06436991717388414,0.8675,0.11490787596998103
sample_0015,labyrinth,cross_repress,0.21154154727793698,0.185,0.0,5,3.5030100465311694e-11,True,0.1455421686746988,0.09707433107385821,-0.2636847577578637,1361.8097575124737,0.3119925114120676,0.21328557473135784,1.0,1.9070470000804637e-16,1.0,0.032742993294195666,1.0,0.06096412527335053,0.9825,0.10903865063202295
sample_0015,labyrinth,cross_repress,0.21154154727793698,0.185,0.0,6,1.2672566473891498e-10,True,0.1455421686746988,0.08543137170013893,-0.22034936147810402,4549.890121483888,0.3119925114120676,0.21328557473135784,1.0,1.9070470000804637e-16,1.0,0.027636656600989726,1.0,0.05898740380725178,1.0,0.1022480262534046
sample_0015,labyrinth,cross_repress,0.21154154727793698,0.185,0.0,7,1.0079170100447776e-11,True,0.17766265060240966,0.24815182413886916,-0.15363008486522323,824.5367175693243,0.1601524481193996,0.039661348095082934,1.0,0.01723243462870432,1.0,0.044757052304539253,1.0,0.05599957735305906,0.9875,0.10591539685688917
sample_0015,labyrinth,cross_repress,0.21154154727793698,0.185,0.0,8,0.21378890360018987,True,0.2900843373493976,0.6872822260680271,-0.2442445427827562,93.12196119776668,0.37128777340493785,0.5680234451318789,1.0,0.0,0.8325,0.031040180506434298,0.6825,0.049318017838159686,0.5725,0.0989290221943517
sample_0015,labyrinth,cross_repress,0.21154154727793698,0.185,0.0,9,3.2446317088158336e-09,True,0.1455421686746988,0.21094505872588165,-0.01746779200531512,1555.4728677108692,0.3119925114120676,0.21328557473135784,1.0,1.9070470000804637e-16,0.98,0.011146799187815372,0.8475,0.056181449799481274,0.6625,0.10087379000066565
sample_0015,labyrinth,cross_repress,0.21154154727793698,0.185,0.0,10,0.13258938241710813,False,0.09736144578313254,0.19961212455150878,0.1650170302563042,1988.7041872990442,0.5397526063510694,0.4737219146857701,,,,,,,,
sample_0015,labyrinth,cross_repress,0.21154154727793698,0.185,0.0,11,6.082404769302454e-13,True,0.17766265060240966,0.19998245385187552,-0.060166541734171575,705.8696913297962,0.1601524481193996,0.039661348095082934,1.0,0.00451523683651536,1.0,0.0435133879202165,0.9875,0.060974001950354836,0.775,0.09809590179534833
sample_0015,labyrinth,cross_repress,0.21154154727793698,0.185,0.05,0,0.17258945376986612,False,0.22584337349397593,0.7770794382914872,0.11305458353507358,3886.707306696385,0.06760764681960224,0.22077499185932936,,,,,,,,
sample_0015,labyrinth,cross_repress,0.21154154727793698,0.185,0.05,1,3.4081826790065222e-09,True,0.17766265060240966,0.02640914773350378,-0.21528072695647893,362.5145886629519,0.1601524481193996,0.039661348095082934,1.0,0.02574691570193954,1.0,0.04524052129978878,0.995,0.06241670855133406,0.88,0.10614490791297904
sample_0015,labyrinth,cross_repress,0.21154154727793698,0.185,0.05,2,0.0042729874878130215,False,0.1616024096385542,0.11264663560328625,0.03268394822861209,747.8877645178732,0.23607247976573364,0.12647346141322047,,,,,,,,
sample_0015,labyrinth,cross_repress,0.21154154727793698,0.185,0.05,3,2.8079937608718657e-07,True,0.1616024096385542,0.05049688736379476,-0.10325035239497582,1312.626052780878,0.23607247976573364,0.12647346141322047,1.0,0.024206713400513353,1.0,0.04938437255393685,1.0,0.0644147635099079,0.98,0.1066908890645806
sample_0015,labyrinth,cross_repress,0.21154154727793698,0.185,0.05,4,0.02282910712716758,True,0.2097831325301205,0.7868507992488123,-0.02124003877128211,389.3310264557752,0.008312384826731791,0.13396287854119182,1.0,1.323060404374684e-16,0.695,0.030175546716862643,0.63,0.05552570125746998,0.5625,0.11012441103350576
sample_0015,labyrinth,cross_repress,0.21154154727793698,0.185,0.05,5,3.89095832876192e-08,True,0.17766265060240966,0.05268446999437337,-0.5821140671923062,281.9245368391207,0.1601524481193996,0.039661348095082934,1.0,1.562262834732944e-16,1.0,0.028711809751124938,1.0,0.05926277839973653,0.94,0.10705434758197842
sample_0015,labyrinth,cross_repress,0.21154154727793698,0.185,0.05,6,0.0009145867357345887,False,0.001,0.01111031151540054,0.011110547388376801,683.3530688661323,0.9952727962290729,0.9945945945945945,,,,,,,,
sample_0015,labyrinth,cross_repress,0.21154154727793698,0.185,0.05,7,1.2781385405660367e-07,True,0.1616024096385542,0.20638302223527383,-0.09335269020645637,465.031833729678,0.23607247976573364,0.12647346141322047,1.0,0.03650344439582868,0.9925,0.04628582364725892,0.8575,0.054726526041936556,0.675,0.09736497593773519
sample_0015,labyrinth,cross_repress,0.21154154727793698,0.185,0.05,8,8.53842377978125e-08,True,0.1616024096385542,0.09501985143890868,-0.02124493746911582,76.83298418176379,0.23607247976573364,0.12647346141322047,1.0,0.0,0.9925,0.028531689486269985,0.9,0.05908471859931301,0.58,0.10556982167357831
sample_0015,labyrinth,cross_repress,0.21154154727793698,0.185,0.05,9,5.054763307366518e-09,True,0.17766265060240966,0.3168612926624945,-0.28770618376374457,379.6344265712601,0.1601524481193996,0.039661348095082934,1.0,1.562262834732944e-16,1.0,0.030127372089749693,1.0,0.05835155858409846,0.9875,0.09970128075610972
sample_0015,labyrinth,cross_repress,0.21154154727793698,0.185,0.05,10,4.80370683886247e-08,True,0.1455421686746988,0.03596174954793252,-0.005539798636821525,1018.7692645803463,0.3119925114120676,0.21328557473135784,1.0,1.9070470000804637e-16,0.815,0.042165526941177124,0.6725,0.06284661092968492,0.57,0.10727765170927912
sample_0015,labyrinth,cross_repress,0.21154154727793698,0.185,0.05,11,4.563653613110183e-08,True,0.17766265060240966,0.04869504973339511,-0.05138268658572975,82.07852796681854,0.1601524481193996,0.039661348095082934,1.0,0.016076847254430385,1.0,0.045004974223985514,0.9625,0.06405917360611134,0.8,0.10208239517724055
sample_0015,labyrinth,cross_repress,0.21154154727793698,0.185,0.1,0,8.255795357103469e-07,True,0.17766265060240966,0.1198409852305935,-0.048505802232642864,98.6124852231964,0.1601524481193996,0.039661348095082934,1.0,1.562262834732944e-16,1.0,0.027655056684993334,0.975,0.06126400715504696,0.83,0.11337054122635928
sample_0015,labyrinth,cross_repress,0.21154154727793698,0.185,0.1,1,2.596051277248185e-07,True,0.17766265060240966,0.08330903043891524,-0.4138415892434355,194.86721069885053,0.1601524481193996,0.039661348095082934,1.0,1.562262834732944e-16,1.0,0.031072175861303033,1.0,0.056945413391559674,0.9725,0.10820637950047785
sample_0015,labyrinth,cross_repress,0.21154154727793698,0.185,0.1,2,3.6093415174214455e-07,True,0.1616024096385542,0.07857672942874983,-0.1508602644243831,181.8245005306608,0.23607247976573364,0.12647346141322047,1.0,0.03015101937857457,1.0,0.046170317425720156,0.9975,0.05925442472092069,0.9025,0.10612145117977774
sample_0015,labyrinth,cross_repress,0.21154154727793698,0.185,0.1,3,4.1236856588514454e-06,True,0.17766265060240966,0.06605262114759358,-0.14036707286321265,44.118033746174774,0.1601524481193996,0.039661348095082934,1.0,1.562262834732944e-16,1.0,0.031127357758806064,1.0,0.06671864620429657,0.885,0.11086306653201024
sample_0015,labyrinth,cross_repress,0.21154154727793698,0.185,0.1,4,0.04931585575155535,False,0.001,0.012678004655954922,0.012692831427969509,23.02277759259995,0.9952727962290729,0.9945945945945945,,,,,,,,
sample_0015,labyrinth,cross_repress,0.21154154727793698,0.185,0.1,5,2.4457911923694076e-07,True,0.17766265060240966,0.1093028765372539,-0.31227160943064725,156.0371802509514,0.1601524481193996,0.039661348095082934,1.0,1.562262834732944e-16,1.0,0.023052891368132513,1.0,0.06613269173569367,0.975,0.11023815543995703
sample_0015,labyrinth,cross_repress,0.21154154727793698,0.185,0.1,6,0.0025359605559327134,False,0.001,0.024265148813284454,0.024283406132679097,218.99252330723277,0.9952727962290729,0.9945945945945945,,,,,,,,
sample_0015,labyrinth,cross_repress,0.21154154727793698,0.185,0.1,7,3.954002634568644e-06,True,0.1616024096385542,0.023788826357478143,-0.009571220155847993,906.0913617044828,0.23607247976573364,0.12647346141322047,1.0,0.0,0.965,0.04317033775952342,0.7875,0.06687472758601888,0.6275,0.12115927012076552
sample_0015,labyrinth,cross_repress,0.21154154727793698,0.185,0.1,8,1.4918091406058413e-07,True,0.17766265060240966,0.02614859956270621,-0.08220395596887922,510.9452328920039,0.1601524481193996,0.039661348095082934,1.0,1.562262834732944e-16,1.0,0.04139584826489074,0.9775,0.056735555414063006,0.8825,0.10152341937642873
sample_0015,labyrinth,cross_repress,0.21154154727793698,0.185,0.1,9,2.691551985676379e-06,True,0.17766265060240966,0.07888761787155918,-0.05615936054096515,32.833781547420195,0.1601524481193996,0.039661348095082934,1.0,1.562262834732944e-16,1.0,0.03260924356311717,0.9925,0.06423866215061272,0.87,0.11666919056591671
sample_0015,labyrinth,cross_repress,0.21154154727793698,0.185,0.1,10,0.02845850441468665,False,0.1616024096385542,0.2414985103539169,0.08297493321806027,234.12392429445083,0.23607247976573364,0.12647346141322047,,,,,,,,
sample_0015,labyrinth,cross_repress,0.21154154727793698,0.185,0.1,11,0.001063063565504413,False,0.0813012048192771,0.01610916553871089,0.0158250916747269,461.321136512827,0.6156726379974033,0.5605340280039075,,,,,,,,
sample_0015,labyrinth,cross_repress,0.21154154727793698,0.185,0.2,0,1.6914231454859396e-05,True,0.1616024096385542,0.07666113554734455,-0.1461648262314461,500.72974031512445,0.23607247976573364,0.12647346141322047,1.0,0.05220427822617479,1.0,0.052356233581701564,1.0,0.06276250055267131,0.9475,0.11291618373838988
sample_0015,labyrinth,cross_repress,0.21154154727793698,0.185,0.2,1,1.229089913138753e-06,True,0.17766265060240966,0.1375888573776809,-0.279415970495154,416.46021684495685,0.1601524481193996,0.039661348095082934,1.0,0.009002565411857635,1.0,0.041136817369561915,1.0,0.056533004861047134,1.0,0.10386296824729
sample_0015,labyrinth,cross_repress,0.21154154727793698,0.185,0.2,2,3.3675761552151486e-08,True,0.17766265060240966,0.1572622148951499,-0.33346481568458586,527.8234514604634,0.1601524481193996,0.039661348095082934,1.0,1.562262834732944e-16,1.0,0.02398692492851586,1.0,0.05872438672627291,1.0,0.10838503304587507
sample_0015,labyrinth,cross_repress,0.21154154727793698,0.185,0.2,3,7.735392251024005e-07,True,0.1616024096385542,0.3681275783507534,-0.14751544552057372,1243.781325258382,0.23607247976573364,0.12647346141322047,1.0,0.023004041901744914,1.0,0.046706645043240104,1.0,0.05608284960929861,0.97,0.10748800416977103
sample_0015,labyrinth,cross_repress,0.21154154727793698,0.185,0.2,4,2.3071090598920486e-05,True,0.1616024096385542,0.08848681536770009,-0.01253601888055722,974.350896061014,0.23607247976573364,0.12647346141322047,1.0,0.0,1.0,0.03269690411462132,0.8725,0.05774244536024345,0.725,0.10069057541151166
sample_0015,labyrinth,cross_repress,0.21154154727793698,0.185,0.2,5,2.208940063811486e-06,True,0.1616024096385542,0.06978646363623842,-0.23584224307007115,232.84313489102414,0.23607247976573364,0.12647346141322047,1.0,0.041591930051320614,1.0,0.04696532015696274,1.0,0.05960715655553213,0.9925,0.10446712556443641
sample_0015,labyrinth,cross_repress,0.21154154727793698,0.185,0.2,6,9.040572224948011e-08,True,0.17766265060240966,0.09503597901311078,-0.06726632072926275,138.66410053728896,0.1601524481193996,0.039661348095082934,1.0,1.562262834732944e-16,1.0,0.029268878708515265,1.0,0.0589349857156291,0.9425,0.10637069907072576
sample_0015,labyrinth,cross_repress,0.21154154727793698,0.185,0.2,7,5.247785094620617e-05,True,0.1455421686746988,0.2933437771259655,-0.11854052580769014,7928.264865044013,0.3119925114120676,0.21328557473135784,1.0,0.018886426648820245,1.0,0.05310412419634374,1.0,0.061093476105237216,0.975,0.10601077905508038
sample_0015,labyrinth,cross_repress,0.21154154727793698,0.185,0.2,8,0.0002769459086329395,True,0.17766265060240966,0.06081249586535642,-0.027445091214201855,21.88621216147126,0.1601524481193996,0.039661348095082934,1.0,1.562262834732944e-16,1.0,0.03249929284173094,0.96,0.0636209519465934,0.67,0.11535025919138606
sample_0015,labyrinth,cross_repress,0.21154154727793698,0.185,0.2,9,0.0001460902004544223,False,0.1616024096385542,0.028219393958611283,0.004386412624051483,81.78387739053781,0.23607247976573364,0.12647346141322047,,,,,,,,
sample_0015,labyrinth,cross_repress,0.21154154727793698,0.185,0.2,10,4.2657430718248463e-05,True,0.1455421686746988,0.1043468095851594,-0.1546692018836393,1306.967517704662,0.3119925114120676,0.21328557473135784,1.0,1.9070470000804637e-16,1.0,0.039263779585948386,1.0,0.06040286599964434,0.99,0.11029832028318311
sample_0015,labyrinth,cross_repress,0.21154154727793698,0.185,0.2,11,4.719717487908636e-06,True,0.17766265060240966,0.16965376059965465,-0.48828336788743487,400.8817657379284,0.1601524481193996,0.039661348095082934,1.0,1.562262834732944e-16,1.0,0.023046904284616792,1.0,0.056176858104455114,1.0,0.11273314321984938
sample_0015,labyrinth,cross_repress,0.21154154727793698,0.185,0.35,0,0.00047527255825600224,True,0.12948192771084338,0.049036854209603575,-0.13983764524711031,1982.547965662094,0.38791254305840145,0.3000976880494952,1.0,0.058377984322528054,1.0,0.058493507669695494,1.0,0.0634684065246288,0.9975,0.10269061588396729
sample_0015,labyrinth,cross_repress,0.21154154727793698,0.185,0.35,1,0.47270164046475766,False,0.001,0.020816020243212163,0.02081919582292735,77.24664714672488,0.9952727962290729,0.9945945945945945,,,,,,,,
sample_0015,labyrinth,cross_repress,0.21154154727793698,0.185,0.35,2,1.0936937716171444e-06,True,0.17766265060240966,0.16532114078693816,-0.30153347885632553,306.0487638510732,0.1601524481193996,0.039661348095082934,1.0,1.562262834732944e-16,1.0,0.02556824465812202,1.0,0.055973864008059024,0.995,0.09704991064232713
sample_0015,labyrinth,cross_repress,0.21154154727793698,0.185,0.35,3,0.00029836560351599047,True,0.11342168674698797,0.03370066917833903,-0.0774100428170858,5337.320237510894,0.4638325747047354,0.3869098013676326,1.0,1.2235568175574676e-16,1.0,0.0270448245032641,1.0,0.06372145846858328,0.99,0.11171730249002743
sample_0015,labyrinth,cross_repress,0.21154154727793698,0.185,0.35,4,4.61595252116438e-06,True,0.17766265060240966,0.07793673468382467,-0.08235427173860077,85.44863380182821,0.1601524481193996,0.039661348095082934,1.0,1.562262834732944e-16,1.0,0.031868933222345706,0.9975,0.05919687411305693,0.965,0.11089212430346901
sample_0015,labyrinth,cross_repress,0.21154154727793698,0.185,0.35,5,0.0005334207981031201,True,0.1455421686746988,0.1007467917627558,-0.038412959190338936,4985.154521662154,0.3119925114120676,0.21328557473135784,1.0,1.9070470000804637e-16,1.0,0.04275410709860676,1.0,0.06084590400715042,0.97,0.10677711555544327
sample_0015,labyrinth,cross_repress,0.21154154727793698,0.185,0.35,6,5.838151880520934e-06,True,0.17766265060240966,0.061424379088406145,-0.19502296815349734,219.25509341036047,0.1601524481193996,0.039661348095082934,1.0,0.04680732439853349,1.0,0.047297347768677236,1.0,0.059984792090235606,0.9925,0.10347510784694722
sample_0015,labyrinth,cross_repress,0.21154154727793698,0.185,0.35,7,0.0002170761439549454,True,0.1616024096385542,0.09222930647862526,-0.039090214363765696,482.98097295148233,0.23607247976573364,0.12647346141322047,1.0,0.0,1.0,0.039518070115819606,1.0,0.06198654761603293,0.965,0.10572932982696244
sample_0015,labyrinth,cross_repress,0.21154154727793698,0.185,0.35,8,0.24754289070260183,False,0.09736144578313254,0.15902118490437545,0.13040965797832627,198.25837650776492,0.5397526063510694,0.4737219146857701,,,,,,,,
sample_0015,labyrinth,cross_repress,0.21154154727793698,0.185,0.35,9,0.037490000796978715,False,0.17766265060240966,0.4270481775529955,0.09676474832026338,282.62536090719715,0.1601524481193996,0.039661348095082934,,,,,,,,
sample_0015,labyrinth,cross_repress,0.21154154727793698,0.185,0.35,10,2.229683480051033e-08,True,0.1616024096385542,0.23826645550780157,-0.14319758512273428,868.1927716094134,0.23607247976573364,0.12647346141322047,1.0,0.04739129005903586,1.0,0.04734894414249686,1.0,0.056494167413623134,0.9925,0.10407810011168418
sample_0015,labyrinth,cross_repress,0.21154154727793698,0.185,0.35,11,0.0004300561860258152,True,0.1455421686746988,0.10626918406929775,-0.08266043439129689,1718.6998208589891,0.3119925114120676,0.21328557473135784,1.0,0.012276829648388842,1.0,0.05474690791663065,1.0,0.0622502571346149,1.0,0.10815054321850517
sample_0016,spots,cross_repress,0.1914899713467049,0.223,0.0,0,6.957202737471481e-13,True,0.19372289156626507,0.04329811397952099,-0.5221948741112892,2103.561568622447,0.011660768466654212,0.1312874817656275,1.0,0.017993739154941783,1.0,0.039052377691401456,1.0,0.0525743332300629,0.9975,0.09871033032449777
sample_0016,spots,cross_repress,0.1914899713467049,0.223,0.0,1,6.5511971816943175e-12,True,0.2097831325301205,0.12586372338690754,-0.04218791212300975,226.43398628666597,0.09553064870585126,0.059268463990491106,1.0,1.323060404374684e-16,1.0,0.02954575328211917,0.9825,0.057296103104509145,0.8975,0.11012742633897595
sample_0016,spots,cross_repress,0.1914899713467049,0.223,0.0,2,1.2056709862986326e-11,True,0.2097831325301205,0.02533568725386326,-0.03314064241518888,166.39908464585272,0.09553064870585126,0.059268463990491106,1.0,0.014586331780884912,1.0,0.038436954056131144,0.9925,0.058171458178749094,0.9025,0.10274374185188438
sample_0016,spots,cross_repress,0.1914899713467049,0.223,0.0,3,4.969306627112781e-11,True,0.2097831325301205,0.037978069766410716,-0.22882375241999792,154.30309802159204,0.09553064870585126,0.059268463990491106,1.0,1.323060404374684e-16,1.0,0.029839952822422588,0.995,0.05709423439283941,0.9,0.10684435668663284
sample_0016,spots,cross_repress,0.1914899713467049,0.223,0.0,4,0.00039328362856239513,False,0.2097831325301205,0.015498247948423138,0.008633357966240318,37.12269584499818,0.09553064870585126,0.059268463990491106,,,,,,,,
sample_0016,spots,cross_repress,0.1914899713467049,0.223,0.0,5,5.881665190964448e-12,True,0.2097831325301205,0.03690085739299054,-0.1646454495878047,169.33288113620452,0.09553064870585126,0.059268463990491106,1.0,1.323060404374684e-16,1.0,0.03224453757007108,0.9975,0.05495340351882175,0.9375,0.10517424412010859
sample_0016,spots,cross_repress,0.1914899713467049,0.223,0.0,6,0.0011405271039692118,True,0.17766265060240966,0.0031423675566912834,-0.22421700377874526,6783.124535114276,0.07220911177254284,0.20330649954076388,1.0,1.562262834732944e-16,0.9925,0.031292615917299836,0.83,0.04784826809528679,0.635,0.07896525700467652
sample_0016,spots,cross_repress,0.1914899713467049,0.223,0.0,7,9.092193283309722e-13,True,0.2097831325301205,0.06171411082047484,-0.04901456019737438,351.72751856977385,0.09553064870585126,0.059268463990491106,1.0,1.323060404374684e-16,1.0,0.03169121857779202,0.95,0.06196216634502303,0.78,0.11120568143000167
sample_0016,spots,cross_repress,0.1914899713467049,0.223,0.0,8,8.759727471785645e-12,True,0.1616024096385542,0.0940475400303229,-0.0988939686499054,753.7475424659181,0.15607899201174005,0.2753255173159004,1.0,0.0,1.0,0.0400822642927224,0.965,0.057760371267298494,0.7275,0.10709027064338714
sample_0016,spots,cross_repress,0.1914899713467049,0.223,0.0,9,3.5050731976942606e-11,True,0.2097831325301205,0.10607848645857176,-0.1051436149757442,96.26308942803587,0.09553064870585126,0.059268463990491106,1.0,1.323060404374684e-16,1.0,0.027929285666582607,1.0,0.061184640849974395,0.9675,0.11498560985615998
sample_0016,spots,cross_repress,0.1914899713467049,0.223,0.0,10,1.3029028127211286e-11,True,0.2097831325301205,0.38900937277674696,-0.0077248497797730575,130.5338168915169,0.09553064870585126,0.059268463990491106,0.99,0.0,0.6725,0.02748792506179252,0.575,0.05819726333001875,0.3675,0.10351814863512142
sample_0016,spots,cross_repress,0.1914899713467049,0.223,0.0,11,1.3221550458713303e-10,True,0.2097831325301205,0.17367168579614223,-0.18138650200468243,213.06040718785155,0.09553064870585126,0.059268463990491106,1.0,1.323060404374684e-16,1.0,0.02938844328090101,1.0,0.054753213713564335,0.9975,0.09717165266277092
sample_0016,spots,cross_repress,0.1914899713467049,0.223,0.05,0,0.2027934843286998,False,0.001,0.008160996963723743,0.008161772366270137,19.085697567768396,0.994777794403711,0.9955156950672646,,,,,,,,
sample_0016,spots,cross_repress,0.1914899713467049,0.223,0.05,1,4.950931058774551e-09,True,0.2097831325301205,0.056870355072662804,-0.05081441570460929,328.93932259859906,0.09553064870585126,0.059268463990491106,1.0,1.323060404374684e-16,1.0,0.029691924435095458,1.0,0.05161051836575944,0.955,0.1069374414768217
sample_0016,spots,cross_repress,0.1914899713467049,0.223,0.05,2,2.0583831039593866e-06,False,0.2097831325301205,0.022584834966046685,0.0006571973792774966,279.9019858977586,0.09553064870585126,0.059268463990491106,,,,,,,,
sample_0016,spots,cross_repress,0.1914899713467049,0.223,0.05,3,1.0173971393353282e-09,True,0.2097831325301205,0.0720072117059054,-0.014367039240275492,128.8961234509503,0.09553064870585126,0.059268463990491106,1.0,0.010025022218774217,0.965,0.036176479639375515,0.7725,0.054949445830961535,0.555,0.10726858588420307
sample_0016,spots,cross_repress,0.1914899713467049,0.223,0.05,4,4.218985673661162e-08,True,0.2097831325301205,0.0450180578026913,-0.3561295092883956,149.44066214354308,0.09553064870585126,0.059268463990491106,1.0,1.323060404374684e-16,1.0,0.03253624220282849,0.995,0.0627784804156586,0.84,0.11776257443546388
sample_0016,spots,cross_repress,0.1914899713467049,0.223,0.05,5,3.2308876291376656e-08,True,0.2097831325301205,0.025722519833641044,-0.14268737891467098,296.4657977711226,0.09553064870585126,0.059268463990491106,1.0,1.323060404374684e-16,1.0,0.025087176303269926,0.98,0.05184885063931381,0.8175,0.09751832809524065
sample_0016,spots,cross_repress,0.1914899713467049,0.223,0.05,6,3.2923644329879676e-07,True,0.1616024096385542,0.03892671297080863,-0.05316571155381933,394.058690133871,0.15607899201174005,0.2753255173159004,1.0,0.0,1.0,0.040357039669166386,1.0,0.05774163620464842,0.9825,0.1072968257694552
sample_0016,spots,cross_repress,0.1914899713467049,0.223,0.05,7,5.82085740983951e-07,True,0.2097831325301205,0.07320850706745263,-0.3295534544380817,58.803608231578224,0.09553064870585126,0.059268463990491106,1.0,0.025287199430997907,1.0,0.037469962090773426,0.9925,0.06082216057237268,0.8575,0.12189537992884525
sample_0016,spots,cross_repress,0.1914899713467049,0.223,0.05,8,2.6417730048919337e-07,True,0.2097831325301205,0.14247780262069742,-0.03279830446683557,34.12962644277921,0.09553064870585126,0.059268463990491106,1.0,0.01249336083101022,0.995,0.03593898440855511,0.9025,0.05852761115706001,0.735,0.11839098252388852
sample_0016,spots,cross_repress,0.1914899713467049,0.223,0.05,9,0.05036004933568147,False,0.001,0.06419479957475449,0.0642118955359478,104.80273897501534,0.994777794403711,0.9955156950672646,,,,,,,,
sample_0016,spots,cross_repress,0.1914899713467049,0.223,0.05,10,2.680091626078403e-10,True,0.2097831325301205,0.1382159340550153,-0.29002972995699955,372.89332205790055,0.09553064870585126,0.059268463990491106,1.0,1.323060404374684e-16,1.0,0.02785226772766968,1.0,0.056887150515461345,1.0,0.10712240475423876
sample_0016,spots,cross_repress,0.1914899713467049,0.223,0.05,11,1.0399439460730622e-07,True,0.19372289156626507,0.02065629394685331,-0.18322286266524257,2892.453535507856,0.011660768466654212,0.1312874817656275,1.0,2.865492600406991e-16,1.0,0.03278238565274235,1.0,0.05867683907565797,0.965,0.11193458278129118
sample_0016,spots,cross_repress,0.1914899713467049,0.223,0.1,0,1.594992816312533e-07,True,0.2097831325301205,0.03470720914227732,-0.07007821866605668,158.90553556573428,0.09553064870585126,0.059268463990491106,1.0,0.006608863958139569,1.0,0.03848886413884086,1.0,0.05868058250017481,0.925,0.1068654609398856
sample_0016,spots,cross_repress,0.1914899713467049,0.223,0.1,1,8.479315564527743e-07,True,0.19372289156626507,0.040585570000500226,-0.5134937046151798,771.7641032899555,0.011660768466654212,0.1312874817656275,1.0,0.004139115726185722,1.0,0.036653546227528214,1.0,0.05517900749636082,0.9825,0.10172701672406283
sample_0016,spots,cross_repress,0.1914899713467049,0.223,0.1,2,2.434345507539665e-06,True,0.19372289156626507,0.0517015547024986,-0.020462979492648636,1433.1364077414007,0.011660768466654212,0.1312874817656275,1.0,2.865492600406991e-16,1.0,0.03283449934833179,0.99,0.058148407598063626,0.865,0.09831868782694911
sample_0016,spots,cross_repress,0.1914899713467049,0.223,0.1,3,2.131162504148367e-10,True,0.2097831325301205,0.07651355941726301,-0.1573749086352711,290.62721054720436,0.09553064870585126,0.059268463990491106,1.0,1.323060404374684e-16,1.0,0.032202396327139574,1.0,0.05306153312875887,0.9975,0.0990004750864254
sample_0016,spots,cross_repress,0.1914899713467049,0.223,0.1,4,1.0651518248025937e-07,True,0.2097831325301205,0.10308287357255441,-0.3051514757613112,232.53848224570828,0.09553064870585126,0.059268463990491106,1.0,1.323060404374684e-16,1.0,0.026547535734649262,1.0,0.0564281713077111,1.0,0.10616627553367436
sample_0016,spots,cross_repress,0.1914899713467049,0.223,0.1,5,5.055749541720336e-10,True,0.2097831325301205,0.04278860431102127,-0.21464410119636346,108.95432486278497,0.09553064870585126,0.059268463990491106,1.0,1.323060404374684e-16,1.0,0.03300656169643376,1.0,0.060405893803398614,0.945,0.11157188144115276
sample_0016,spots,cross_repress,0.1914899713467049,0.223,0.1,6,9.439751416083542e-07,True,0.2097831325301205,0.08321248533975423,-0.11792051015766625,53.52268308163919,0.09553064870585126,0.059268463990491106,1.0,0.009294944512239669,1.0,0.035961580413835736,0.9975,0.05925060733479543,0.9175,0.11115889812200164
sample_0016,spots,cross_repress,0.1914899713467049,0.223,0.1,7,1.327370295842248e-06,True,0.17766265060240966,0.06577603064833326,-0.019007585777220518,266.24663759307333,0.07220911177254284,0.20330649954076388,1.0,0.004513196469365491,1.0,0.04167241268458904,0.9975,0.04996692149346773,0.9175,0.09295918699191431
sample_0016,spots,cross_repress,0.1914899713467049,0.223,0.1,8,7.914943873741115e-08,True,0.22584337349397593,0.12883612820786094,-0.18712404441730457,116.6440478667996,0.17940052894504846,0.012750553784645407,1.0,0.032385992373697055,1.0,0.036778068134745656,0.9975,0.053382792454499096,0.9,0.10437454787901915
sample_0016,spots,cross_repress,0.1914899713467049,0.223,0.1,9,1.901281825528325e-09,True,0.2097831325301205,0.0445536614315758,-0.23672282867890726,309.92936811030245,0.09553064870585126,0.059268463990491106,1.0,0.0038237639592173106,1.0,0.03682790733712494,1.0,0.053848122007459344,0.965,0.11403586620265928
sample_0016,spots,cross_repress,0.1914899713467049,0.223,0.1,10,0.03268175951473666,False,0.001,-0.0014555787938435039,-0.0014552638837943555,103.5809502690202,0.994777794403711,0.9955156950672646,,,,,,,,
sample_0016,spots,cross_repress,0.1914899713467049,0.223,0.1,11,3.141914538208539e-07,True,0.2097831325301205,0.039616099690827244,-0.16330631387034578,178.78431309771173,0.09553064870585126,0.059268463990491106,1.0,0.03292546748742944,1.0,0.03947800556877847,1.0,0.05864433345548585,0.955,0.10708137999693118
sample_0016,spots,cross_repress,0.1914899713467049,0.223,0.2,0,1.6338957283316342e-05,True,0.19372289156626507,0.048950079953929304,-0.2550930671756555,1029.2725923535268,0.011660768466654212,0.1312874817656275,1.0,2.865492600406991e-16,1.0,0.026549238285101622,1.0,0.05130561735880826,0.9975,0.09979284677166175
sample_0016,spots,cross_repress,0.1914899713467049,0.223,0.2,1,7.69712303160002e-05,True,0.19372289156626507,0.019046598575053864,-0.24624426334311272,484.93612811859157,0.011660768466654212,0.1312874817656275,1.0,2.865492600406991e-16,1.0,0.022562406804743272,1.0,0.05505477173859182,0.8975,0.0956972595270426
sample_0016,spots,cross_repress,0.1914899713467049,0.223,0.2,2,2.576632620466297e-06,True,0.2097831325301205,0.057310179113544635,-0.020324529932451263,186.3909808938012,0.09553064870585126,0.059268463990491106,1.0,1.323060404374684e-16,1.0,0.025984755801983093,0.955,0.05724102087837531,0.7725,0.10000355065809902
sample_0016,spots,cross_repress,0.1914899713467049,0.223,0.2,3,2.9748614236469552e-05,True,0.2097831325301205,0.1593013525995346,-0.08898314313334654,78.26423580115839,0.09553064870585126,0.059268463990491106,1.0,0.0038223005713211534,1.0,0.03551980531031945,0.9975,0.057337138577124136,0.925,0.10223460814286202
sample_0016,spots,cross_repress,0.1914899713467049,0.223,0.2,4,3.949979026416529e-05,True,0.19372289156626507,0.04812445725187775,-0.12435205442561692,740.4448820039812,0.011660768466654212,0.1312874817656275,1.0,2.865492600406991e-16,1.0,0.02670301143147292,1.0,0.05882993635835603,0.985,0.10744421212050814
sample_0016,spots,cross_repress,0.1914899713467049,0.223,0.2,5,6.171984506034074e-05,True,0.1455421686746988,0.017743734414700674,-0.0076590645389603695,375.16486607342415,0.2399488722509371,0.3473445350910368,1.0,1.9070470000804637e-16,0.9875,0.01841089427155898,0.865,0.0627810321018461,0.7375,0.10925847790045842
sample_0016,spots,cross_repress,0.1914899713467049,0.223,0.2,6,2.960621475888574e-05,True,0.12948192771084338,0.04915429395793236,-0.08280714296350344,5388.961175923924,0.32381875249013414,0.4193635528661732,1.0,2.1435868392083366e-16,1.0,0.04608252202774823,1.0,0.06426984555334754,1.0,0.1098039188516476
sample_0016,spots,cross_repress,0.1914899713467049,0.223,0.2,7,9.975832158514863e-06,True,0.19372289156626507,0.0788625054976877,-0.06775532026314113,258.1893913707737,0.011660768466654212,0.1312874817656275,1.0,0.005845042483756384,1.0,0.03738145133662648,1.0,0.05702703428721113,0.995,0.10433796402136958
sample_0016,spots,cross_repress,0.1914899713467049,0.223,0.2,8,4.3539840111810364e-05,True,0.19372289156626507,0.07564488535834535,-0.12114700535614964,608.0424847154131,0.011660768466654212,0.1312874817656275,1.0,2.865492600406991e-16,1.0,0.03356973114721237,1.0,0.05808775578265236,1.0,0.10394765560590058
sample_0016,spots,cross_repress,0.1914899713467049,0.223,0.2,9,1.182735134641974e-05,True,0.2097831325301205,0.13384550087130975,-0.09995442415441402,506.5747984395747,0.09553064870585126,0.059268463990491106,1.0,1.323060404374684e-16,1.0,0.03263271656998349,1.0,0.05460895092214838,0.995,0.1044676003536906
sample_0016,spots,cross_repress,0.1914899713467049,0.223,0.2,10,7.22901260844339e-06,True,0.2097831325301205,0.042386469553043815,-0.014385040471867117,100.3883876285236,0.09553064870585126,0.059268463990491106,1.0,0.0038237639592173115,1.0,0.03581408056371279,0.9475,0.057381890935205196,0.7975,0.10857482904069927
sample_0016,spots,cross_repress,0.1914899713467049,0.223,0.2,11,4.995427432683997e-05,True,0.19372289156626507,0.041526100004017685,-0.1561933614850431,812.2599253850932,0.011660768466654212,0.1312874817656275,1.0,2.865492600406991e-16,1.0,0.019330862148018036,1.0,0.04993985949337924,0.9975,0.0843453317576236
sample_0016,spots,cross_repress,0.1914899713467049,0.223,0.35,0,7.191254450762037e-05,True,0.2097831325301205,0.1330854824975285,-0.09202259719029304,162.28408946079608,0.09553064870585126,0.059268463990491106,1.0,1.323060404374684e-16,1.0,0.02708145759371921,1.0,0.053371029965679405,0.98,0.10019395910177066
sample_0016,spots,cross_repress,0.1914899713467049,0.223,0.35,1,0.00020170691184002743,True,0.12948192771084338,0.03227544387936554,-0.07850100221294698,1278.67342298684,0.32381875249013414,0.4193635528661732,1.0,0.022696521188299016,1.0,0.05684902287141179,1.0,0.061894128500937326,0.9925,0.10242531951722547
sample_0016,spots,cross_repress,0.1914899713467049,0.223,0.35,2,7.760237607378448e-05,True,0.12948192771084338,0.021172345266783132,-0.07230340728665308,1492.3207289663649,0.32381875249013414,0.4193635528661732,1.0,2.1435868392083366e-16,1.0,0.040142353386063444,1.0,0.06426657180980612,1.0,0.10547076906136421
sample_0016,spots,cross_repress,0.1914899713467049,0.223,0.35,3,0.0010537959826299062,True,0.1616024096385542,0.007937508288478057,-0.09107356892944507,1996.5336050223254,0.15607899201174005,0.2753255173159004,1.0,0.0,1.0,0.017565921179330413,1.0,0.05381744663031416,0.91,0.09226376997965051
sample_0016,spots,cross_repress,0.1914899713467049,0.223,0.35,4,0.00029415796251959644,True,0.1616024096385542,0.1422475071543161,-0.43488702827385206,14862.260633492262,0.15607899201174005,0.2753255173159004,1.0,0.0,1.0,0.024041827412489166,1.0,0.060461194981482606,1.0,0.10157560837185904
sample_0016,spots,cross_repress,0.1914899713467049,0.223,0.35,5,0.0019687449440345655,True,0.1616024096385542,0.0007101057982619174,-0.2106395606028314,823.5660509568627,0.15607899201174005,0.2753255173159004,0.9975,0.03848169866935045,0.675,0.04697962697284886,0.6425,0.05824542607721065,0.5325,0.10858070619721474
sample_0016,spots,cross_repress,0.1914899713467049,0.223,0.35,6,0.0005106146798330619,True,0.1455421686746988,0.04824928426294006,-0.03236650607952707,1211.756819168064,0.2399488722509371,0.3473445350910368,1.0,1.9070470000804637e-16,1.0,0.030882361065549004,1.0,0.05777276342913874,0.995,0.10536700917175013
sample_0016,spots,cross_repress,0.1914899713467049,0.223,0.35,7,0.00016609059021580185,True,0.1455421686746988,0.04272368313386998,-0.12541184333709632,3252.3897818201867,0.2399488722509371,0.3473445350910368,1.0,1.9070470000804637e-16,1.0,0.04249993273264587,1.0,0.060263858234029875,0.995,0.10616720157272044
sample_0016,spots,cross_repress,0.1914899713467049,0.223,0.35,8,0.00018680255014992417,True,0.11342168674698797,0.0168617612445483,-0.004499748443995033,650.8302400247978,0.4076886327293312,0.4913825706413096,1.0,1.2235568175574676e-16,0.9525,0.012563928785950673,0.785,0.04928261787222198,0.6325,0.1041205380588721
sample_0016,spots,cross_repress,0.1914899713467049,0.223,0.35,9,0.00012559207561030545,True,0.2097831325301205,0.08300382018929042,-0.04398557394710245,171.96333224969743,0.09553064870585126,0.059268463990491106,1.0,1.323060404374684e-16,1.0,0.03025610237599329,0.9975,0.05414586669833273,0.9275,0.10723852896745989
sample_0016,spots,cross_repress,0.1914899713467049,0.223,0.35,10,1.6340416405946087e-06,True,0.2097831325301205,0.26398554804224617,-0.35873217652978484,1120.7481153858373,0.09553064870585126,0.059268463990491106,1.0,1.323060404374684e-16,1.0,0.02589487180142404,1.0,0.05386220027433353,1.0,0.10002899386190259
sample_0016,spots,cross_repress,0.1914899713467049,0.223,0.35,11,0.0002381214292605427,True,0.17766265060240966,0.061817432075939927,-0.15242159377572673,711.740950705752,0.07220911177254284,0.20330649954076388,1.0,0.0045131964693654915,1.0,0.0385129441283333,1.0,0.057768615483293935,1.0,0.10983586306819006
sample_0017,spots,cross_repress,0.48223782234957024,0.512,0.0,0,0.09316318011854868,False,0.38644578313253014,-0.038015353063864055,-0.5643585268485131,149.74869123098807,0.19864065981038137,0.24522307981927707,,,,,,,,
sample_0017,spots,cross_repress,0.48223782234957024,0.512,0.0,1,7.143348402220891e-11,True,0.4988674698795181,0.20832148554308105,-0.6591567588877181,526.3608272304597,0.03448432860144499,0.025649472891566275,1.0,0.011202206453896801,1.0,0.029346503174171545,1.0,0.0576113725960601,0.9375,0.10742886371068323
sample_0017,spots,cross_repress,0.48223782234957024,0.512,0.0,2,5.827453045874409e-10,True,0.4988674698795181,0.4187712398419885,-0.1550479913718859,63.88132847694531,0.03448432860144499,0.025649472891566275,1.0,0.008953649390288854,1.0,0.027770380250029956,0.9975,0.061358675637790155,0.8,0.11048089767451288
sample_0017,spots,cross_repress,0.48223782234957024,0.512,0.0,3,0.004088963952807829,False,0.4828072289156627,0.011641128826724412,0.010537434151799197,1193.1357821265779,0.0011807588283270056,0.05701713102409633,,,,,,,,
sample_0017,spots,cross_repress,0.48223782234957024,0.512,0.0,4,6.08849414558118e-13,True,0.4988674698795181,0.3505935919872627,-0.5793742417085141,112.44621273824792,0.03448432860144499,0.025649472891566275,1.0,0.015540152144521988,1.0,0.027967250437486327,0.9975,0.05318041612937594,0.9575,0.11085210872710462
sample_0017,spots,cross_repress,0.48223782234957024,0.512,0.0,5,3.202568027276607e-13,True,0.4988674698795181,0.06115466664076763,-0.07055299403510906,818.2738567291119,0.03448432860144499,0.025649472891566275,1.0,0.006108841930465933,1.0,0.027426255696669732,0.9075,0.05325141312373523,0.6125,0.09673879678523502
sample_0017,spots,cross_repress,0.48223782234957024,0.512,0.0,6,2.4041723345592306e-05,True,0.45068674698795186,0.09971964441126957,-0.032278508029589204,2091.707943214868,0.06542638071790907,0.11975244728915654,1.0,3.695104300420564e-16,0.97,0.028061161880468977,0.8175,0.0509977368229651,0.64,0.09249871118461392
sample_0017,spots,cross_repress,0.48223782234957024,0.512,0.0,7,3.2559990043092107e-09,True,0.4988674698795181,0.22837756563712652,-0.881478752056615,131.82646365543468,0.03448432860144499,0.025649472891566275,1.0,0.009627027898881313,1.0,0.027009978262630928,1.0,0.06069893251312545,0.95,0.10967025039254967
sample_0017,spots,cross_repress,0.48223782234957024,0.512,0.0,8,0.003098243687866371,False,0.09736144578313254,0.010051753470398106,0.009886659224136451,4737.20892366164,0.7981049157265063,0.8098409262048193,,,,,,,,
sample_0017,spots,cross_repress,0.48223782234957024,0.512,0.0,9,0.023925474733557165,True,0.5952289156626507,0.47426047114738523,-1.2039009139384382,99.07149323019424,0.23430574724015346,0.16255647590361458,1.0,0.006943650920734123,0.9975,0.03603530040828781,0.9425,0.0711880298845235,0.69,0.11643349346528209
sample_0017,spots,cross_repress,0.48223782234957024,0.512,0.0,10,0.00024865579939698944,False,0.4988674698795181,0.018149913197923695,0.004395422980831398,520.4559614856914,0.03448432860144499,0.025649472891566275,,,,,,,,
sample_0017,spots,cross_repress,0.48223782234957024,0.512,0.0,11,2.502257464203649e-11,True,0.4988674698795181,0.04496610179892002,-0.10191699684911892,3915.0582669905893,0.03448432860144499,0.025649472891566275,1.0,0.01577602009630121,1.0,0.02502387396408502,0.9725,0.05615228423002809,0.835,0.10074306260704227
sample_0017,spots,cross_repress,0.48223782234957024,0.512,0.05,0,0.6138015765966509,False,0.001,0.027378924715971253,0.027379641873811034,920.7218999532536,0.9979263343652147,0.998046875,,,,,,,,
sample_0017,spots,cross_repress,0.48223782234957024,0.512,0.05,1,0.7748474051007999,False,0.001,0.049184230957987574,0.04918559173119608,436.877306133857,0.9979263343652147,0.998046875,,,,,,,,
sample_0017,spots,cross_repress,0.48223782234957024,0.512,0.05,2,4.007291379194263e-06,True,0.5149277108433735,0.2763723541597347,-0.22289696766965172,114.28492382099232,0.06778789837456309,0.005718185240963887,1.0,0.01574635646026834,0.99,0.03281739106714585,0.8625,0.06149901820601181,0.66,0.10960226254752815
sample_0017,spots,cross_repress,0.48223782234957024,0.512,0.05,3,0.871831057975073,False,0.001,0.08685380454943581,0.0868572685109632,40.06192632926272,0.9979263343652147,0.998046875,,,,,,,,
sample_0017,spots,cross_repress,0.48223782234957024,0.512,0.05,4,0.6903830402151301,False,0.001,0.03415981438264648,0.03416089987778559,72.76376056867747,0.9979263343652147,0.998046875,,,,,,,,
sample_0017,spots,cross_repress,0.48223782234957024,0.512,0.05,5,1.6124524642660373e-07,True,0.4988674698795181,0.04394939838255851,-0.20826908093854457,180.35649007212285,0.03448432860144499,0.025649472891566275,1.0,0.005964016416350006,0.9975,0.03259906882875006,0.9175,0.0631593426000532,0.665,0.11171183547313061
sample_0017,spots,cross_repress,0.48223782234957024,0.512,0.05,6,0.0008336584498417304,False,0.12948192771084338,0.01249883364720894,0.009300261344758365,11372.982273124006,0.7314977761802702,0.747105609939759,,,,,,,,
sample_0017,spots,cross_repress,0.48223782234957024,0.512,0.05,7,0.00317145527756935,True,0.4828072289156627,0.06865778172368664,-0.18088336961185592,563.0654625007505,0.0011807588283270056,0.05701713102409633,1.0,0.007915630278494378,0.9275,0.028151284768498645,0.7525,0.0561148670040943,0.535,0.11168947417757136
sample_0017,spots,cross_repress,0.48223782234957024,0.512,0.05,8,1.699009187961425e-09,True,0.4988674698795181,0.13674364932631988,-0.4020486993866125,1841.6686618830017,0.03448432860144499,0.025649472891566275,1.0,0.016135349849054806,1.0,0.027578681514525867,1.0,0.05346537725381855,0.9975,0.10442512402971148
sample_0017,spots,cross_repress,0.48223782234957024,0.512,0.05,9,2.407917558561411e-07,True,0.4988674698795181,0.10900767152366164,-0.12091736826744534,127.88325775335414,0.03448432860144499,0.025649472891566275,1.0,0.012426609473461176,1.0,0.025886424908080272,0.9225,0.05273442679105675,0.69,0.09563448472388293
sample_0017,spots,cross_repress,0.48223782234957024,0.512,0.05,10,0.756121394267386,False,0.1455421686746988,-0.019809633020731354,-0.1212458511664305,67.45279691721143,0.6981942064071521,0.7157379518072289,,,,,,,,
sample_0017,spots,cross_repress,0.48223782234957024,0.512,0.05,11,9.158047024626627e-07,True,0.4828072289156627,0.14416198003467962,-0.1739405741381964,243.06317153992808,0.0011807588283270056,0.05701713102409633,1.0,0.01568346165027468,1.0,0.030125577738339286,0.995,0.06130115823167795,0.8825,0.11007684964962883
sample_0017,spots,cross_repress,0.48223782234957024,0.512,0.1,0,0.0065314446903694855,True,0.46674698795180725,0.024534072804041074,-0.2967570415301495,242.09875413936567,0.032122810944791094,0.0883847891566265,0.995,0.011030668430596906,0.73,0.04438737240384459,0.575,0.08025366687851734,0.405,0.12667934088798935
sample_0017,spots,cross_repress,0.48223782234957024,0.512,0.1,1,8.986151145049704e-06,True,0.4988674698795181,0.09055395910555397,-0.03702900598308645,373.4152562858652,0.03448432860144499,0.025649472891566275,1.0,0.002271084675743534,1.0,0.029873493040779832,0.955,0.059778230780353964,0.7075,0.11198671624798756
sample_0017,spots,cross_repress,0.48223782234957024,0.512,0.1,2,1.8662949421637413e-06,True,0.4988674698795181,0.18055641000739442,-0.6978455582747203,371.0402873663846,0.03448432860144499,0.025649472891566275,1.0,0.003911298358980619,1.0,0.028414235139412266,1.0,0.05628519244391942,0.9625,0.10206194535887801
sample_0017,spots,cross_repress,0.48223782234957024,0.512,0.1,3,0.0028038071407715,True,0.5309879518072289,0.06551614255005589,-0.10823553630008664,386.9407501945149,0.10109146814768108,0.03708584337349394,1.0,0.014931805345047658,0.9525,0.04592544474868131,0.6825,0.08458660307330673,0.38,0.12538941142727658
sample_0017,spots,cross_repress,0.48223782234957024,0.512,0.1,4,0.11374432971369815,False,0.001,0.02347016759378473,0.02347822033363567,348.1448023311835,0.9979263343652147,0.998046875,,,,,,,,
sample_0017,spots,cross_repress,0.48223782234957024,0.512,0.1,5,3.3887816563308706e-05,True,0.4988674698795181,0.04915256196199991,-0.2863220969870992,363.28738050377433,0.03448432860144499,0.025649472891566275,1.0,0.012614510038361452,0.9975,0.03560539562017596,0.9175,0.06889518132693874,0.5925,0.1144965786366152
sample_0017,spots,cross_repress,0.48223782234957024,0.512,0.1,6,5.414676508351584e-06,True,0.5149277108433735,0.19347326796308195,-0.14630651691975266,100.69761129148867,0.06778789837456309,0.005718185240963887,1.0,0.01563835921220783,1.0,0.02989714590362203,0.9425,0.05908722737735537,0.54,0.10843814115777087
sample_0017,spots,cross_repress,0.48223782234957024,0.512,0.1,7,0.4990350548768597,False,0.001,0.017691530853155113,0.017691977056678132,138.71301601058164,0.9979263343652147,0.998046875,,,,,,,,
sample_0017,spots,cross_repress,0.48223782234957024,0.512,0.1,8,6.029274469786508e-09,True,0.4988674698795181,0.07302447241757193,-0.03514135130888363,1696.514373092059,0.03448432860144499,0.025649472891566275,1.0,0.013595628646296355,1.0,0.02778238396568958,0.965,0.05054617485346028,0.7675,0.09221922643356881
sample_0017,spots,cross_repress,0.48223782234957024,0.512,0.1,9,5.260202096485801e-06,True,0.5149277108433735,0.34856632752309125,-0.3036440915657488,218.6653906105605,0.06778789837456309,0.005718185240963887,1.0,0.01536102645552634,1.0,0.0300839435171819,1.0,0.05329134908017149,0.9025,0.11156073322167687
sample_0017,spots,cross_repress,0.48223782234957024,0.512,0.1,10,0.8259864571865416,False,0.09736144578313254,0.09795386944132434,0.0862765099898622,23.742061451955838,0.7981049157265063,0.8098409262048193,,,,,,,,
sample_0017,spots,cross_repress,0.48223782234957024,0.512,0.1,11,2.6471570614175803e-06,True,0.4988674698795181,0.1569359259562617,-0.10370553794473963,789.8735932269794,0.03448432860144499,0.025649472891566275,1.0,0.011120571700783628,1.0,0.028579213560236082,0.9925,0.057690316230220084,0.765,0.11225655472422144
sample_0017,spots,cross_repress,0.48223782234957024,0.512,0.2,0,6.391437082764492e-05,True,0.4988674698795181,0.13202628767563773,-0.28104597568108164,257.17618847694024,0.03448432860144499,0.025649472891566275,1.0,0.011814623981722179,1.0,0.02850363863447855,0.9975,0.057787297493532855,0.9175,0.11541396473774136
sample_0017,spots,cross_repress,0.48223782234957024,0.512,0.2,1,4.6607211628537004e-05,True,0.41856626506024097,0.07758347167907687,-0.14338388551511638,5210.396147838604,0.13203352026414528,0.18248776355421686,1.0,1.326221338532109e-16,1.0,0.02607953303031257,1.0,0.04679054004385682,0.98,0.0942641160770815
sample_0017,spots,cross_repress,0.48223782234957024,0.512,0.2,2,0.8387744520295234,False,0.001,0.07171047269239672,0.07171325109432125,3363.6967665308757,0.9979263343652147,0.998046875,,,,,,,,
sample_0017,spots,cross_repress,0.48223782234957024,0.512,0.2,3,5.214030358172806e-05,True,0.4988674698795181,0.09305445368799425,-0.3852235020317807,236.1263215341313,0.03448432860144499,0.025649472891566275,1.0,0.0035782051229624216,1.0,0.02819538577961793,0.9975,0.05802973869716883,0.945,0.11146816667323381
sample_0017,spots,cross_repress,0.48223782234957024,0.512,0.2,4,0.002360276123365939,True,0.4828072289156627,0.1432050433758727,-0.009141154199166834,51.836998429550974,0.0011807588283270056,0.05701713102409633,0.9775,0.006598857113543199,0.6725,0.03477531101797813,0.5525,0.060959348591537045,0.41,0.12474101139143937
sample_0017,spots,cross_repress,0.48223782234957024,0.512,0.2,5,1.6397988106139373e-05,True,0.4988674698795181,0.1113603780951351,-0.0760334285510722,210.15417139347477,0.03448432860144499,0.025649472891566275,1.0,0.006123609589025796,1.0,0.028660150859055544,1.0,0.05267722562715395,0.9025,0.11765665563476703
sample_0017,spots,cross_repress,0.48223782234957024,0.512,0.2,6,0.0033675802236948927,False,0.001,0.010300634144610576,0.01030067573678739,251.12011821150318,0.9979263343652147,0.998046875,,,,,,,,
sample_0017,spots,cross_repress,0.48223782234957024,0.512,0.2,7,8.207956236326185e-06,True,0.4988674698795181,0.13175686317249813,-0.9478739597196624,377.15660218390906,0.03448432860144499,0.025649472891566275,1.0,0.015798117742406026,1.0,0.02897078012669809,1.0,0.053622214036498944,0.99,0.11163689647315062
sample_0017,spots,cross_repress,0.48223782234957024,0.512,0.2,8,0.019547212486175577,True,0.5791686746987952,0.5432274071616945,-0.2645412574920364,158.14443346189594,0.20100217746703525,0.13118881777108432,1.0,0.006574527871300488,1.0,0.025489913049396143,0.9975,0.05467026999529874,0.885,0.09903866215779043
sample_0017,spots,cross_repress,0.48223782234957024,0.512,0.2,9,1.6404336622920826e-05,True,0.4988674698795181,0.14593723724589225,-0.08555174397962895,572.8856821108247,0.03448432860144499,0.025649472891566275,1.0,0.007352478786477209,1.0,0.027380683192209678,1.0,0.0576515168287524,0.9225,0.11216966993716565
sample_0017,spots,cross_repress,0.48223782234957024,0.512,0.2,10,0.010224820785358307,True,0.5631084337349398,0.2132280739954595,-0.887928347738829,155.94467234144048,0.16769860769391728,0.09982115963855426,1.0,0.006254970443732023,1.0,0.03035087092761293,0.99,0.05854402167745013,0.805,0.11701174637489134
sample_0017,spots,cross_repress,0.48223782234957024,0.512,0.2,11,1.1345110148715268e-06,True,0.4988674698795181,0.1835232045239934,-0.5519972725174669,6371.308110489655,0.03448432860144499,0.025649472891566275,1.0,0.008756402876466816,1.0,0.027711465074768973,1.0,0.05327672752940847,0.9925,0.10706162252085105
sample_0017,spots,cross_repress,0.48223782234957024,0.512,0.35,0,0.761917686462383,False,0.001,0.04122272962297546,0.04122426778778299,179.3918046664437,0.9979263343652147,0.998046875,,,,,,,,
sample_0017,spots,cross_repress,0.48223782234957024,0.512,0.35,1,0.0003296075310949397,True,0.4025060240963856,0.03284929007580217,-0.05824377865013197,3951.315571321742,0.16533709003726327,0.21385542168674693,1.0,0.0034414829051831876,1.0,0.02754664529129189,1.0,0.05233232407348507,0.97,0.1066353506316826
sample_0017,spots,cross_repress,0.48223782234957024,0.512,0.35,2,0.6449975249232571,False,0.001,0.017694809921180124,0.017695665625747314,4842.146864623644,0.9979263343652147,0.998046875,,,,,,,,
sample_0017,spots,cross_repress,0.48223782234957024,0.512,0.35,3,2.7289240418730137e-05,True,0.4828072289156627,0.1678815220422507,-0.6143704247776476,662.6650200200359,0.0011807588283270056,0.05701713102409633,1.0,0.0016609961843314274,1.0,0.026149167831146125,1.0,0.04758341730864401,0.995,0.10058398392735252
sample_0017,spots,cross_repress,0.48223782234957024,0.512,0.35,4,0.0026698744391330308,True,0.5309879518072289,0.2620159851475101,-0.28588982987500255,369.11144183795017,0.10109146814768108,0.03708584337349394,1.0,0.0030103456451661416,1.0,0.02736108295274401,1.0,0.05544795428985073,0.9625,0.10419945052148336
sample_0017,spots,cross_repress,0.48223782234957024,0.512,0.35,5,8.107778878971253e-08,True,0.4988674698795181,0.19585295314199946,-0.2492451651948308,183.987858523994,0.03448432860144499,0.025649472891566275,1.0,0.0016077861496363148,1.0,0.027723266808788033,1.0,0.053211163856946346,0.9875,0.10661818992502378
sample_0017,spots,cross_repress,0.48223782234957024,0.512,0.35,6,0.0005289961281424156,True,0.5149277108433735,0.1466258327883061,-0.2115583301118762,627.6247041003505,0.06778789837456309,0.005718185240963887,1.0,0.012954890535502686,1.0,0.026367686791474127,1.0,0.05445667158159169,0.9625,0.10465179888854434
sample_0017,spots,cross_repress,0.48223782234957024,0.512,0.35,7,0.001337570957816985,True,0.4988674698795181,0.2794248004338762,-0.1381960523280037,577.2230227657948,0.03448432860144499,0.025649472891566275,1.0,0.0052600964154920025,1.0,0.027748875743396115,1.0,0.0509515470953593,0.97,0.09790681569782257
sample_0017,spots,cross_repress,0.48223782234957024,0.512,0.35,8,0.0001166832334834266,True,0.4988674698795181,0.08688659454877978,-0.7550339223572127,2724.0993304181557,0.03448432860144499,0.025649472891566275,1.0,0.005030241779063747,1.0,0.026571071706059296,1.0,0.05476331061869593,0.9725,0.10565348209619455
sample_0017,spots,cross_repress,0.48223782234957024,0.512,0.35,9,5.791624793093417e-05,True,0.4988674698795181,0.18503831572957097,-0.18409880816558388,138.1705882598536,0.03448432860144499,0.025649472891566275,1.0,0.004509980101180918,1.0,0.026366625301703354,1.0,0.054880291783942936,0.9775,0.10807160260938002
sample_0017,spots,cross_repress,0.48223782234957024,0.512,0.35,10,7.995025679668377e-06,True,0.4828072289156627,0.11512870798868136,-0.907830475798767,1733.2360134042187,0.0011807588283270056,0.05701713102409633,1.0,0.0036942076895389343,1.0,0.02770980992391475,1.0,0.05381907813871289,0.995,0.10467572091365854
sample_0017,spots,cross_repress,0.48223782234957024,0.512,0.35,11,0.03149470472514729,False,0.001,0.07574342544797474,0.07574353288159408,1540.5139540989321,0.9979263343652147,0.998046875,,,,,,,,
sample_0018,labyrinth,cross_repress,0.5624441260744987,0.502,0.0,0,0.00023270631428428006,True,0.4828072289156627,0.049421489229118265,-2.082955019366897,149.29326735110072,0.14159077047288365,0.03823261172178748,1.0,0.015633378057209626,0.87,0.027906668811446392,0.6925,0.05207186266388991,0.6175,0.11480690533601996
sample_0018,labyrinth,cross_repress,0.5624441260744987,0.502,0.0,1,5.113661565787628e-05,True,0.46674698795180725,0.6082746087325717,-0.005491336434941596,2106.12806698307,0.17014514631097036,0.07022512360197761,0.875,1.189319967009396e-16,0.5725,0.027577327697657462,0.5675,0.054316715389914366,0.575,0.1030829199987092
sample_0018,labyrinth,cross_repress,0.5624441260744987,0.502,0.0,2,1.1628028904177018e-12,True,0.4988674698795181,0.19009898181703377,-0.09627168907882633,493.24338273159026,0.11303639463479709,0.006240099841597459,1.0,0.012440390858631554,1.0,0.02651803940023486,0.9875,0.05083013058003349,0.815,0.10218858017405584
sample_0018,labyrinth,cross_repress,0.5624441260744987,0.502,0.0,3,0.008391573007593571,True,0.5309879518072289,0.8579081195307054,-0.35197561491383045,777.2998811543497,0.055927642958623826,0.057744923918782685,1.0,0.014884147554853734,1.0,0.025201590459443136,1.0,0.05259599377488415,0.9325,0.09998995119838018
sample_0018,labyrinth,cross_repress,0.5624441260744987,0.502,0.0,4,0.0007834348596988288,True,0.4988674698795181,1.3201305790699873,-0.06221946154003399,239.86776066478657,0.11303639463479709,0.006240099841597459,1.0,0.015757182441164128,0.8575,0.02586461168892402,0.6775,0.05152489604216355,0.6275,0.10318842053747508
sample_0018,labyrinth,cross_repress,0.5624441260744987,0.502,0.0,5,7.754877937480559e-10,True,0.4828072289156627,0.24959053135067677,-0.6728244225487579,407.08193157408965,0.14159077047288365,0.03823261172178748,1.0,0.013679501708217792,1.0,0.027580028556716974,1.0,0.05281025729423704,0.97,0.10292457052937039
sample_0018,labyrinth,cross_repress,0.5624441260744987,0.502,0.0,6,2.0965152714948965e-13,True,0.4988674698795181,0.10874029902733184,-0.22306329902968952,220.77922954457597,0.11303639463479709,0.006240099841597459,1.0,0.013317950180988603,1.0,0.02575778504295068,0.9575,0.05278965439029595,0.815,0.1029740134181892
sample_0018,labyrinth,cross_repress,0.5624441260744987,0.502,0.0,7,9.846815198697165e-12,True,0.4988674698795181,1.279696499123851,-0.3859312148457472,649.8430841738185,0.11303639463479709,0.006240099841597459,1.0,0.01441788869517362,1.0,0.02566083866384919,0.995,0.055238111664085064,0.915,0.10202369009106318
sample_0018,labyrinth,cross_repress,0.5624441260744987,0.502,0.0,8,0.06713353322371565,False,0.4025060240963856,-0.047903605024107065,-0.970360140863365,339.89364460065593,0.28436264966331687,0.19819517112273788,,,,,,,,
sample_0018,labyrinth,cross_repress,0.5624441260744987,0.502,0.0,9,0.001147073521670056,True,0.4828072289156627,1.4573324639053062,-1.7911593053670398,134.4017744926753,0.14159077047288365,0.03823261172178748,1.0,0.0023466432680821258,1.0,0.028780478409397934,0.9375,0.05450569214827323,0.81,0.11016665788712338
sample_0018,labyrinth,cross_repress,0.5624441260744987,0.502,0.0,10,1.9649533491294956e-06,True,0.4988674698795181,0.2866148018604111,-0.0078537703222884,198.32309501357588,0.11303639463479709,0.006240099841597459,0.965,0.013074745693396382,0.65,0.024492033959394165,0.5825,0.04574844022569951,0.505,0.08779737089019057
sample_0018,labyrinth,cross_repress,0.5624441260744987,0.502,0.0,11,1.24338981693388e-11,True,0.4988674698795181,1.4070750858186045,-0.4083338627046503,1022.5011258706769,0.11303639463479709,0.006240099841597459,1.0,0.015959064989225908,1.0,0.026065549162301915,0.9925,0.052934339295261916,0.9325,0.09816954589229628
sample_0018,labyrinth,cross_repress,0.5624441260744987,0.502,0.05,0,0.6777372127710404,False,0.001,-0.15537743567262596,-0.1553769021390604,44.729534702046585,0.998222045615483,0.99800796812749,,,,,,,,
sample_0018,labyrinth,cross_repress,0.5624441260744987,0.502,0.05,1,0.08242159006262555,False,0.001,0.12084837158578365,0.12093882547040424,144.27243575750379,0.998222045615483,0.99800796812749,,,,,,,,
sample_0018,labyrinth,cross_repress,0.5624441260744987,0.502,0.05,2,0.8327642950426937,False,0.001,-0.13945304331415298,-0.13945198706231166,91.83662645310771,0.998222045615483,0.99800796812749,,,,,,,,
sample_0018,labyrinth,cross_repress,0.5624441260744987,0.502,0.05,3,1.7720908324532811e-06,True,0.4828072289156627,0.2399339962163971,-0.8513466877115484,721.1806001833321,0.14159077047288365,0.03823261172178748,1.0,0.0061061945673931955,1.0,0.02604839625819196,1.0,0.052671141894350404,1.0,0.1030832515353949
sample_0018,labyrinth,cross_repress,0.5624441260744987,0.502,0.05,4,7.29821632681382e-10,True,0.46674698795180725,0.997832261196649,-1.3771337843572107,5812.051776842558,0.17014514631097036,0.07022512360197761,1.0,0.006094699606993455,1.0,0.024956946270256172,1.0,0.05378058595741946,0.995,0.09989866907016182
sample_0018,labyrinth,cross_repress,0.5624441260744987,0.502,0.05,5,0.01597380095909597,False,0.001,-0.040408864140983436,-0.04040882099039883,1924.231392709035,0.998222045615483,0.99800796812749,,,,,,,,
sample_0018,labyrinth,cross_repress,0.5624441260744987,0.502,0.05,6,0.021333844271068905,False,0.001,-0.04195153928128354,-0.04189026051547997,3071.16349412161,0.998222045615483,0.99800796812749,,,,,,,,
sample_0018,labyrinth,cross_repress,0.5624441260744987,0.502,0.05,7,0.0030914091751952097,True,0.46674698795180725,1.2093208967622573,-0.49329317382404125,102.35453301398042,0.17014514631097036,0.07022512360197761,1.0,0.008463748859311887,1.0,0.028511855287378013,0.9975,0.05423567977696467,0.935,0.11020146100246103
sample_0018,labyrinth,cross_repress,0.5624441260744987,0.502,0.05,8,0.873737948100926,False,0.001,0.0855887066961914,0.08559237980327156,10.74334466103778,0.998222045615483,0.99800796812749,,,,,,,,
sample_0018,labyrinth,cross_repress,0.5624441260744987,0.502,0.05,9,3.3942494658750586e-09,True,0.4988674698795181,0.1311630421208676,-0.11605748858645126,657.9846604462182,0.11303639463479709,0.006240099841597459,1.0,0.01450321323679758,1.0,0.026760396214063977,0.9925,0.04923899819074308,0.8075,0.10437224039073094
sample_0018,labyrinth,cross_repress,0.5624441260744987,0.502,0.05,10,9.135133341038333e-10,True,0.4988674698795181,0.5181415258470068,-0.9776735244473092,290.3624577916872,0.11303639463479709,0.006240099841597459,1.0,0.005030241779063747,1.0,0.027542413232751226,1.0,0.05257750308784296,0.9975,0.10262388142987328
sample_0018,labyrinth,cross_repress,0.5624441260744987,0.502,0.05,11,2.7263120394587177e-09,True,0.4988674698795181,0.13301993879588636,-0.718927414407265,419.03960647944547,0.11303639463479709,0.006240099841597459,1.0,0.009239936284661803,1.0,0.027078324398518226,0.985,0.0506081327146891,0.83,0.10149182808043664
sample_0018,labyrinth,cross_repress,0.5624441260744987,0.502,0.1,0,4.965097290823368e-07,True,0.4988674698795181,0.7481754269465082,-0.16027055124498596,76.49891894947254,0.11303639463479709,0.006240099841597459,1.0,0.002276417280881195,1.0,0.027947694207683615,1.0,0.054778309850707564,0.9225,0.11422470907871111
sample_0018,labyrinth,cross_repress,0.5624441260744987,0.502,0.1,1,1.560692415645859e-08,True,0.4988674698795181,0.29636683095361427,-0.14097862679292977,217.29102095082249,0.11303639463479709,0.006240099841597459,1.0,0.01530029463023277,1.0,0.026570566246553715,1.0,0.051329357247926546,0.985,0.09868706882918972
sample_0018,labyrinth,cross_repress,0.5624441260744987,0.502,0.1,2,4.846643379714185e-07,True,0.4988674698795181,1.0382850335061526,-1.2671180815327132,225.1862067374418,0.11303639463479709,0.006240099841597459,1.0,0.0032042345991769123,1.0,0.028789842124617906,1.0,0.05193936959791337,0.9875,0.11392633959219789
sample_0018,labyrinth,cross_repress,0.5624441260744987,0.502,0.1,3,2.578014028821554e-07,True,0.4828072289156627,0.4218578368112169,-0.3333363816072898,532.4515928469787,0.14159077047288365,0.03823261172178748,1.0,0.010766638291967294,1.0,0.026737746383549785,1.0,0.05088574878588382,0.995,0.09588296623210375
sample_0018,labyrinth,cross_repress,0.5624441260744987,0.502,0.1,4,0.01898209672580711,True,0.5631084337349398,0.10312101997088519,-0.22583420763010875,1236.606438710395,0.001181108717549537,0.12172994767916294,1.0,0.0020113823749613544,1.0,0.025534581158719986,0.985,0.0490564851623187,0.8525,0.09435008737212078
sample_0018,labyrinth,cross_repress,0.5624441260744987,0.502,0.1,5,8.665355318501196e-05,True,0.4988674698795181,0.8678686913733955,-1.4390351023660224,33.44339420324597,0.11303639463479709,0.006240099841597459,1.0,0.006683507415331298,1.0,0.029433663532683254,0.995,0.05734748974229579,0.875,0.1119559826761333
sample_0018,labyrinth,cross_repress,0.5624441260744987,0.502,0.1,6,2.5703337280020954e-05,True,0.4988674698795181,0.10605780131459674,-0.03381434732294933,160.98828194956928,0.11303639463479709,0.006240099841597459,1.0,0.01614883673416943,0.9625,0.02694351957789898,0.74,0.05001004905980766,0.5025,0.10110020336036962
sample_0018,labyrinth,cross_repress,0.5624441260744987,0.502,0.1,7,4.821117141177252e-08,True,0.4988674698795181,0.3902023835844197,-0.28392035727755205,324.8470185151036,0.11303639463479709,0.006240099841597459,1.0,0.005497092074291474,1.0,0.02677887770572596,1.0,0.04775257342422753,0.97,0.10263332676839607
sample_0018,labyrinth,cross_repress,0.5624441260744987,0.502,0.1,8,3.967505538146258e-06,True,0.46674698795180725,0.03801747883214901,-0.23628249774813237,1083.7571505745836,0.17014514631097036,0.07022512360197761,1.0,1.189319967009396e-16,1.0,0.02295789701338838,0.9975,0.04110995904337979,0.955,0.08139418782946677
sample_0018,labyrinth,cross_repress,0.5624441260744987,0.502,0.1,9,0.011606687670987832,True,0.45068674698795186,0.7039252416817963,-0.051374131669942646,135.08102619347932,0.19869952214905692,0.10221763548216761,1.0,0.010965071687408002,0.865,0.02714052261627662,0.7,0.05588972871766345,0.59,0.0970599420623658
sample_0018,labyrinth,cross_repress,0.5624441260744987,0.502,0.1,10,3.604417074808245e-09,True,0.4988674698795181,0.7102513567606792,-0.6280970466982279,669.1940678217328,0.11303639463479709,0.006240099841597459,1.0,0.0,1.0,0.02515120889531877,1.0,0.050299356828648334,0.9775,0.09845500866720364
sample_0018,labyrinth,cross_repress,0.5624441260744987,0.502,0.1,11,3.0847142902303856e-09,True,0.4988674698795181,0.1576161422985365,-0.07765270719529699,693.6274898894255,0.11303639463479709,0.006240099841597459,1.0,0.012301739790546808,1.0,0.02791562700209283,0.96,0.0504639736386899,0.765,0.10236503207215189
sample_0018,labyrinth,cross_repress,0.5624441260744987,0.502,0.2,0,0.002563690528909591,True,0.5309879518072289,0.5482906682887325,-0.2975371149586038,156.07791369917416,0.055927642958623826,0.057744923918782685,1.0,0.014605687876360823,1.0,0.02683711750388284,0.9975,0.054553304578390825,0.885,0.09595490891293475
sample_0018,labyrinth,cross_repress,0.5624441260744987,0.502,0.2,1,1.0409483824353498e-06,True,0.4988674698795181,0.7566086879319407,-0.18789092862726353,220.59193002239246,0.11303639463479709,0.006240099841597459,1.0,0.003915077724043158,1.0,0.025464553208193037,1.0,0.0519763402309709,0.9875,0.10201736633168261
sample_0018,labyrinth,cross_repress,0.5624441260744987,0.502,0.2,2,0.00012483153754136819,True,0.4988674698795181,0.8950105524653935,-0.2481887026105598,881.3562349922925,0.11303639463479709,0.006240099841597459,1.0,0.0022703536539962657,1.0,0.02503299355389096,1.0,0.050006365629043474,0.9975,0.09800769294846633
sample_0018,labyrinth,cross_repress,0.5624441260744987,0.502,0.2,3,9.364696835690521e-08,True,0.4988674698795181,0.6660138292045943,-0.5211307021923026,666.3186177830265,0.11303639463479709,0.006240099841597459,1.0,0.01441788869517362,1.0,0.025391826255545077,1.0,0.05492685580081538,1.0,0.09792651272597123
sample_0018,labyrinth,cross_repress,0.5624441260744987,0.502,0.2,4,6.210897825164616e-07,True,0.4828072289156627,0.3429185219411721,-0.26381630696567115,1614.577524167142,0.14159077047288365,0.03823261172178748,1.0,0.01414282805434182,1.0,0.02547755166283736,1.0,0.04903850700607788,1.0,0.10920694814809542
sample_0018,labyrinth,cross_repress,0.5624441260744987,0.502,0.2,5,4.59666108626327e-06,True,0.4988674698795181,0.6912719315715865,-0.805327767933951,112.09922366975066,0.11303639463479709,0.006240099841597459,1.0,0.0042237374973572465,1.0,0.025885987877727577,1.0,0.055061150257149034,0.995,0.1089906882567122
sample_0018,labyrinth,cross_repress,0.5624441260744987,0.502,0.2,6,5.258298790101338e-05,True,0.4988674698795181,0.15790745091920755,-0.6801033675636212,112.10273727209953,0.11303639463479709,0.006240099841597459,1.0,0.014545028239067559,1.0,0.02810076180252262,1.0,0.05724689437528926,0.965,0.10878324150724368
sample_0018,labyrinth,cross_repress,0.5624441260744987,0.502,0.2,7,1.0350879520510023,False,0.001,-0.11113399695311049,-0.11113121329877279,35.69792483860367,0.998222045615483,0.99800796812749,,,,,,,,
sample_0018,labyrinth,cross_repress,0.5624441260744987,0.502,0.2,8,0.005625772317305747,True,0.5309879518072289,0.19021117360643203,-0.027432044744888695,694.5260767804058,0.055927642958623826,0.057744923918782685,1.0,0.01345640253327687,0.975,0.02516111927802409,0.85,0.04866517470290889,0.695,0.09327181184019448
sample_0018,labyrinth,cross_repress,0.5624441260744987,0.502,0.2,9,7.002419670599702e-05,True,0.4988674698795181,0.4140962615657777,-1.58793411443276,152.69912960468352,0.11303639463479709,0.006240099841597459,1.0,0.0042189810003337635,1.0,0.02836599063246188,1.0,0.05498574797108168,0.975,0.1149406844863462
sample_0018,labyrinth,cross_repress,0.5624441260744987,0.502,0.2,10,0.0013278950672408391,True,0.5149277108433735,0.09493548203343849,-0.012852987270990712,501.75828369898886,0.0844820187967104,0.025752412038592666,1.0,0.015727970839224895,0.8575,0.026088840569654208,0.6825,0.0475367678546227,0.4725,0.09318336942598879
sample_0018,labyrinth,cross_repress,0.5624441260744987,0.502,0.2,11,3.7587395763035604e-07,True,0.4988674698795181,0.5567825015774801,-0.5157678829415216,372.6446559451352,0.11303639463479709,0.006240099841597459,1.0,0.0063167269006603076,1.0,0.02526884680791081,1.0,0.0502405921103758,0.9925,0.10771459087642767
sample_0018,labyrinth,cross_repress,0.5624441260744987,0.502,0.35,0,0.00011686908373415054,True,0.4828072289156627,0.196709625672856,-0.19410261558879902,901.262279123469,0.14159077047288365,0.03823261172178748,1.0,0.008507093799855241,1.0,0.025742709836792808,1.0,0.049142878291329226,0.995,0.1053924171174354
sample_0018,labyrinth,cross_repress,0.5624441260744987,0.502,0.35,1,0.7852511678935818,False,0.001,-0.02301803765370647,-0.02301641852648728,54.32611086120014,0.998222045615483,0.99800796812749,,,,,,,,
sample_0018,labyrinth,cross_repress,0.5624441260744987,0.502,0.35,2,0.03698661270956283,True,0.5791686746987952,0.6121487309512048,-0.319724928955554,5770.417121123234,0.02973548455563612,0.15372245955935296,1.0,0.003383917096437255,1.0,0.02752936420100602,1.0,0.05136604925657494,0.985,0.1042546621944639
sample_0018,labyrinth,cross_repress,0.5624441260744987,0.502,0.35,3,3.425359528823154e-05,True,0.4988674698795181,0.35592740661613576,-0.5792791861081061,539.0203398148068,0.11303639463479709,0.006240099841597459,1.0,0.01510755081660986,1.0,0.026426006577218553,1.0,0.05108234502493528,1.0,0.10576651059960486
sample_0018,labyrinth,cross_repress,0.5624441260744987,0.502,0.35,4,2.873121039681388e-06,True,0.4828072289156627,0.5383312974047669,-0.928836424893499,7010.901329462123,0.14159077047288365,0.03823261172178748,1.0,0.01613423803019497,1.0,0.02627937187237048,1.0,0.0513139110602522,1.0,0.09748312293973284
sample_0018,labyrinth,cross_repress,0.5624441260744987,0.502,0.35,5,0.00016611155081134668,True,0.4828072289156627,0.2552415997335231,-0.5834946355878045,2135.8581691711006,0.14159077047288365,0.03823261172178748,1.0,0.016809948566390325,1.0,0.02230534932542472,1.0,0.043120020443156805,1.0,0.08152862632278106
sample_0018,labyrinth,cross_repress,0.5624441260744987,0.502,0.35,6,4.096138955250744e-05,True,0.4828072289156627,0.5065522391825112,-0.848151389451069,817.5434327571983,0.14159077047288365,0.03823261172178748,1.0,0.015058032690401641,1.0,0.02649598438867568,1.0,0.05071870750030659,1.0,0.10401463841841001
sample_0018,labyrinth,cross_repress,0.5624441260744987,0.502,0.35,7,0.0015843091651316081,True,0.5149277108433735,0.7231631330548396,-0.25501337902518095,975.9887243206773,0.0844820187967104,0.025752412038592666,1.0,0.0,1.0,0.025488550449938696,1.0,0.050007929143092884,1.0,0.10498244065830062
sample_0018,labyrinth,cross_repress,0.5624441260744987,0.502,0.35,8,4.190301634918545e-06,True,0.4828072289156627,0.30781791400888636,-1.007938560553955,1431.4705617808897,0.14159077047288365,0.03823261172178748,1.0,0.0,1.0,0.02628794098610583,1.0,0.04681662144235408,1.0,0.10436828690524214
sample_0018,labyrinth,cross_repress,0.5624441260744987,0.502,0.35,9,8.818635919144971e-05,True,0.4828072289156627,0.3177794533298268,-0.23095217052751787,1038.2502817308025,0.14159077047288365,0.03823261172178748,1.0,0.0016609961843314272,1.0,0.02733344521266161,1.0,0.05316790756652515,0.985,0.09679190819265197
sample_0018,labyrinth,cross_repress,0.5624441260744987,0.502,0.35,10,4.509428422409989e-05,True,0.4988674698795181,1.0263672274255384,-0.07125404410568259,1890.6990198099543,0.11303639463479709,0.006240099841597459,1.0,0.015901985944746354,1.0,0.0248020535865766,1.0,0.05051552589109815,1.0,0.10163763370403388
sample_0018,labyrinth,cross_repress,0.5624441260744987,0.502,0.35,11,6.067262548563461e-05,True,0.4828072289156627,0.2941832491062186,-0.5493799235466951,1934.4873141547546,0.14159077047288365,0.03823261172178748,1.0,0.0023466432680821258,1.0,0.025882606280460463,1.0,0.048861203114437944,1.0,0.10327896735127909
sample_0019,spots,selfinhib,0.3519025787965616,0.396,0.0,0,4.825696841418332e-12,True,0.38644578313253014,0.4698652990499106,-0.10639793654435187,318.90631134492656,0.09816127080994849,0.02412681027138858,1.0,0.008157397930726885,1.0,0.029543712807723756,0.9725,0.052635108936232265,0.8325,0.10521450416561795
sample_0019,spots,selfinhib,0.3519025787965616,0.396,0.0,1,2.4662516127789308e-11,True,0.3703855421686747,0.4852541928643852,-0.4396722336496572,1448.9550791681459,0.05252295517504084,0.06468297432152859,1.0,0.007082582278457491,1.0,0.024803483307943998,1.0,0.05244939515357238,1.0,0.10497981163845133
sample_0019,spots,selfinhib,0.3519025787965616,0.396,0.0,2,3.1508863806113684e-09,True,0.33826506024096387,0.20273654052464352,-0.0058288083845448035,3547.5624398182254,0.03875367609477433,0.14579530242180846,0.8525,1.6410548340911806e-16,0.62,0.02552521941598783,0.585,0.05152872973450236,0.535,0.09422726400976893
sample_0019,spots,selfinhib,0.3519025787965616,0.396,0.0,3,1.5704587263839895e-06,True,0.38644578313253014,0.698657672211926,-1.0692429419713978,411.1914799507556,0.09816127080994849,0.02412681027138858,1.0,1.4364537964752607e-16,1.0,0.028231930669901116,1.0,0.05241217790034944,0.99,0.10110213207450636
sample_0019,spots,selfinhib,0.3519025787965616,0.396,0.0,4,2.5656605010580256e-10,True,0.38644578313253014,0.21713896643236197,-0.0125874058139393,33.3262705906766,0.09816127080994849,0.02412681027138858,0.9525,0.01803084008530769,0.605,0.02793790239970457,0.465,0.05111372135312224,0.34,0.11202533659785166
sample_0019,spots,selfinhib,0.3519025787965616,0.396,0.0,5,1.602782333385038e-11,True,0.38644578313253014,0.24603799786985547,-0.2778722280749723,234.53159289477532,0.09816127080994849,0.02412681027138858,1.0,0.011076460179957205,1.0,0.02799645858492168,1.0,0.05062872177779876,0.87,0.10089477019202608
sample_0019,spots,selfinhib,0.3519025787965616,0.396,0.0,6,2.2966982185332913e-12,True,0.38644578313253014,0.4928516778450778,-1.1960199592381575,305.0392447185305,0.09816127080994849,0.02412681027138858,1.0,1.4364537964752607e-16,1.0,0.027552436812495588,1.0,0.052812126008356976,0.975,0.10487803796501396
sample_0019,spots,selfinhib,0.3519025787965616,0.396,0.0,7,0.8841780629248316,False,0.001,0.44448324596868893,0.44448339018480176,394.1388753489212,0.9971583044278339,0.9974747474747475,,,,,,,,
sample_0019,spots,selfinhib,0.3519025787965616,0.396,0.0,8,0.026039914530791096,True,0.3222048192771084,0.4598057080489468,-0.03747076309711317,221.1531447963257,0.084391991729682,0.18635146647194847,1.0,0.010309911297077541,0.925,0.02908730622265876,0.7525,0.05418574070254025,0.6475,0.10929963211022077
sample_0019,spots,selfinhib,0.3519025787965616,0.396,0.0,9,0.0005817769987154298,True,0.38644578313253014,0.26851522775793946,-0.09069021958334793,47.12838679454075,0.09816127080994849,0.02412681027138858,1.0,0.00928926476521316,1.0,0.029938592256077638,0.9325,0.05902719611477857,0.73,0.10929183422026433
sample_0019,spots,selfinhib,0.3519025787965616,0.396,0.0,10,4.803514296794916e-12,True,0.38644578313253014,0.14766536977898426,-0.6248682341491345,167.2221259089036,0.09816127080994849,0.02412681027138858,1.0,1.4364537964752607e-16,1.0,0.03012561540737339,1.0,0.05691758682000769,0.9175,0.1104960367720596
sample_0019,spots,selfinhib,0.3519025787965616,0.396,0.0,11,3.047131185702644e-13,True,0.38644578313253014,0.11587578557741729,-0.2358546988152308,127.25027394970867,0.09816127080994849,0.02412681027138858,1.0,0.010744417555557991,0.9975,0.02800201192376684,0.925,0.05407832603652438,0.7275,0.09943114555871986
sample_0019,spots,selfinhib,0.3519025787965616,0.396,0.05,0,3.0227824278996222e-09,True,0.38644578313253014,0.09040665018735794,-0.16399851084491868,629.1257010826124,0.09816127080994849,0.02412681027138858,1.0,0.009496302761890375,1.0,0.026491745228792534,0.9975,0.05233200207195104,0.94,0.1054277612666089
sample_0019,spots,selfinhib,0.3519025787965616,0.396,0.05,1,1.4382303655010744e-08,True,0.38644578313253014,0.13267530743029354,-0.08914492611943237,52.80549271631188,0.09816127080994849,0.02412681027138858,1.0,0.010217728985244928,1.0,0.02666094957760457,0.87,0.05085520892123016,0.625,0.09932140390298341
sample_0019,spots,selfinhib,0.3519025787965616,0.396,0.05,2,2.970468696104273e-05,True,0.38644578313253014,0.1485470643059026,-0.2049210926566729,145.67370776102427,0.09816127080994849,0.02412681027138858,1.0,0.021163549752717864,1.0,0.02901486412187346,0.9675,0.05920227990566795,0.8875,0.10524878975404386
sample_0019,spots,selfinhib,0.3519025787965616,0.396,0.05,3,3.2918722941744045e-07,True,0.38644578313253014,0.24063684446482014,-0.08940846299163718,34.42365504665191,0.09816127080994849,0.02412681027138858,1.0,0.005813406534116935,1.0,0.031436534552423935,0.9675,0.061074704860442454,0.765,0.11070674147750366
sample_0019,spots,selfinhib,0.3519025787965616,0.396,0.05,4,5.505146921938439e-07,True,0.38644578313253014,0.5179349482429583,-0.23329275431486313,23.22977142300982,0.09816127080994849,0.02412681027138858,1.0,0.02030362619156719,1.0,0.03152282945835448,0.9525,0.0610047731071489,0.6875,0.11252767235993685
sample_0019,spots,selfinhib,0.3519025787965616,0.396,0.05,5,3.9947118068027785e-11,True,0.38644578313253014,0.17143626208907392,-0.7151126450298017,1085.61443828343,0.09816127080994849,0.02412681027138858,1.0,1.4364537964752607e-16,1.0,0.025430104544614276,0.995,0.05252387490385024,0.9125,0.09948265338452643
sample_0019,spots,selfinhib,0.3519025787965616,0.396,0.05,6,1.6162392038639676e-08,True,0.38644578313253014,0.06856476306835546,-1.010128932211955,274.8998259461193,0.09816127080994849,0.02412681027138858,1.0,0.007648800442442158,1.0,0.02957897397158534,0.99,0.05449581442037052,0.8975,0.10669249440095042
sample_0019,spots,selfinhib,0.3519025787965616,0.396,0.05,7,5.5670757040715115e-08,True,0.38644578313253014,0.071189286229977,-0.42370890001936923,860.2409557335031,0.09816127080994849,0.02412681027138858,1.0,0.012378064125105873,1.0,0.028881209655163692,0.9975,0.05118134962745043,0.9125,0.1061911282978846
sample_0019,spots,selfinhib,0.3519025787965616,0.396,0.05,8,0.0026634957898472892,True,0.4025060240963856,2.376129186579451,-0.38878273395201524,522.7586133552594,0.14379958644485616,0.016429353778751425,1.0,0.0183044101343701,1.0,0.02624995626186582,0.9425,0.05152690415342207,0.7075,0.0994453657603604
sample_0019,spots,selfinhib,0.3519025787965616,0.396,0.05,9,2.1285274934298375,False,1.5427831325301204,1.6431807973631862,0.2891505817074498,131.2218569735537,3.384119996523296,2.8959170013386877,,,,,,,,
sample_0019,spots,selfinhib,0.3519025787965616,0.396,0.05,10,0.017481951934603474,True,0.45068674698795186,1.0364949141459263,-0.5668731405320542,203.52650536185948,0.28071453334957897,0.1380978459291713,1.0,0.015120310894064848,0.97,0.028634198723933295,0.7925,0.05348198028269656,0.655,0.09870960227374939
sample_0019,spots,selfinhib,0.3519025787965616,0.396,0.05,11,0.4614913541782491,True,0.7718915662650603,0.6892600501272677,-0.05700284452994775,57.9464689992784,1.1934808460477309,0.9492211269319704,0.9425,0.007530330972068559,0.635,0.02519194186216473,0.565,0.05196181220870839,0.5725,0.1059853724222508
sample_0019,spots,selfinhib,0.3519025787965616,0.396,0.1,0,2.1093626230572786e-06,True,0.38644578313253014,0.26198571480720645,-0.8553203900508963,131.9889885408903,0.09816127080994849,0.02412681027138858,1.0,0.002075127669572533,1.0,0.03063102892003424,1.0,0.05384858115288051,0.935,0.10875430543611997
sample_0019,spots,selfinhib,0.3519025787965616,0.396,0.1,1,2.421153971908464e-08,True,0.38644578313253014,0.16586879074649197,-0.4126645834108238,415.6904926813585,0.09816127080994849,0.02412681027138858,1.0,1.4364537964752607e-16,1.0,0.0261187625535912,1.0,0.05411548065490143,0.9725,0.11123444611967001
sample_0019,spots,selfinhib,0.3519025787965616,0.396,0.1,2,1.5812209272969216e-07,True,0.3543253012048193,0.8135637396862236,-0.5799514097831939,4328.483314975251,0.006884639540133333,0.10523913837166846,1.0,0.0117152358389801,1.0,0.02716293200880767,1.0,0.05379264143183054,0.96,0.09550861541886478
sample_0019,spots,selfinhib,0.3519025787965616,0.396,0.1,3,0.09458642575588416,False,0.5309879518072289,1.3889647713365854,0.04167816470490382,430.5781527313969,0.5089061115241168,0.3408786661798709,,,,,,,,
sample_0019,spots,selfinhib,0.3519025787965616,0.396,0.1,4,1.5269696171934614e-07,True,0.38644578313253014,0.30563402145020646,-0.23485619196612006,125.5909200557024,0.09816127080994849,0.02412681027138858,1.0,1.4364537964752607e-16,1.0,0.02824034495943551,1.0,0.055178193647176715,0.985,0.10266103686980864
sample_0019,spots,selfinhib,0.3519025787965616,0.396,0.1,5,1.3199864423306497e-06,True,0.38644578313253014,0.1479940996860165,-1.5659846894517513,110.19171852460586,0.09816127080994849,0.02412681027138858,1.0,0.006481638587395228,1.0,0.029011561964769225,0.9875,0.056383376414329195,0.86,0.11649091406709036
sample_0019,spots,selfinhib,0.3519025787965616,0.396,0.1,6,7.588525411918722e-05,True,0.38644578313253014,0.6188609715386502,-0.27785327684306615,124.72510971897637,0.09816127080994849,0.02412681027138858,1.0,0.005813406534116935,1.0,0.027271179241299813,0.99,0.055022146739737966,0.865,0.10062462525499431
sample_0019,spots,selfinhib,0.3519025787965616,0.396,0.1,7,1.7840466932604883e-06,True,0.38644578313253014,0.67482983748123,-0.4521649606640892,71.7775304941154,0.09816127080994849,0.02412681027138858,1.0,0.016635645305163142,1.0,0.026082951197019942,1.0,0.05821084385962961,0.9725,0.10629305979772091
sample_0019,spots,selfinhib,0.3519025787965616,0.396,0.1,8,0.04208196919370545,True,0.4828072289156627,0.40374190231668017,-0.7635138669086725,43.545151424544336,0.37199116461939413,0.21921017402945117,1.0,0.00727505328091295,1.0,0.03645961466833036,0.93,0.06633986474690744,0.61,0.11790592561501097
sample_0019,spots,selfinhib,0.3519025787965616,0.396,0.1,9,0.004493531838850665,True,0.41856626506024097,0.4628798710425541,-0.10541030096668857,20.817634393235256,0.18943790207976366,0.056985517828891295,1.0,1.326221338532109e-16,0.9875,0.03254542365944161,0.885,0.06518011390897567,0.6125,0.12170517696352517
sample_0019,spots,selfinhib,0.3519025787965616,0.396,0.1,10,0.5703622337713743,True,0.8361325301204819,2.290568716036134,-0.2910483783112363,158.40935837350875,1.3760341085873613,1.11144578313253,1.0,0.005077291691696353,1.0,0.027070783568072035,0.8975,0.05124703891652485,0.695,0.1057220513450074
sample_0019,spots,selfinhib,0.3519025787965616,0.396,0.1,11,2.4865936051255363e-05,True,0.38644578313253014,0.5859590795515999,-1.160343641144176,670.1512807579641,0.09816127080994849,0.02412681027138858,1.0,0.013195120926431513,1.0,0.026004273769364514,1.0,0.05405354257316093,0.96,0.10751274854895616
sample_0019,spots,selfinhib,0.3519025787965616,0.396,0.2,0,4.628381768322332e-06,True,0.3703855421686747,0.44318605585823434,-0.3241744895375205,12575.073258530218,0.05252295517504084,0.06468297432152859,1.0,0.022091595332571396,1.0,0.026927846667872905,1.0,0.047277132987321446,1.0,0.10176817961612704
sample_0019,spots,selfinhib,0.3519025787965616,0.396,0.2,1,2.5970823437384687,False,0.2740240963855422,1.1129643954269,0.7942813782419123,2699.762853173173,0.22130693863440465,0.3080199586223682,,,,,,,,
sample_0019,spots,selfinhib,0.3519025787965616,0.396,0.2,2,1.549848230529611e-07,True,0.38644578313253014,0.1807329529316064,-0.25363788988592373,1240.2425670512066,0.09816127080994849,0.02412681027138858,1.0,0.019187851453884387,1.0,0.027202021135688367,1.0,0.05042842964482064,1.0,0.09517569954655233
sample_0019,spots,selfinhib,0.3519025787965616,0.396,0.2,3,5.182291287471016e-07,True,0.3703855421686747,0.7824225671921425,-0.7486873197147261,4952.906190716196,0.05252295517504084,0.06468297432152859,1.0,0.0,1.0,0.025385580313017592,1.0,0.04984918625028697,1.0,0.0950985240157416
sample_0019,spots,selfinhib,0.3519025787965616,0.396,0.2,4,0.06828909135584398,True,0.4988674698795181,0.46188756959140775,-0.8285553179243634,146.92870920412003,0.41762948025430163,0.25976633807959104,1.0,0.0083287602823877,1.0,0.028665642059049447,0.985,0.054480608979832305,0.87,0.10538573088438319
sample_0019,spots,selfinhib,0.3519025787965616,0.396,0.2,5,8.225720218221017e-08,True,0.38644578313253014,0.6033794190260693,-0.5071868481815631,1587.267992991467,0.09816127080994849,0.02412681027138858,1.0,1.4364537964752607e-16,1.0,0.026438331231135488,1.0,0.05327310936214742,0.9975,0.09756525948834639
sample_0019,spots,selfinhib,0.3519025787965616,0.396,0.2,6,2.3610198495277986e-08,True,0.38644578313253014,0.3132612604034364,-0.29243317173034816,624.3776304321892,0.09816127080994849,0.02412681027138858,1.0,1.4364537964752607e-16,1.0,0.02777126151813817,1.0,0.04992211152039272,0.985,0.10647707114247174
sample_0019,spots,selfinhib,0.3519025787965616,0.396,0.2,7,0.31114713489825413,False,0.25796385542168676,1.80799165513948,0.18716427039927508,120.59695679935066,0.2669452542693123,0.3485761226725082,,,,,,,,
sample_0019,spots,selfinhib,0.3519025787965616,0.396,0.2,8,0.03159454484676407,True,0.3222048192771084,1.4693466875856984,-0.5799117110344192,2157.4143561788956,0.084391991729682,0.18635146647194847,1.0,1.7228529156019889e-16,1.0,0.029513045731724398,1.0,0.05260854507380784,0.9675,0.10229950032629946
sample_0019,spots,selfinhib,0.3519025787965616,0.396,0.2,9,3.07964667397219e-06,True,0.38644578313253014,0.17174229081132353,-0.1652641300806032,288.8564639581554,0.09816127080994849,0.02412681027138858,1.0,0.009076400832501089,1.0,0.028677779105417595,1.0,0.05284430760834215,0.985,0.10193323343662607
sample_0019,spots,selfinhib,0.3519025787965616,0.396,0.2,10,0.02589530442170243,True,0.45068674698795186,0.6883577311103188,-0.2724988099624861,133.138238169999,0.28071453334957897,0.1380978459291713,1.0,0.01704520166259186,1.0,0.02770838286717951,1.0,0.05568876769811625,0.925,0.10343033635547519
sample_0019,spots,selfinhib,0.3519025787965616,0.396,0.2,11,0.005187531441381078,True,0.41856626506024097,0.5360562239573774,-1.36462903592248,295.44646702542275,0.18943790207976366,0.056985517828891295,1.0,0.0027068718979209746,1.0,0.027918803392918874,1.0,0.0511221575917151,0.9875,0.11089768059203539
sample_0019,spots,selfinhib,0.3519025787965616,0.396,0.35,0,2.7117090473696707e-06,True,0.38644578313253014,0.3732037718570069,-0.7570903504375391,1505.4779185786933,0.09816127080994849,0.02412681027138858,1.0,0.0178617125141426,1.0,0.027290765857570596,1.0,0.04993289059109512,1.0,0.10587538483445552
sample_0019,spots,selfinhib,0.3519025787965616,0.396,0.35,1,1.1123648040040961e-05,True,0.3703855421686747,0.30402074011022506,-0.6733335137107742,1682.7786542775484,0.05252295517504084,0.06468297432152859,1.0,0.020840054505447514,1.0,0.027514435939953414,1.0,0.043802869811248125,1.0,0.1058187145871628
sample_0019,spots,selfinhib,0.3519025787965616,0.396,0.35,2,0.004464981517211021,True,0.38644578313253014,0.3401020613973742,-1.0170390604192767,3904.0535345616872,0.09816127080994849,0.02412681027138858,1.0,0.02055116174794976,1.0,0.028051716316564383,1.0,0.055102569746070654,0.9925,0.10124193333236331
sample_0019,spots,selfinhib,0.3519025787965616,0.396,0.35,3,0.00017208822578205355,True,0.38644578313253014,0.2607501599284525,-1.3666154880195143,347.8726094255914,0.09816127080994849,0.02412681027138858,1.0,0.017259039445663326,1.0,0.02835586943599138,1.0,0.056281422745923126,0.995,0.09719852800348948
sample_0019,spots,selfinhib,0.3519025787965616,0.396,0.35,4,0.00016982522980134329,True,0.2900843373493976,0.2569040662938846,-0.4926185840420749,38566.72866351684,0.17566862299949715,0.26746379457222835,1.0,0.0,1.0,0.027493185436156767,1.0,0.05382774686129167,1.0,0.10266515908500252
sample_0019,spots,selfinhib,0.3519025787965616,0.396,0.35,5,0.11840809195203374,True,0.5470481927710844,0.290415653431765,-0.08862962241055805,33.28969789954176,0.5545444271590246,0.38143483023001107,1.0,0.01446815623376221,0.97,0.027987627933387167,0.8075,0.05620868665237961,0.53,0.10452806973047767
sample_0019,spots,selfinhib,0.3519025787965616,0.396,0.35,6,0.012136833721943067,True,0.41856626506024097,0.5409281781383868,-0.13637976645361571,3288.846082062882,0.18943790207976366,0.056985517828891295,1.0,0.002705833479874784,1.0,0.02718409110552438,0.9925,0.04954948981830342,0.885,0.10982728541238523
sample_0019,spots,selfinhib,0.3519025787965616,0.396,0.35,7,2.2390183349797175e-05,True,0.38644578313253014,0.2606755443618738,-1.8535520553097522,874.8304618210981,0.09816127080994849,0.02412681027138858,1.0,1.4364537964752607e-16,1.0,0.026925818626243173,1.0,0.05325161723621601,1.0,0.10291866543024254
sample_0019,spots,selfinhib,0.3519025787965616,0.396,0.35,8,0.001358002942234156,True,0.4025060240963856,0.5274212800676921,-1.569777237468543,662.9662611510998,0.14379958644485616,0.016429353778751425,1.0,0.0,1.0,0.027927489742344744,1.0,0.05288018084239747,1.0,0.103424342008098
sample_0019,spots,selfinhib,0.3519025787965616,0.396,0.35,9,0.054399485175653406,True,0.30614457831325304,0.0685353829289106,-0.07766860385187935,21.357556972087075,0.13003030736458948,0.22690763052208834,1.0,0.0,0.9925,0.03130654887998955,0.855,0.05865775260011838,0.6025,0.11048349029592715
sample_0019,spots,selfinhib,0.3519025787965616,0.396,0.35,10,2.898582361645022e-05,True,0.3703855421686747,0.18764618462665084,-1.553429125566093,1517.2054796933853,0.05252295517504084,0.06468297432152859,1.0,0.01588428796104572,1.0,0.027594127724119212,1.0,0.056159425337493976,1.0,0.10003117128087492
sample_0019,spots,selfinhib,0.3519025787965616,0.396,0.35,11,0.09305647213459929,True,0.5149277108433735,0.8441348305807352,-1.3368839862400381,1407.5687799178643,0.4632677958892093,0.30032250212973105,1.0,0.015119599282384644,1.0,0.027789683214285665,1.0,0.04929188339312285,1.0,0.10288891384375759
sample_0020,stripes,selfinhib,0.7529340974212035,0.659,0.0,0,8.026650346362936e-10,True,0.6434096385542168,1.4057173202727284,-0.12371834164080209,701.8942892779053,0.14546353956090918,0.023657604621825774,1.0,0.00928222357942599,1.0,0.026000641915339802,1.0,0.05042562296181111,0.99,0.10177079964377045
sample_0020,stripes,selfinhib,0.7529340974212035,0.659,0.0,1,5.6533137959897925e-08,True,0.6594698795180723,0.03199664913524103,-0.19332576801782242,28.358192261515892,0.12413333148710597,0.0007130189955573803,0.73,0.01383833620996663,0.52,0.06004911669672795,0.415,0.10029164291560981,0.205,0.14202230424901693
sample_0020,stripes,selfinhib,0.7529340974212035,0.659,0.0,2,2.160608461486527e-09,True,0.6434096385542168,0.2829655185040565,-0.4341524124797017,745.0302986173995,0.14546353956090918,0.023657604621825774,1.0,0.00279021714056948,1.0,0.025764832678971793,1.0,0.05006588387301246,0.9975,0.10095590425414254
sample_0020,stripes,selfinhib,0.7529340974212035,0.659,0.0,3,0.008896228535039616,False,0.723710843373494,0.40497040486237434,0.003948552546407025,36.52575575772785,0.038812499191893515,0.09819551346508949,,,,,,,,
sample_0020,stripes,selfinhib,0.7529340974212035,0.659,0.0,4,8.132346941644496e-14,True,0.6434096385542168,0.42088200817320676,-0.24777580914585423,293.80130333205113,0.14546353956090918,0.023657604621825774,1.0,0.0032973551973436523,1.0,0.024137239176272942,1.0,0.05047227971774551,0.985,0.10393119963683657
sample_0020,stripes,selfinhib,0.7529340974212035,0.659,0.0,5,0.9498609816888243,False,0.001,-0.11773831395510126,-0.11773718127305577,6.157448269867922,0.998671862513034,0.9984825493171472,,,,,,,,
sample_0020,stripes,selfinhib,0.7529340974212035,0.659,0.0,6,0.0011527927337743648,True,0.6273493975903615,0.08292859861431978,-1.483602859630746,20.242585377563817,0.16679374763471227,0.048028228239208756,0.995,0.012711780271742761,0.73,0.03772562229835639,0.605,0.08379609432389104,0.405,0.13710624551784717
sample_0020,stripes,selfinhib,0.7529340974212035,0.659,0.0,7,0.0006145208256123764,True,0.6755301204819277,0.2521710659262375,-0.06064011786688184,14.724676203858493,0.10280312341330289,0.025083642612940365,0.6825,0.02678895392116141,0.2975,0.09137500035353757,0.135,0.14023434735720722,0.115,0.22330688849207178
sample_0020,stripes,selfinhib,0.7529340974212035,0.659,0.0,8,1.3825871795351865e-10,True,0.6434096385542168,1.2431382238185478,-0.6583483601122229,234.60799773951405,0.14546353956090918,0.023657604621825774,1.0,0.01007000264517781,0.995,0.026425833380585302,0.9075,0.049701463779858575,0.785,0.10655789055815776
sample_0020,stripes,selfinhib,0.7529340974212035,0.659,0.0,9,0.107252872875375,True,0.9003734939759037,0.777962296701812,-1.045997890214454,77.37102001431613,0.19581978961994093,0.366272373256303,1.0,0.008924447649388625,1.0,0.028710519838762036,0.9525,0.060610035531952274,0.81,0.10195389649176285
sample_0020,stripes,selfinhib,0.7529340974212035,0.659,0.0,10,2.359356358618881e-08,True,0.6594698795180723,0.2469433121489324,-1.792161494928783,197.56077006886707,0.12413333148710597,0.0007130189955573803,1.0,0.011348896478906625,1.0,0.028766088327338787,0.9875,0.06060534052762208,0.8525,0.11048877883694427
sample_0020,stripes,selfinhib,0.7529340974212035,0.659,0.0,11,1.2481570694995675e-09,True,0.6594698795180723,0.665586406561463,-0.252038185634618,192.61991240637613,0.12413333148710597,0.0007130189955573803,1.0,0.011653943211838992,0.925,0.03038768585131254,0.7525,0.05027737011188627,0.6225,0.11134970372833239
sample_0020,stripes,selfinhib,0.7529340974212035,0.659,0.05,0,0.1831267702985034,True,1.0127951807228914,0.42851855335297806,-0.35704231474625625,74.5896427620755,0.34513124613656243,0.5368667385779838,1.0,0.011173357925633013,0.8975,0.04767467370493983,0.6625,0.06961138221436347,0.395,0.13434399739182565
sample_0020,stripes,selfinhib,0.7529340974212035,0.659,0.05,1,3.976990828575017e-06,True,0.6594698795180723,0.47146395885721315,-0.4870963469643712,12.985667084734247,0.12413333148710597,0.0007130189955573803,1.0,0.007932984867790895,1.0,0.03430666969544054,0.9475,0.07168063246596577,0.68,0.11958835887576512
sample_0020,stripes,selfinhib,0.7529340974212035,0.659,0.05,2,1.1572628917911183e-06,True,0.6594698795180723,1.3946188845843341,-1.208942493540381,27.64756666901044,0.12413333148710597,0.0007130189955573803,1.0,0.0077432184610682344,1.0,0.030615210759567125,0.9575,0.06453482075859833,0.78,0.11973410406315578
sample_0020,stripes,selfinhib,0.7529340974212035,0.659,0.05,3,0.011253928400306366,True,0.723710843373494,2.0995949784444754,-0.6078599367076449,20.518215045991337,0.038812499191893515,0.09819551346508949,1.0,0.010974565242948325,0.995,0.032617604417844843,0.9175,0.0651937912680579,0.685,0.1107270698733601
sample_0020,stripes,selfinhib,0.7529340974212035,0.659,0.05,4,0.9669184498219487,False,0.001,0.12940889099741193,0.12941230812231877,33.23804262424532,0.998671862513034,0.9984825493171472,,,,,,,,
sample_0020,stripes,selfinhib,0.7529340974212035,0.659,0.05,5,0.15974046307974696,True,0.9806746987951808,0.6199666872185929,-0.09122328800781954,140.07136193275917,0.30247082998895647,0.4881254913432181,1.0,0.006560781932524773,0.855,0.028850293879272917,0.6375,0.05998173346187664,0.4525,0.11032651748826018
sample_0020,stripes,selfinhib,0.7529340974212035,0.659,0.05,6,0.8695047371770142,False,0.001,0.08267958323470158,0.08268165701115619,61.90469580638395,0.998671862513034,0.9984825493171472,,,,,,,,
sample_0020,stripes,selfinhib,0.7529340974212035,0.659,0.05,7,0.3378947115971838,False,1.1573373493975903,0.5799605379590531,0.06110075976922195,236.69602038364297,0.5371031188007905,0.7562023511344312,,,,,,,,
sample_0020,stripes,selfinhib,0.7529340974212035,0.659,0.05,8,2.143952987368133e-07,True,0.6594698795180723,0.20110944397487174,-0.10266104164876566,246.09164569300054,0.12413333148710597,0.0007130189955573803,1.0,0.011242200675749941,0.995,0.028262989087224525,0.845,0.056991768541109954,0.545,0.11092656049585944
sample_0020,stripes,selfinhib,0.7529340974212035,0.659,0.05,9,34.595276831453376,False,0.6755301204819277,3.216170106843471,2.940879354948011,224.7340976899585,0.10280312341330289,0.025083642612940365,,,,,,,,
sample_0020,stripes,selfinhib,0.7529340974212035,0.659,0.05,10,0.33899637706843094,True,0.3543253012048193,0.302967195129062,-0.43797593466902857,38.546297471030655,0.5294072848893653,0.46232882973472034,1.0,0.020492448233165664,0.985,0.03370392479475857,0.8775,0.060144816746157674,0.7,0.10433072830708304
sample_0020,stripes,selfinhib,0.7529340974212035,0.659,0.05,11,0.9594053402083448,False,0.001,0.1235078583680641,0.12351117733075523,22.317783772921345,0.998671862513034,0.9984825493171472,,,,,,,,
sample_0020,stripes,selfinhib,0.7529340974212035,0.659,0.1,0,8.639433619608269e-08,True,0.6434096385542168,0.558408148237568,-0.31172837401457953,119.887795933116,0.14546353956090918,0.023657604621825774,1.0,0.012316419504180288,1.0,0.025507731050620132,1.0,0.051573995155807274,0.9475,0.0978914136349921
sample_0020,stripes,selfinhib,0.7529340974212035,0.659,0.1,1,0.00014852363889805345,True,0.6594698795180723,0.6646309126712424,-0.5241090344033814,100.7962274748199,0.12413333148710597,0.0007130189955573803,1.0,0.004151321878729382,1.0,0.026179715389600254,1.0,0.05445517872479755,0.975,0.10365841949656199
sample_0020,stripes,selfinhib,0.7529340974212035,0.659,0.1,2,9.677206775620254e-06,True,0.6594698795180723,0.4382269763834188,-0.1253589287427429,488.77689462632316,0.12413333148710597,0.0007130189955573803,1.0,0.008699696061785838,1.0,0.030018939592158372,1.0,0.060171869724853264,0.905,0.113209568405691
sample_0020,stripes,selfinhib,0.7529340974212035,0.659,0.1,3,1.968503767287814e-06,True,0.6594698795180723,0.9284302551700101,-0.4025281666695074,116.73376255761521,0.12413333148710597,0.0007130189955573803,1.0,0.009704417525557937,1.0,0.02783255990584705,0.9975,0.05530300622410487,0.89,0.10202312996854963
sample_0020,stripes,selfinhib,0.7529340974212035,0.659,0.1,4,0.022032332819172645,True,0.5631084337349398,0.5710350443113796,-0.31492553875951135,141.18546450691775,0.2521145799299247,0.14551072270874085,1.0,0.007262469764760656,1.0,0.03082298629738611,0.895,0.06329238961763778,0.59,0.12158145139759682
sample_0020,stripes,selfinhib,0.7529340974212035,0.659,0.1,5,0.13978411465945456,True,0.9485542168674699,0.6311237703013823,-0.2356830553531865,39.47564333865635,0.2598104138413501,0.43938424410845195,1.0,0.008992580609407799,1.0,0.035234300122603326,0.91,0.0728139519516331,0.55,0.12085974644307673
sample_0020,stripes,selfinhib,0.7529340974212035,0.659,0.1,6,2.5786617082601838e-05,True,0.6434096385542168,0.3313125449347645,-0.20009938956297918,116.46470022503583,0.14546353956090918,0.023657604621825774,1.0,0.012141638417121457,1.0,0.03333218256775984,0.9675,0.06607844434123392,0.7225,0.11859012290122843
sample_0020,stripes,selfinhib,0.7529340974212035,0.659,0.1,7,0.8290891867524351,False,0.001,0.06514522491474278,0.06514679453853583,30.006048537305347,0.998671862513034,0.9984825493171472,,,,,,,,
sample_0020,stripes,selfinhib,0.7529340974212035,0.659,0.1,8,0.6946975091489067,False,0.001,0.031887147991317144,0.031887820132706426,37.291853490934926,0.998671862513034,0.9984825493171472,,,,,,,,
sample_0020,stripes,selfinhib,0.7529340974212035,0.659,0.1,9,1.2896404185419036e-05,True,0.6594698795180723,0.6210895678736694,-0.28392762792750736,21.36599958073931,0.12413333148710597,0.0007130189955573803,1.0,0.006958319215111887,1.0,0.03257497115133736,0.9925,0.06945831735256644,0.8,0.1167675999628749
sample_0020,stripes,selfinhib,0.7529340974212035,0.659,0.1,10,4.50932122616098e-06,True,0.6594698795180723,0.48069134857771445,-1.196670910671952,50.287467347852875,0.12413333148710597,0.0007130189955573803,1.0,0.007362478761202846,1.0,0.02834643557657501,0.9975,0.058439817225009655,0.9075,0.11140542666057979
sample_0020,stripes,selfinhib,0.7529340974212035,0.659,0.1,11,0.002594073118715748,True,0.6915903614457831,0.4087802936873839,-1.4770625738327559,30.570991518996276,0.08147291533949981,0.04945426623032335,1.0,0.0077189713409262315,1.0,0.031707764279047486,0.9775,0.0682273083829308,0.725,0.12778815352066406
sample_0020,stripes,selfinhib,0.7529340974212035,0.659,0.2,0,0.012787378496678619,True,0.5791686746987952,0.4419264521049149,-0.11388990300936119,29.072242510205434,0.23078437185612163,0.12114009909135788,1.0,0.011229192076320787,0.99,0.02999966933330359,0.8425,0.0595965528454744,0.59,0.11574519289065716
sample_0020,stripes,selfinhib,0.7529340974212035,0.659,0.2,1,7.757577526465963e-05,True,0.6434096385542168,1.0481936129540443,-0.6064622608236434,835.959993985716,0.14546353956090918,0.023657604621825774,1.0,0.007037808562522811,1.0,0.02437259432712811,1.0,0.05211045027289067,0.99,0.10500583417505914
sample_0020,stripes,selfinhib,0.7529340974212035,0.659,0.2,2,0.000217064894189422,True,0.6594698795180723,0.3082681558581619,-1.3858636110393965,109.11465965406457,0.12413333148710597,0.0007130189955573803,1.0,0.005301214714744364,1.0,0.026710895994886193,1.0,0.05998312507995227,0.945,0.11300562193878692
sample_0020,stripes,selfinhib,0.7529340974212035,0.659,0.2,3,0.06975950514637314,True,0.4988674698795181,0.24914343203353706,-0.0315179023739863,14.6282349530536,0.33743541222513723,0.24299321717827305,1.0,0.01032769597673781,0.71,0.033945937912736875,0.5775,0.06501859949819444,0.3675,0.1193599053365088
sample_0020,stripes,selfinhib,0.7529340974212035,0.659,0.2,4,6.361715404287501e-05,True,0.6434096385542168,0.5259693733215371,-2.4165206105568946,463.66301109155376,0.14546353956090918,0.023657604621825774,1.0,0.007469698130053852,1.0,0.026399197128493198,1.0,0.05686653477389455,0.985,0.10894786423639807
sample_0020,stripes,selfinhib,0.7529340974212035,0.659,0.2,5,0.07539079146185494,True,0.8521927710843374,0.286224121499842,-0.07347630144634398,980.118045967036,0.13182916539853154,0.29316050240415387,1.0,0.0059778401601909715,0.9975,0.024792914361294643,0.915,0.051718637853517636,0.6975,0.10056489006773656
sample_0020,stripes,selfinhib,0.7529340974212035,0.659,0.2,6,0.005559028077997568,True,0.7076506024096386,0.46612610223074213,-0.0405589677166045,99.10611221663393,0.06014270726569659,0.0738248898477065,1.0,0.006459706669578751,0.7675,0.030443616843918535,0.6125,0.0598973800484945,0.4425,0.11002166221015475
sample_0020,stripes,selfinhib,0.7529340974212035,0.659,0.2,7,4.974827545483825e-06,True,0.6594698795180723,0.4150994687498937,-0.33686913065574386,74.94285934566733,0.12413333148710597,0.0007130189955573803,1.0,0.01034603121442568,1.0,0.029696380019316557,0.9975,0.055819265812074054,0.9325,0.10819114304987369
sample_0020,stripes,selfinhib,0.7529340974212035,0.659,0.2,8,0.0003856804561288593,True,0.6594698795180723,0.40988505002773934,-0.32706773098977465,926.2761611139161,0.12413333148710597,0.0007130189955573803,1.0,0.00960317416275637,1.0,0.027574461366690093,1.0,0.05415444070528712,0.9475,0.10474300352066873
sample_0020,stripes,selfinhib,0.7529340974212035,0.659,0.2,9,5.944786733241436,False,0.7879518072289157,3.293934319053637,1.215095104813659,140.56613670684573,0.046508333103318936,0.1956780079346216,,,,,,,,
sample_0020,stripes,selfinhib,0.7529340974212035,0.659,0.2,10,0.0002589395638759652,True,0.6434096385542168,0.4337614331483337,-1.101507257984113,361.4715953159233,0.14546353956090918,0.023657604621825774,1.0,0.003274458935264255,1.0,0.02660589025806157,1.0,0.051562990493273494,0.9775,0.10316137823386058
sample_0020,stripes,selfinhib,0.7529340974212035,0.659,0.2,11,6.978415246949106e-05,True,0.6434096385542168,1.0847962856990847,-0.9539489700737436,251.84548515028348,0.14546353956090918,0.023657604621825774,1.0,0.011216835300098347,1.0,0.025056173041566605,1.0,0.05668651486627561,0.9875,0.10549434461518097
sample_0020,stripes,selfinhib,0.7529340974212035,0.659,0.35,0,0.17742274127366978,True,0.9967349397590362,0.9568401706846998,-0.11076960113016365,205.98377427903173,0.3238010380627595,0.5124961149606011,1.0,0.005879933113850638,1.0,0.024684625623623918,1.0,0.05143947686359923,0.995,0.10229810230895142
sample_0020,stripes,selfinhib,0.7529340974212035,0.659,0.35,1,5.913927800917684e-07,True,0.6434096385542168,0.44604166466067596,-0.34595949077685206,516.7888116745955,0.14546353956090918,0.023657604621825774,1.0,0.0089987391854504,1.0,0.024317750652837335,1.0,0.04860650427754144,1.0,0.09731495738236223
sample_0020,stripes,selfinhib,0.7529340974212035,0.659,0.35,2,2.2418675067014694e-07,True,0.6434096385542168,0.3018459222902763,-0.558274150634487,362.94613019229337,0.14546353956090918,0.023657604621825774,1.0,0.0050299987177270305,1.0,0.024849530791772385,1.0,0.05326452828524093,0.995,0.10462227938819274
sample_0020,stripes,selfinhib,0.7529340974212035,0.659,0.35,3,0.38011991417902885,True,1.221578313253012,1.1053330871961364,-1.538377214049563,198.96010888518182,0.6224239510960031,0.8536848456039635,1.0,0.007076798379447499,1.0,0.023780103584312956,1.0,0.04943970632429447,0.99,0.10454647391570401
sample_0020,stripes,selfinhib,0.7529340974212035,0.659,0.35,4,0.8168394092564429,False,0.001,0.07876518318794723,0.0787661653162619,35.596173588812114,0.998671862513034,0.9984825493171472,,,,,,,,
sample_0020,stripes,selfinhib,0.7529340974212035,0.659,0.35,5,0.774182080174549,False,0.001,0.0682725398885744,0.06827358966760433,367.5511777008312,0.998671862513034,0.9984825493171472,,,,,,,,
sample_0020,stripes,selfinhib,0.7529340974212035,0.659,0.35,6,0.000128390493016698,True,0.6434096385542168,0.2109847300568779,-0.11945741740408028,120.14332911412869,0.14546353956090918,0.023657604621825774,1.0,0.011724807127824404,1.0,0.026387933170575757,0.995,0.05452616528963999,0.9325,0.10797012984146823
sample_0020,stripes,selfinhib,0.7529340974212035,0.659,0.35,7,0.002785201989052822,True,0.6755301204819277,0.4595577464103613,-0.4816337020861182,432.1221664039414,0.10280312341330289,0.025083642612940365,1.0,0.009238213979828108,1.0,0.024340730585791885,1.0,0.049863043921948534,1.0,0.10418242751398736
sample_0020,stripes,selfinhib,0.7529340974212035,0.659,0.35,8,0.02996918252575132,True,0.7718915662650603,0.7757994324444795,-0.42919915653494556,288.9762187114508,0.02517812502951586,0.1713073843172386,1.0,0.009770663356813706,1.0,0.02589340485033833,1.0,0.05006182444642305,0.9875,0.10591769796266619
sample_0020,stripes,selfinhib,0.7529340974212035,0.659,0.35,9,1.9815135701609532,False,0.7558313253012049,1.4515846247925666,0.7002169518972965,241.31872035927466,0.003847916955712786,0.14693676069985562,,,,,,,,
sample_0020,stripes,selfinhib,0.7529340974212035,0.659,0.35,10,0.0009936560370795461,True,0.6755301204819277,0.5001775684633749,-0.6921731222206405,182.8583060544607,0.10280312341330289,0.025083642612940365,1.0,0.00518765042158026,1.0,0.025513212291411607,1.0,0.05413621598736154,0.99,0.09767721964082737
sample_0020,stripes,selfinhib,0.7529340974212035,0.659,0.35,11,1.0661950389670372,True,1.831867469879518,0.77963998120849,-0.78401597488366,831.9916275562152,1.432971857900522,1.779768543064519,1.0,0.006176952996905033,1.0,0.025265108492731555,1.0,0.0542140552477865,0.99,0.10362065583251145
sample_0021,spots,selfinhib,0.4521604584527221,0.414,0.0,0,0.0500419504570388,True,0.3222048192771084,0.3761967908436956,-0.16084924549017363,59.13168796865261,0.2874104463276544,0.2217274896688202,1.0,0.009452028248394154,1.0,0.0297610881974677,1.0,0.05772326222472867,0.885,0.1039593394900435
sample_0021,spots,selfinhib,0.4521604584527221,0.414,0.0,1,0.04313541916518167,True,0.4988674698795181,0.5970642319047688,-0.4918282813559641,41.362982760037035,0.10329742584441323,0.20499388859786982,1.0,0.015627515091240652,1.0,0.02735721315218596,0.9975,0.06439518818190482,0.9,0.10269910725289588
sample_0021,spots,selfinhib,0.4521604584527221,0.414,0.0,2,0.009387067064394586,True,0.45068674698795186,1.4123985942161355,-0.8753612693088695,761.4093909007039,0.00325926656615056,0.08861533088877266,1.0,0.006326269687951634,1.0,0.025399523230662354,1.0,0.053135862809111305,0.995,0.10711910070869929
sample_0021,spots,selfinhib,0.4521604584527221,0.414,0.0,3,0.8508720730446035,False,0.001,-0.18393149840474488,-0.18393026318263905,87.38646619657962,0.9977883957314136,0.9975845410628019,,,,,,,,
sample_0021,spots,selfinhib,0.4521604584527221,0.414,0.0,4,2.998536438160024,False,0.25796385542168676,0.8700788946658395,0.8508555987830455,382.5214836542718,0.4294860362084062,0.3768988999476165,,,,,,,,
sample_0021,spots,selfinhib,0.4521604584527221,0.414,0.0,5,4.464621581768225,False,0.7076506024096386,1.3761657167864882,1.0223009389761857,49.39027655889575,0.5650430929568568,0.7093009720039581,,,,,,,,
sample_0021,spots,selfinhib,0.4521604584527221,0.414,0.0,6,4.8193660550274665e-12,True,0.4025060240963856,0.41248133305873225,-1.0778619132742624,262.7290281784061,0.10981595897671446,0.027763226820324626,1.0,0.019163321027670533,1.0,0.029246821107152227,1.0,0.058253160711281636,0.9325,0.10647276031622512
sample_0021,spots,selfinhib,0.4521604584527221,0.414,0.0,7,5.639619185842793e-12,True,0.4025060240963856,0.6472156494010086,-3.243255158351477,323.56429784307807,0.10981595897671446,0.027763226820324626,1.0,0.017051112950549556,1.0,0.028206043479056458,1.0,0.05254622987911069,0.99,0.10497827309107022
sample_0021,spots,selfinhib,0.4521604584527221,0.414,0.0,8,4.4750247692543226e-10,True,0.4025060240963856,0.6911224819012602,-0.40383150205510443,231.05142209681898,0.10981595897671446,0.027763226820324626,1.0,0.019202796611342717,1.0,0.026173843713672658,1.0,0.05403824200555896,0.945,0.10627751482616804
sample_0021,spots,selfinhib,0.4521604584527221,0.414,0.0,9,7.78814136705507e-06,True,0.4025060240963856,0.3862068226621087,-0.43919433179691303,230.17383644445204,0.10981595897671446,0.027763226820324626,1.0,0.004430846219569777,1.0,0.02849439420956653,1.0,0.054360263578148695,0.9975,0.10848588622029212
sample_0021,spots,selfinhib,0.4521604584527221,0.414,0.0,10,2.112603719767917e-08,True,0.4025060240963856,0.3322330978270749,-0.15821696196914176,99.94895003805044,0.10981595897671446,0.027763226820324626,1.0,0.019554740799780736,1.0,0.027528163965553316,1.0,0.05625838271169348,0.8625,0.10287025744913351
sample_0021,spots,selfinhib,0.4521604584527221,0.414,0.0,11,4.119627165925504e-15,True,0.4025060240963856,0.6631089672456696,-1.8102413728456248,782.6964145755475,0.10981595897671446,0.027763226820324626,1.0,0.0,1.0,0.026531442946023436,1.0,0.05539596784722839,0.985,0.10354095714874474
sample_0021,spots,selfinhib,0.4521604584527221,0.414,0.05,0,0.002069520940900905,True,0.41856626506024097,0.6296120892275407,-0.03795625686213514,114.67092181899407,0.07429706150652658,0.01102962574937438,1.0,0.010665807276847638,0.87,0.0273022618411213,0.715,0.05823757679236232,0.6025,0.10914006331700869
sample_0021,spots,selfinhib,0.4521604584527221,0.414,0.05,1,1.2820382500699118e-09,True,0.4025060240963856,0.7710027216357354,-0.4970634399884073,745.1367118815488,0.10981595897671446,0.027763226820324626,1.0,0.010701847545422263,1.0,0.02730650608546958,1.0,0.05194054513457417,0.965,0.09916869787200222
sample_0021,spots,selfinhib,0.4521604584527221,0.414,0.05,2,6.203454328163646e-09,True,0.4025060240963856,2.122418205685726,-0.23952653818430258,1296.961582405002,0.10981595897671446,0.027763226820324626,1.0,0.0019927345591599687,1.0,0.02808539048807266,0.935,0.05193246522497618,0.6825,0.09386549795338113
sample_0021,spots,selfinhib,0.4521604584527221,0.414,0.05,3,1.1979021949441286e-08,True,0.4025060240963856,1.0850854010590076,-0.364912202579756,367.14741683232916,0.10981595897671446,0.027763226820324626,1.0,0.001992337042064922,1.0,0.02916145036330067,0.9975,0.05341012261385836,0.9175,0.098440641013075
sample_0021,spots,selfinhib,0.4521604584527221,0.414,0.05,4,1.4367970049060625e-10,True,0.38644578313253014,0.27456074957348164,-0.16169980120083904,4797.951886181487,0.14533485644690247,0.06655607939002377,1.0,1.4364537964752607e-16,1.0,0.026255203917255693,0.9975,0.052112138326943946,0.8925,0.0968920275410556
sample_0021,spots,selfinhib,0.4521604584527221,0.414,0.05,5,0.4001858988461635,True,0.22584337349397593,1.0190207857153952,-0.5484717783436484,30.820504448068768,0.5005238311487821,0.45448460508701466,1.0,0.033867711830717295,0.995,0.040808117033104045,0.905,0.06318348119721566,0.69,0.11276136970472635
sample_0021,spots,selfinhib,0.4521604584527221,0.414,0.05,6,1.1880947654753223e-07,True,0.41856626506024097,0.46314035624045147,-0.2695221707969763,26.441397009377493,0.07429706150652658,0.01102962574937438,1.0,0.016096321481332224,1.0,0.029116130058667103,0.8975,0.05785388487945374,0.6225,0.11213960474725103
sample_0021,spots,selfinhib,0.4521604584527221,0.414,0.05,7,1.7375813531147355e-08,True,0.4025060240963856,1.1169891608475382,-0.15447211580917386,519.1272679137533,0.10981595897671446,0.027763226820324626,1.0,0.019408410259115876,1.0,0.028320742049152612,1.0,0.05442546613500302,0.9925,0.10403817387462241
sample_0021,spots,selfinhib,0.4521604584527221,0.414,0.05,8,0.00721419991087901,True,0.45068674698795186,1.3657073548446874,-0.32072930493350155,295.91862965477026,0.00325926656615056,0.08861533088877266,1.0,0.006557177654721609,1.0,0.026156232999355128,0.975,0.04921162273990247,0.8375,0.09545934583145196
sample_0021,spots,selfinhib,0.4521604584527221,0.414,0.05,9,0.31862942543059075,True,0.22584337349397593,0.7493235465995909,-0.07160904437165339,941.8724744956185,0.5005238311487821,0.45448460508701466,1.0,0.0,1.0,0.02648108962459703,1.0,0.05551186196649098,0.995,0.10077448235285737
sample_0021,spots,selfinhib,0.4521604584527221,0.414,0.05,10,0.002116800769333173,True,0.4346265060240964,1.5171091146245335,-0.11173806707406364,80.24498927190979,0.03877816403633857,0.04982247831907352,1.0,0.008965317070725749,0.9975,0.02940670895975952,0.885,0.054657777319924106,0.7275,0.10425597237273161
sample_0021,spots,selfinhib,0.4521604584527221,0.414,0.05,11,0.1076174833612284,True,0.5631084337349398,0.6934727700254797,-0.11792620916260077,43.37152212733741,0.24537301572516515,0.36016529887666626,1.0,0.01406123029842604,1.0,0.028410933359302136,1.0,0.05836418542902629,0.9325,0.11218229054587346
sample_0021,spots,selfinhib,0.4521604584527221,0.414,0.1,0,1.6124091475846234e-08,True,0.4025060240963856,0.12789522789856633,-0.09432784444430009,312.68591400149256,0.10981595897671446,0.027763226820324626,1.0,0.0,1.0,0.02697154168874883,1.0,0.05032473915054492,0.9375,0.10273762030455864
sample_0021,spots,selfinhib,0.4521604584527221,0.414,0.1,1,7.77517933198675e-06,True,0.4025060240963856,0.7402703888223172,-0.1867418015989381,2910.4828053018246,0.10981595897671446,0.027763226820324626,1.0,0.016389179328549455,1.0,0.028184345402760214,0.9925,0.05066756876932608,0.895,0.10473275184752752
sample_0021,spots,selfinhib,0.4521604584527221,0.414,0.1,2,0.005111158252074324,True,0.3703855421686747,1.0226560830650442,-0.18004141544566699,491.0287914183196,0.1808537539170905,0.1053489319597229,1.0,0.01779235368494949,0.9975,0.02785596427038676,0.9675,0.05061251580455045,0.77,0.10390802541385395
sample_0021,spots,selfinhib,0.4521604584527221,0.414,0.1,3,0.29708322844233526,True,0.7076506024096386,1.6304071394713766,-0.5219044268271346,82.42706886035178,0.5650430929568568,0.7093009720039581,1.0,0.0075678673019188855,1.0,0.026801469879216753,1.0,0.05527855139498452,0.97,0.10876874248837254
sample_0021,spots,selfinhib,0.4521604584527221,0.414,0.1,4,4.965766640487737e-07,True,0.4025060240963856,0.702103728916768,-0.19438925716351896,334.2354241527255,0.10981595897671446,0.027763226820324626,1.0,0.008880555492636975,1.0,0.027638479445943907,1.0,0.05304993726146785,0.995,0.10356161414034594
sample_0021,spots,selfinhib,0.4521604584527221,0.414,0.1,5,0.12167890133770057,True,0.5791686746987952,1.9626797292486557,-0.11182747368899379,400.2108927093202,0.28089191319535306,0.39895815144636526,1.0,0.003372029914101458,1.0,0.025365788912071644,0.935,0.05143005718507009,0.76,0.09489663991858124
sample_0021,spots,selfinhib,0.4521604584527221,0.414,0.1,6,4.148367765109456e-05,True,0.4025060240963856,0.11892929140279795,-0.1719672958131353,45.19965326337429,0.10981595897671446,0.027763226820324626,1.0,0.019454232609825848,1.0,0.033438500435512886,0.98,0.06602653560023913,0.7625,0.11344232641971413
sample_0021,spots,selfinhib,0.4521604584527221,0.414,0.1,7,1.1420152953111383e-10,True,0.4025060240963856,0.6792830278191211,-0.35630882731563235,297.81798736136665,0.10981595897671446,0.027763226820324626,1.0,0.007569136509148097,1.0,0.027436030961228187,1.0,0.05640367629614,0.9925,0.10299257877319526
sample_0021,spots,selfinhib,0.4521604584527221,0.414,0.1,8,5.1460684259390286e-08,True,0.4025060240963856,1.27119570013771,-2.2314542494950858,1036.8445752716107,0.10981595897671446,0.027763226820324626,1.0,0.009811089872117063,1.0,0.028715869462561754,1.0,0.05428524439406667,1.0,0.10218089263110988
sample_0021,spots,selfinhib,0.4521604584527221,0.414,0.1,9,4.5740990139927,False,0.3703855421686747,2.4989439778018827,1.0683795753310315,152.21451868292488,0.1808537539170905,0.1053489319597229,,,,,,,,
sample_0021,spots,selfinhib,0.4521604584527221,0.414,0.1,10,0.1019470400604532,True,0.5631084337349398,0.7937408502864187,-0.6502536516466484,546.9467376714096,0.24537301572516515,0.36016529887666626,1.0,0.005062090864609773,1.0,0.026988589231027385,1.0,0.055901873972112215,0.9775,0.10186841714561078
sample_0021,spots,selfinhib,0.4521604584527221,0.414,0.1,11,0.03931013055694786,True,0.33826506024096387,1.6814451952369112,-0.32240754547885486,555.837693029964,0.2518915488574664,0.18293463709912106,1.0,0.0033496124972135334,1.0,0.027921783453264598,0.9625,0.05213392031314759,0.84,0.10691403855789329
sample_0021,spots,selfinhib,0.4521604584527221,0.414,0.2,0,0.02501550508799506,True,0.4828072289156627,0.2614586061310362,-0.12676048038577026,90.84897910420688,0.06777852837422534,0.1662010360281708,1.0,0.008098770494199067,0.95,0.040588845124325944,0.7825,0.07816276659068147,0.4675,0.1284113890409792
sample_0021,spots,selfinhib,0.4521604584527221,0.414,0.2,1,4.055000673279967e-06,True,0.4025060240963856,0.43872959753617735,-0.26954073827366276,364.3261204507076,0.10981595897671446,0.027763226820324626,1.0,0.0028148993237687428,1.0,0.02689468060370938,1.0,0.05253725034512325,0.9825,0.10245302527977987
sample_0021,spots,selfinhib,0.4521604584527221,0.414,0.2,2,0.00777934334265987,False,0.4346265060240964,0.28056143648808174,0.030467646804282045,383.7402477339218,0.03877816403633857,0.04982247831907352,,,,,,,,
sample_0021,spots,selfinhib,0.4521604584527221,0.414,0.2,3,0.04988768844410354,True,0.3222048192771084,1.845039502384008,-0.024730203271708245,164.31441437714676,0.2874104463276544,0.2217274896688202,0.915,0.016113822251005945,0.645,0.031556323597499006,0.5425,0.05879555879164,0.495,0.09523278564065789
sample_0021,spots,selfinhib,0.4521604584527221,0.414,0.2,4,0.5940718901832083,True,0.8843132530120482,1.7498782366571781,-0.23070087498632952,146.5123006358292,0.9557509651289244,1.136022350270648,1.0,0.006621491670842811,0.9975,0.025291188184728943,0.895,0.05232194658911456,0.6875,0.1076931882623473
sample_0021,spots,selfinhib,0.4521604584527221,0.414,0.2,5,0.00017440948127111117,True,0.41856626506024097,0.40617617042116194,-0.19920471208733764,116.51120589685489,0.07429706150652658,0.01102962574937438,1.0,0.00753044268657914,1.0,0.02794692433302654,0.9975,0.05490221562163533,0.865,0.10506043961285351
sample_0021,spots,selfinhib,0.4521604584527221,0.414,0.2,6,3.6546173702691e-05,True,0.4025060240963856,0.5683644186920951,-0.20164239236762843,231.3451667001228,0.10981595897671446,0.027763226820324626,1.0,0.010635864974297618,1.0,0.02719213468979902,1.0,0.049940869727439274,0.9725,0.10664165609447145
sample_0021,spots,selfinhib,0.4521604584527221,0.414,0.2,7,0.013605043049369596,True,0.45068674698795186,1.417670036957901,-0.4148014598184816,4941.837642801125,0.00325926656615056,0.08861533088877266,1.0,0.015350408077376554,1.0,0.025885948560700457,1.0,0.05247995463646607,0.9825,0.09359264846125898
sample_0021,spots,selfinhib,0.4521604584527221,0.414,0.2,8,5.125348580431764e-06,True,0.38644578313253014,0.43023612220729035,-0.36400624484287125,3131.6468937353184,0.14533485644690247,0.06655607939002377,1.0,0.01928509586828816,1.0,0.02828633945592578,1.0,0.05281819156398703,1.0,0.10131710875933159
sample_0021,spots,selfinhib,0.4521604584527221,0.414,0.2,9,0.3250036744297851,True,0.723710843373494,1.5637999052681266,-1.1482499575424026,132.9095833618028,0.6005619904270447,0.7480938245736571,1.0,0.009902436078220075,1.0,0.02575637027019858,1.0,0.049438686990216,0.975,0.10950192521908889
sample_0021,spots,selfinhib,0.4521604584527221,0.414,0.2,10,0.00019350521750396407,True,0.41856626506024097,0.7071901687895483,-0.21485354171409132,309.8256139102402,0.07429706150652658,0.01102962574937438,1.0,0.012750723974218956,1.0,0.02777416471369164,1.0,0.055351805589621814,1.0,0.10208625264335759
sample_0021,spots,selfinhib,0.4521604584527221,0.414,0.2,11,0.003664483474710257,True,0.4346265060240964,1.5889777288305815,-1.286153712067076,116.70205323630819,0.03877816403633857,0.04982247831907352,1.0,0.006782225278215195,1.0,0.02782609875034945,1.0,0.05155741950982863,0.985,0.11066723175826301
sample_0021,spots,selfinhib,0.4521604584527221,0.414,0.35,0,0.0002444199448184639,True,0.4025060240963856,0.41052756627948384,-0.4665978074153859,417.98764109025365,0.10981595897671446,0.027763226820324626,1.0,0.0,1.0,0.027720650740032344,1.0,0.05065995671869554,0.9975,0.09921529783235146
sample_0021,spots,selfinhib,0.4521604584527221,0.414,0.35,1,3.773546396121556e-05,True,0.4025060240963856,0.1977021288054459,-0.41265431309642264,606.1136554217246,0.10981595897671446,0.027763226820324626,1.0,0.0,1.0,0.02698277149874648,1.0,0.05156119515585766,0.995,0.1048622760481357
sample_0021,spots,selfinhib,0.4521604584527221,0.414,0.35,2,0.8982285883571656,True,1.0609759036144577,0.2784145138139138,-0.5493864942259074,34.676688126645836,1.3464588373009916,1.5627437285373378,1.0,0.007060508838898756,0.92,0.025728012234859324,0.745,0.053627083105730056,0.54,0.10947538720973699
sample_0021,spots,selfinhib,0.4521604584527221,0.414,0.35,3,3.969954956892933e-06,True,0.4025060240963856,0.32993481164405125,-0.5316546945956206,2542.955182007514,0.10981595897671446,0.027763226820324626,1.0,0.013816556546202808,1.0,0.027896205461811114,1.0,0.05419918736555444,1.0,0.09740770410465668
sample_0021,spots,selfinhib,0.4521604584527221,0.414,0.35,4,0.000492724598254271,True,0.41856626506024097,0.5179965658608694,-0.1973590066406783,1689.9885904068028,0.07429706150652658,0.01102962574937438,1.0,0.007300106179053456,1.0,0.026384870987388568,1.0,0.05226367233424259,0.9975,0.09689359897152848
sample_0021,spots,selfinhib,0.4521604584527221,0.414,0.35,5,0.0773729445417921,True,0.5470481927710844,0.7251578351973329,-0.2117377437279041,180.36836294705043,0.20985411825497727,0.3213724463069672,1.0,0.011083142219691188,1.0,0.02783212509165565,1.0,0.05056143781471003,0.99,0.1015936239531795
sample_0021,spots,selfinhib,0.4521604584527221,0.414,0.35,6,0.009461440343131594,True,0.3703855421686747,0.6130292172332581,-0.27720066498590684,256.0726971616436,0.1808537539170905,0.1053489319597229,1.0,0.0,1.0,0.02696944446295478,1.0,0.05875694410735852,0.9875,0.10283161942142252
sample_0021,spots,selfinhib,0.4521604584527221,0.414,0.35,7,0.8007513440321979,True,0.9646144578313254,0.9472769404124364,-0.2306061645744748,5256.553441929714,1.1333454524798643,1.3299866131191436,1.0,0.007563422450178745,1.0,0.02506333148927938,0.9925,0.04940147281995405,0.91,0.09568202292810751
sample_0021,spots,selfinhib,0.4521604584527221,0.414,0.35,8,3.3514936271393533e-06,True,0.4025060240963856,0.25488359642267966,-0.3700432816605854,2061.161639805801,0.10981595897671446,0.027763226820324626,1.0,0.009682549162116099,1.0,0.026775889884774206,1.0,0.05290149858724877,1.0,0.09887772071486173
sample_0021,spots,selfinhib,0.4521604584527221,0.414,0.35,9,0.0012436982949360687,True,0.41856626506024097,0.5796981374933452,-0.16881782652457533,1000.4374074558498,0.07429706150652658,0.01102962574937438,1.0,0.004260917703499804,1.0,0.026479183398706384,1.0,0.05554836688181645,1.0,0.09699075375400502
sample_0021,spots,selfinhib,0.4521604584527221,0.414,0.35,10,0.00026594647668021204,True,0.41856626506024097,0.22923835362614398,-0.3931214924105968,453.4527840841546,0.07429706150652658,0.01102962574937438,1.0,0.018159961445452594,1.0,0.030071740500520715,1.0,0.05533933350426148,0.98,0.10837022983260473
sample_0021,spots,selfinhib,0.4521604584527221,0.414,0.35,11,0.013163879325298205,True,0.46674698795180725,0.5589765205319779,-0.5106542321143542,194.38346931518169,0.03225963090403733,0.12740818345847166,1.0,0.017290834028885885,1.0,0.026657783144456212,1.0,0.05517473463528498,0.99,0.11118722412056764
sample_0022,spots,selfinhib,0.4722120343839542,0.453,0.0,0,0.2636935832358197,False,0.001,0.2508613372746833,0.25094555543587327,79.28659459745136,0.9978823072535528,0.9977924944812362,,,,,,,,
sample_0022,spots,selfinhib,0.4722120343839542,0.453,0.0,1,0.8781089068906932,False,0.001,0.09016777086793848,0.09017240596426745,11.798754867880483,0.9978823072535528,0.9977924944812362,,,,,,,,
sample_0022,spots,selfinhib,0.4722120343839542,0.453,0.0,2,4.242332621581929e-10,True,0.45068674698795186,0.17110481000318423,-0.12260923183604966,138.35643541849623,0.04558394498370662,0.005106518790393279,1.0,0.01772978226969511,1.0,0.02560596397074,1.0,0.050351487040136436,0.8775,0.10316562220210454
sample_0022,spots,selfinhib,0.4722120343839542,0.453,0.0,3,0.7109533869672705,True,1.0449156626506024,1.3845120684855772,-0.31263796038441893,415.6833872264485,1.212810319444304,1.3066570919439344,1.0,0.006714187516992212,0.995,0.02421196384356768,0.8975,0.04878392877230931,0.785,0.10334175544406654
sample_0022,spots,selfinhib,0.4722120343839542,0.453,0.0,4,0.012273604250584188,True,0.4025060240963856,0.01587273996202576,-0.8462034539040166,60.997074596463634,0.14761591236976157,0.11146573047155503,0.81,1.3791383956520593e-16,0.5775,0.0257280474618316,0.5575,0.05297827900373133,0.4625,0.09499391189748274
sample_0022,spots,selfinhib,0.4722120343839542,0.453,0.0,5,1.2762457525488999e-09,True,0.4346265060240964,0.09573589603472854,-0.003289610803355103,301.06077366638533,0.0795946007790583,0.04055958935078057,0.9,0.018134502413900775,0.5975,0.026942930779460545,0.57,0.0533147607479994,0.37,0.09021757575031068
sample_0022,spots,selfinhib,0.4722120343839542,0.453,0.0,6,0.00016308385891311133,True,0.4346265060240964,0.4631833364896636,-0.5329609718579431,214.62818625037008,0.0795946007790583,0.04055958935078057,1.0,0.018058061415787526,1.0,0.027036603070780874,1.0,0.05202486258604905,0.9825,0.09942345085871372
sample_0022,spots,selfinhib,0.4722120343839542,0.453,0.0,7,0.2438455588395293,True,0.723710843373494,0.787901429897282,-1.8372389992647427,687.5958601305123,0.5325972035372712,0.5975956807361898,1.0,0.010914961095669726,1.0,0.024481215577500805,1.0,0.05303597557803231,1.0,0.10624934530642369
sample_0022,spots,selfinhib,0.4722120343839542,0.453,0.0,8,1.0466065407833546e-08,True,0.45068674698795186,0.8473179243916533,-0.40004919992308197,129.5936866284945,0.04558394498370662,0.005106518790393279,1.0,0.005568479907224187,1.0,0.02728322412481642,1.0,0.05548190305112371,0.9625,0.1076807784933201
sample_0022,spots,selfinhib,0.4722120343839542,0.453,0.0,9,0.021671096048383697,True,0.5149277108433735,0.6153119279736536,-0.14292789869760592,250.99644775484398,0.0904586781976999,0.13670576345115565,1.0,0.0067869688834764855,1.0,0.024127060349191744,0.955,0.05085043348292825,0.7475,0.1047925946573933
sample_0022,spots,selfinhib,0.4722120343839542,0.453,0.0,10,1.9062125724683567,False,0.5470481927710844,2.306861315948318,0.6839212568878722,403.61476063154896,0.15847998978840327,0.2076119045719302,,,,,,,,
sample_0022,spots,selfinhib,0.4722120343839542,0.453,0.0,11,0.004495312945731543,True,0.4828072289156627,0.42888418401707185,-0.45758899899239625,51.94745202075789,0.022437366606996644,0.06579962233038118,1.0,0.0,0.9975,0.02714007740414335,0.9075,0.05236739862219325,0.625,0.10800014124765404
sample_0022,spots,selfinhib,0.4722120343839542,0.453,0.05,0,8.374918232336435e-05,True,0.45068674698795186,1.9502343872855228,-0.0037199254692412698,142.09757028310858,0.04558394498370662,0.005106518790393279,0.5475,0.0047686978284272015,0.5725,0.02666765143175356,0.5075,0.051528419106985524,0.5125,0.11779012796444362
sample_0022,spots,selfinhib,0.4722120343839542,0.453,0.05,1,1.5334017518281285e-09,True,0.4346265060240964,0.5341544169733243,-0.17429458405779247,350.0250528521943,0.0795946007790583,0.04055958935078057,1.0,0.005475509807759318,1.0,0.027439893153898144,0.995,0.05028527376033028,0.935,0.10239120104407216
sample_0022,spots,selfinhib,0.4722120343839542,0.453,0.05,2,0.9695331134446543,False,0.001,0.12943125766682195,0.12943856065531412,8.619230191150947,0.9978823072535528,0.9977924944812362,,,,,,,,
sample_0022,spots,selfinhib,0.4722120343839542,0.453,0.05,3,4.515767343074161e-05,True,0.45068674698795186,1.5079227952109164,-0.6769527586528894,366.04124477012437,0.04558394498370662,0.005106518790393279,1.0,0.009968154131642547,1.0,0.027470609205167616,1.0,0.051719917154183476,0.97,0.09891908931497123
sample_0022,spots,selfinhib,0.4722120343839542,0.453,0.05,4,5.563950247936395e-09,True,0.45068674698795186,0.29741184166100254,-0.10483450330001898,132.1282000285745,0.04558394498370662,0.005106518790393279,1.0,0.003546905809628011,1.0,0.026977878634009182,0.9425,0.05216129949330508,0.725,0.10728964441651555
sample_0022,spots,selfinhib,0.4722120343839542,0.453,0.05,5,4.126762761601796e-08,True,0.45068674698795186,0.13919658917478017,-1.8309552290387567,342.2850697299161,0.04558394498370662,0.005106518790393279,1.0,0.014491789279409233,1.0,0.029137831397845856,0.995,0.05613927753522636,0.8925,0.10355871420418086
sample_0022,spots,selfinhib,0.4722120343839542,0.453,0.05,6,3.205858074946058e-09,True,0.45068674698795186,0.8851685273682577,-0.8028700139904645,495.6155804951263,0.04558394498370662,0.005106518790393279,1.0,0.012792634857167706,1.0,0.02856518583790882,1.0,0.0500441070824753,0.9975,0.10147983612286654
sample_0022,spots,selfinhib,0.4722120343839542,0.453,0.05,7,0.4844106192307966,True,0.9003734939759037,2.078997666035299,-0.17429896135047818,268.68144005625567,0.9067144172861396,0.9875794569004497,1.0,0.005618218745785713,0.9775,0.025535182972475784,0.845,0.05480724732903182,0.63,0.10050185523661417
sample_0022,spots,selfinhib,0.4722120343839542,0.453,0.05,8,3.1628524753055e-07,True,0.45068674698795186,0.5250675594034888,-1.7004554182773497,137.71120283588738,0.04558394498370662,0.005106518790393279,1.0,0.004675558442769509,1.0,0.02915926879969491,1.0,0.056703879418389704,0.92,0.09713290904397795
sample_0022,spots,selfinhib,0.4722120343839542,0.453,0.05,9,0.9339874886916467,False,0.001,0.12226131929887263,0.12226760041555229,7.467246568116717,0.9978823072535528,0.9977924944812362,,,,,,,,
sample_0022,spots,selfinhib,0.4722120343839542,0.453,0.05,10,1.2013115818965628e-12,True,0.45068674698795186,0.3929464069172397,-0.12208646979981541,341.9452365580528,0.04558394498370662,0.005106518790393279,1.0,0.01407495576504904,1.0,0.025340602903834015,0.985,0.05283313029968412,0.8375,0.10918846947268547
sample_0022,spots,selfinhib,0.4722120343839542,0.453,0.05,11,3.8432259524068435e-05,False,0.4346265060240964,1.2303448946456221,0.0009857470631687848,164.14228412370838,0.0795946007790583,0.04055958935078057,,,,,,,,
sample_0022,spots,selfinhib,0.4722120343839542,0.453,0.1,0,1.484550014521432e-07,True,0.45068674698795186,0.4203608474237619,-1.8288958649043758,516.7821193572402,0.04558394498370662,0.005106518790393279,1.0,0.016955438303251923,1.0,0.027723432335495284,1.0,0.052383929772298894,0.9975,0.10618430147355636
sample_0022,spots,selfinhib,0.4722120343839542,0.453,0.1,1,0.016041711914015846,True,0.38644578313253014,2.770831426596814,-0.47215195107528096,1447.4270417859982,0.18162656816511324,0.14691880103194233,1.0,0.019277123584134134,1.0,0.02792218453128031,0.9675,0.05038776915289031,0.7925,0.10124364556501972
sample_0022,spots,selfinhib,0.4722120343839542,0.453,0.1,2,0.015734105781380434,True,0.5149277108433735,0.4204302993921516,-0.4577167536892861,95.11439325585376,0.0904586781976999,0.13670576345115565,1.0,0.014631681460711648,1.0,0.030177093474404042,0.965,0.05998701747230543,0.76,0.10690202574294702
sample_0022,spots,selfinhib,0.4722120343839542,0.453,0.1,3,4.831272371684369e-06,True,0.41856626506024097,0.5965103671156982,-0.9927424409830842,4158.843986053772,0.11360525657441,0.07601265991116786,1.0,0.004260917703499803,1.0,0.024837945078494458,1.0,0.051854284711431595,0.9525,0.09733606632948145
sample_0022,spots,selfinhib,0.4722120343839542,0.453,0.1,4,3.6072912662271076e-07,True,0.4346265060240964,0.12303525043491703,-1.3238896265375608,543.637070807119,0.0795946007790583,0.04055958935078057,1.0,1.277215044684371e-16,1.0,0.02680658270475678,1.0,0.05554019925842076,0.9825,0.10243607669687195
sample_0022,spots,selfinhib,0.4722120343839542,0.453,0.1,5,3.7516445804691934,False,0.8521927710843374,0.9264545079401003,0.9163569684003452,20.156926921367365,0.8046824499000845,0.8812202452192879,,,,,,,,
sample_0022,spots,selfinhib,0.4722120343839542,0.453,0.1,6,2.3482542761228333e-07,True,0.45068674698795186,0.8662285110877441,-1.0121770941603718,392.05294291622454,0.04558394498370662,0.005106518790393279,1.0,0.010358702417999178,1.0,0.02781572703284339,1.0,0.05409181709595472,0.995,0.11207973438193128
sample_0022,spots,selfinhib,0.4722120343839542,0.453,0.1,7,0.09427432338782998,True,0.30614457831325304,0.5128883376293594,-0.13037526640741426,1115.2113190313498,0.35167984714187145,0.32418415383387855,1.0,0.0,0.9275,0.026526387484430845,0.755,0.05236668356684126,0.64,0.09698027337428942
sample_0022,spots,selfinhib,0.4722120343839542,0.453,0.1,8,0.00010740622241339382,True,0.4346265060240964,0.1958317468742372,-0.08549241679875291,922.5361091537295,0.0795946007790583,0.04055958935078057,1.0,0.017945814793473833,1.0,0.024852177837150203,1.0,0.05172560340203331,0.925,0.10056212958671777
sample_0022,spots,selfinhib,0.4722120343839542,0.453,0.1,9,0.002391045181323433,True,0.46674698795180725,0.4625532117149511,-0.37925645747455583,20.01471817307331,0.011573289188355046,0.03034655176999389,1.0,0.014351281216141213,1.0,0.034222826587235744,0.9825,0.07007892887856214,0.7775,0.12143255995519392
sample_0022,spots,selfinhib,0.4722120343839542,0.453,0.1,10,8.249533953584492e-05,True,0.45068674698795186,0.5757507865958331,-0.7107113753392964,536.7150476542929,0.04558394498370662,0.005106518790393279,1.0,3.695104300420564e-16,1.0,0.027024212974610076,0.985,0.05279349450814851,0.905,0.10453853444288734
sample_0022,spots,selfinhib,0.4722120343839542,0.453,0.1,11,0.007352615235715326,True,0.41856626506024097,0.11054388094785139,-0.034500635219363196,355.9964635464973,0.11360525657441,0.07601265991116786,1.0,0.01641671355657626,0.9075,0.025892939042292333,0.595,0.05502663613786334,0.395,0.1017160467248544
sample_0022,spots,selfinhib,0.4722120343839542,0.453,0.2,0,7.929607747903383e-07,True,0.45068674698795186,0.4130743159537218,-2.3835014549637656,532.5389518433951,0.04558394498370662,0.005106518790393279,1.0,0.00739915620691239,1.0,0.02617998583560636,1.0,0.053076912599309425,1.0,0.10457455559548788
sample_0022,spots,selfinhib,0.4722120343839542,0.453,0.2,1,7.168257043639087e-06,True,0.45068674698795186,0.6520844474390195,-0.7952085885871725,76.14954351457409,0.04558394498370662,0.005106518790393279,1.0,3.695104300420564e-16,1.0,0.028937539453858543,1.0,0.0560175904950618,0.98,0.1097462273221413
sample_0022,spots,selfinhib,0.4722120343839542,0.453,0.2,2,8.548981672830923e-06,True,0.45068674698795186,0.6399880762902193,-0.8968652529391076,147.6346770430862,0.04558394498370662,0.005106518790393279,1.0,0.0017796820422622418,1.0,0.027077728252230718,1.0,0.05644116159354426,0.985,0.09870254792879873
sample_0022,spots,selfinhib,0.4722120343839542,0.453,0.2,3,2.3930286409710732e-06,True,0.45068674698795186,0.6142759876139579,-0.7121108645014491,208.68102713982637,0.04558394498370662,0.005106518790393279,1.0,0.003960904056523192,1.0,0.02768730843551547,1.0,0.05152148392353161,0.9975,0.10316073533387705
sample_0022,spots,selfinhib,0.4722120343839542,0.453,0.2,4,4.272905226009662e-05,True,0.45068674698795186,0.44363420034683543,-0.30076997233475444,663.3477695334255,0.04558394498370662,0.005106518790393279,1.0,0.005568479907224187,1.0,0.027253530140853334,0.9975,0.05138650471883598,0.965,0.10045994796588152
sample_0022,spots,selfinhib,0.4722120343839542,0.453,0.2,5,0.7770545170500143,False,0.9003734939759037,2.7380508286136163,0.26904457381504354,230.8452220136665,0.9067144172861396,0.9875794569004497,,,,,,,,
sample_0022,spots,selfinhib,0.4722120343839542,0.453,0.2,6,8.189601000207751e-07,True,0.4346265060240964,0.22976391435965482,-0.14722440781513074,248.4648923800666,0.0795946007790583,0.04055958935078057,1.0,0.014739273982019064,1.0,0.027647412973110196,1.0,0.05227689836656922,0.95,0.09938293813919497
sample_0022,spots,selfinhib,0.4722120343839542,0.453,0.2,7,3.989580247826322e-05,True,0.45068674698795186,0.32758593695563576,-0.9139152171654619,421.432393652287,0.04558394498370662,0.005106518790393279,1.0,3.695104300420564e-16,1.0,0.028642178376884483,1.0,0.054474607909971995,0.9625,0.11118959759861667
sample_0022,spots,selfinhib,0.4722120343839542,0.453,0.2,8,0.002535795192605502,True,0.46674698795180725,0.9197831325384982,-0.4642098264277035,884.222681193104,0.011573289188355046,0.03034655176999389,1.0,0.0029694670719864927,1.0,0.026367572254627495,1.0,0.05054811138991719,0.975,0.10626714861600939
sample_0022,spots,selfinhib,0.4722120343839542,0.453,0.2,9,0.12172737023058844,True,0.6273493975903615,0.7518820158994117,-1.6782917813757723,250.66834163721538,0.32853326876516137,0.3848772573738663,1.0,0.011382001851042333,1.0,0.02801947775011976,1.0,0.05654169743759473,0.975,0.10513417294189345
sample_0022,spots,selfinhib,0.4722120343839542,0.453,0.2,10,4.290054990978102e-06,True,0.45068674698795186,0.421404035381471,-0.531814456378177,1673.8071794080445,0.04558394498370662,0.005106518790393279,1.0,0.017557868545308965,1.0,0.025847060991460745,1.0,0.049805467459555684,1.0,0.0983691074232296
sample_0022,spots,selfinhib,0.4722120343839542,0.453,0.2,11,7.999802467753355e-06,True,0.4346265060240964,0.5784034905176085,-0.4761825583007844,1044.4197550951149,0.0795946007790583,0.04055958935078057,1.0,0.0018454506106519329,1.0,0.02659069776424533,1.0,0.05200025328263482,0.995,0.10217354295415768
sample_0022,spots,selfinhib,0.4722120343839542,0.453,0.35,0,1.3981471150844586e-05,True,0.45068674698795186,0.4687852617942809,-0.7260422808491338,218.70844220062895,0.04558394498370662,0.005106518790393279,1.0,0.0017796820422622418,1.0,0.025524197366294056,1.0,0.05372001261453069,0.9925,0.10330424016216959
sample_0022,spots,selfinhib,0.4722120343839542,0.453,0.35,1,1.0761617543192134e-05,True,0.4346265060240964,0.35160766358512063,-0.9463919029853046,2514.791946466857,0.0795946007790583,0.04055958935078057,1.0,1.277215044684371e-16,1.0,0.02626630864597123,1.0,0.051864013263400156,1.0,0.09873097591464054
sample_0022,spots,selfinhib,0.4722120343839542,0.453,0.35,2,0.18214415087368754,True,0.6915903614457831,0.47620524138816833,-0.07944643070900692,66.08256255327099,0.4645758919465679,0.5266895396154152,1.0,0.007428224791769641,0.98,0.026417792077412638,0.8025,0.05383182257124696,0.645,0.10588044078588923
sample_0022,spots,selfinhib,0.4722120343839542,0.453,0.35,3,0.14795427269768394,True,0.6594698795180723,0.7401287746401302,-1.2108773275375562,149.5926842228456,0.39655458035586477,0.4557833984946409,1.0,0.00433606168275869,1.0,0.02664571422568219,1.0,0.05392441498004715,0.985,0.10781836682454167
sample_0022,spots,selfinhib,0.4722120343839542,0.453,0.35,4,6.602885496949632e-06,True,0.4346265060240964,0.191214571797083,-0.37880028955151346,605.393711399134,0.0795946007790583,0.04055958935078057,1.0,0.0018451096783415968,1.0,0.025674096084502527,1.0,0.054801687584419986,1.0,0.09992018429526851
sample_0022,spots,selfinhib,0.4722120343839542,0.453,0.35,5,1.0663442291713983,True,1.2697590361445783,2.603811841413723,-0.5638832759357657,239.5033980087183,1.688959500579227,1.803000079789356,1.0,0.005937633920807784,1.0,0.025045210143884306,0.95,0.049685322533733,0.7825,0.10406504883616233
sample_0022,spots,selfinhib,0.4722120343839542,0.453,0.35,6,5.835412986398006e-06,True,0.45068674698795186,0.38785472606644333,-0.4972351733214102,282.3091956405535,0.04558394498370662,0.005106518790393279,1.0,0.018113082069684087,1.0,0.02687287560073332,1.0,0.05360152973020131,1.0,0.10033712553416826
sample_0022,spots,selfinhib,0.4722120343839542,0.453,0.35,7,0.00027488928826285575,True,0.45068674698795186,0.41506450645184856,-0.7753853022562054,1672.2932465733088,0.04558394498370662,0.005106518790393279,1.0,0.009695183496894933,1.0,0.025188524427045594,1.0,0.0535212354527418,1.0,0.09375930489712841
sample_0022,spots,selfinhib,0.4722120343839542,0.453,0.35,8,0.0006280006681144332,True,0.4346265060240964,0.32169360400051517,-0.2115110023477893,130.14854459095122,0.0795946007790583,0.04055958935078057,1.0,0.0018451096783415966,1.0,0.025531968790053764,0.9975,0.05375400774502118,0.9375,0.10074147818429041
sample_0022,spots,selfinhib,0.4722120343839542,0.453,0.35,9,2.065070950913731e-05,True,0.4346265060240964,0.35820616983270526,-0.7945685290556559,1540.9148739499633,0.0795946007790583,0.04055958935078057,1.0,1.277215044684371e-16,1.0,0.026394844221315213,1.0,0.05221038828176284,1.0,0.10100590251624457
sample_0022,spots,selfinhib,0.4722120343839542,0.453,0.35,10,1.1684877728790027e-06,True,0.45068674698795186,0.4382241258642807,-1.0467473232971916,542.4192604879663,0.04558394498370662,0.005106518790393279,1.0,0.017119402917515243,1.0,0.027809087728938774,1.0,0.05325432907034613,1.0,0.10182241536303492
sample_0022,spots,selfinhib,0.4722120343839542,0.453,0.35,11,0.011231782425231839,True,0.4988674698795181,1.2402649147883054,-0.22302478491430477,80.41368049830004,0.05644802240234822,0.10125269289076835,1.0,0.0022703536539962657,0.995,0.02615626677688329,0.92,0.05645430764192258,0.7375,0.11255734293967673
sample_0023,spots,selfinhib,0.3519025787965616,0.279,0.0,0,8.348030371249041e-09,True,0.2740240963855422,0.05927371640770751,-0.027942763928167302,29.25865512363879,0.22130693863440465,0.01783477998013556,0.995,0.028331473500833187,0.69,0.048592640418794825,0.3925,0.08929351120692382,0.2475,0.1396922884945342
sample_0023,spots,selfinhib,0.3519025787965616,0.279,0.0,1,1.4892001651724263e-10,True,0.2740240963855422,0.25358795179661353,-0.6623175028912607,52.49605754196633,0.22130693863440465,0.01783477998013556,1.0,2.0257762716296166e-16,1.0,0.03469432028625349,0.9775,0.062390516519652106,0.8225,0.11925704819917264
sample_0023,spots,selfinhib,0.3519025787965616,0.279,0.0,2,0.16312264309887586,False,0.3222048192771084,0.37847588115938624,0.18043629672701555,120.94883952560406,0.084391991729682,0.1548559830720731,,,,,,,,
sample_0023,spots,selfinhib,0.3519025787965616,0.279,0.0,3,1.817224203181094e-08,True,0.25796385542168676,0.2053142071512415,-0.0830358036279707,139.39362758862868,0.2669452542693123,0.07539836766420524,1.0,2.1518964794705528e-16,1.0,0.02883190124292024,0.95,0.05864107926816863,0.8,0.09946939383541548
sample_0023,spots,selfinhib,0.3519025787965616,0.279,0.0,4,0.029160945851710616,False,0.001,-0.04740338795832244,-0.047403226205879,258.84802182655966,0.9971583044278339,0.996415770609319,,,,,,,,
sample_0023,spots,selfinhib,0.3519025787965616,0.279,0.0,5,1.4111578190473757e-10,True,0.2740240963855422,0.07554911731677905,-0.052465819144912273,176.8636637658835,0.22130693863440465,0.01783477998013556,1.0,0.00821487022688397,1.0,0.030849999914817683,0.9975,0.05660446024338196,0.935,0.10596707596684113
sample_0023,spots,selfinhib,0.3519025787965616,0.279,0.0,6,0.15339801580456083,False,0.001,-0.1427808699629951,-0.14277821660207035,51.12373031088671,0.9971583044278339,0.996415770609319,,,,,,,,
sample_0023,spots,selfinhib,0.3519025787965616,0.279,0.0,7,1.2798929876496296e-11,True,0.2740240963855422,0.8321574125504139,-0.35546222868753574,183.84968629172874,0.22130693863440465,0.01783477998013556,1.0,2.0257762716296166e-16,1.0,0.02923098156974061,1.0,0.054904902790782965,0.8875,0.09947491203907548
sample_0023,spots,selfinhib,0.3519025787965616,0.279,0.0,8,4.626734465601746e-10,True,0.2740240963855422,0.6585217163799415,-0.32920036230329724,25.299094785939552,0.22130693863440465,0.01783477998013556,1.0,0.002926349072555984,0.995,0.03545613895415926,0.86,0.07138755429173768,0.71,0.11627927984988566
sample_0023,spots,selfinhib,0.3519025787965616,0.279,0.0,9,2.626503099201021e-14,True,0.2740240963855422,0.047439077193667245,-0.011355540240147732,49.520556808366265,0.22130693863440465,0.01783477998013556,1.0,2.0257762716296166e-16,0.755,0.03131778154471045,0.4875,0.05496582322579508,0.315,0.0918418609037194
sample_0023,spots,selfinhib,0.3519025787965616,0.279,0.0,10,7.238408413713181e-10,True,0.2740240963855422,0.1984549993967537,-0.3151578236089758,141.39766366516983,0.22130693863440465,0.01783477998013556,1.0,0.004135110614523349,1.0,0.030130176927003288,1.0,0.058185845811572004,0.9975,0.11147977399455364
sample_0023,spots,selfinhib,0.3519025787965616,0.279,0.0,11,0.030750699369175204,False,0.2740240963855422,0.3969366871980764,0.08017483997058561,700.4070789819235,0.22130693863440465,0.01783477998013556,,,,,,,,
sample_0023,spots,selfinhib,0.3519025787965616,0.279,0.05,0,5.185237859719145e-08,True,0.2740240963855422,0.11691393743704825,-0.5660983174762593,167.1215704539033,0.22130693863440465,0.01783477998013556,1.0,0.02651887644983174,1.0,0.03230702902885719,1.0,0.05626039446123454,0.975,0.11066930852609413
sample_0023,spots,selfinhib,0.3519025787965616,0.279,0.05,1,0.0161961509099317,False,0.22584337349397593,0.3485685256545352,0.031379341156321065,278.21009218966304,0.3582218855391275,0.19052554303234442,,,,,,,,
sample_0023,spots,selfinhib,0.3519025787965616,0.279,0.05,2,1.3994162587525504e-07,True,0.2740240963855422,0.5876285917192332,-0.29134129903854344,77.71019454296798,0.22130693863440465,0.01783477998013556,1.0,2.0257762716296166e-16,1.0,0.03046702887133478,0.9975,0.05914766524324708,0.8925,0.10889145177953022
sample_0023,spots,selfinhib,0.3519025787965616,0.279,0.05,3,1.1937484450239969e-09,True,0.2740240963855422,0.13169163332311395,-0.05939082687578279,287.4481711431438,0.22130693863440465,0.01783477998013556,1.0,0.02988506329049109,1.0,0.032496655649090316,0.9925,0.053527770271698936,0.905,0.10767786631927297
sample_0023,spots,selfinhib,0.3519025787965616,0.279,0.05,4,7.397994527599636e-07,True,0.2740240963855422,0.4796737572351275,-0.06903253909842683,20.208566629145334,0.22130693863440465,0.01783477998013556,1.0,0.0058280925471622625,0.98,0.03709910705994824,0.7675,0.0712805806012127,0.6025,0.12197698511690529
sample_0023,spots,selfinhib,0.3519025787965616,0.279,0.05,5,4.5899703498527905e-09,True,0.2740240963855422,0.07182287015392852,-0.20542766708577284,394.7068371750948,0.22130693863440465,0.01783477998013556,1.0,2.0257762716296166e-16,1.0,0.030331918517551258,0.9925,0.05185785622793406,0.89,0.09670666255500317
sample_0023,spots,selfinhib,0.3519025787965616,0.279,0.05,6,1.1636999121964218e-07,True,0.2740240963855422,0.6569900785004612,-0.09927659252053972,83.37867176404933,0.22130693863440465,0.01783477998013556,1.0,2.0257762716296166e-16,1.0,0.03140077118087815,0.8875,0.06178266652940475,0.65,0.10575007452198396
sample_0023,spots,selfinhib,0.3519025787965616,0.279,0.05,7,1.0185758411028174e-07,True,0.2740240963855422,0.2535155523208026,-0.0306228015158983,105.20239800634764,0.22130693863440465,0.01783477998013556,1.0,0.026598392437492846,0.9875,0.03266240712291314,0.885,0.05668602905062543,0.625,0.11640855903789092
sample_0023,spots,selfinhib,0.3519025787965616,0.279,0.05,8,4.7621293613359113e-08,True,0.2740240963855422,0.6270177582069669,-0.18867141215024885,109.17306746414494,0.22130693863440465,0.01783477998013556,1.0,2.0257762716296166e-16,1.0,0.03045405900223328,0.995,0.05731542407027095,0.86,0.11099597581547092
sample_0023,spots,selfinhib,0.3519025787965616,0.279,0.05,9,2.0940009829409296e-07,True,0.2740240963855422,0.5833886799096222,-0.10016269144971601,58.85825307074108,0.22130693863440465,0.01783477998013556,1.0,2.0257762716296166e-16,1.0,0.030503078818138605,0.93,0.057262074517220665,0.6675,0.10895591566898684
sample_0023,spots,selfinhib,0.3519025787965616,0.279,0.05,10,3.4695707704174265e-07,True,0.25796385542168676,0.03871585215544071,-0.15036219802113848,87.37575285778915,0.2669452542693123,0.07539836766420524,1.0,0.01016392462273387,1.0,0.03462091167655259,0.9975,0.06487742298982103,0.85,0.1205354775305845
sample_0023,spots,selfinhib,0.3519025787965616,0.279,0.05,11,1.8750056923755665e-06,True,0.2740240963855422,0.05303262072111625,-0.1844255111962081,109.17875657699156,0.22130693863440465,0.01783477998013556,1.0,2.0257762716296166e-16,1.0,0.03758427331173842,0.965,0.06276714782996554,0.7425,0.11874503718878612
sample_0023,spots,selfinhib,0.3519025787965616,0.279,0.1,0,2.3267299672267023e-08,True,0.25796385542168676,0.3602408566580113,-0.1249441899574042,614.2402130797176,0.2669452542693123,0.07539836766420524,1.0,2.1518964794705528e-16,1.0,0.028364935277978145,0.9975,0.0525280517112977,0.945,0.1029629423127998
sample_0023,spots,selfinhib,0.3519025787965616,0.279,0.1,1,2.193083718102121e-07,True,0.2740240963855422,0.6946022250441892,-0.29281214838565806,150.86965480531086,0.22130693863440465,0.01783477998013556,1.0,2.0257762716296166e-16,1.0,0.029928177699100868,1.0,0.0531413214939013,0.9375,0.09940459679083952
sample_0023,spots,selfinhib,0.3519025787965616,0.279,0.1,2,3.574120541421336e-08,True,0.25796385542168676,0.17776259481525614,-0.07091370998738009,319.40173554696895,0.2669452542693123,0.07539836766420524,1.0,2.1518964794705528e-16,1.0,0.026591917523734975,1.0,0.056787802859571454,0.9325,0.10284072641349207
sample_0023,spots,selfinhib,0.3519025787965616,0.279,0.1,3,0.5277580607384829,False,0.001,0.028070175153992794,0.028071911409172645,21.786692952301948,0.9971583044278339,0.996415770609319,,,,,,,,
sample_0023,spots,selfinhib,0.3519025787965616,0.279,0.1,4,6.675653890845391e-06,True,0.2740240963855422,0.057150053449933846,-0.2084689807665394,79.03687699517467,0.22130693863440465,0.01783477998013556,1.0,0.02627411025370574,1.0,0.03444461474501942,0.9975,0.06174978307149661,0.845,0.11337290684146645
sample_0023,spots,selfinhib,0.3519025787965616,0.279,0.1,5,1.2326810105641273e-06,True,0.2740240963855422,0.08750704680726606,-0.03797473651306671,31.46668591926377,0.22130693863440465,0.01783477998013556,1.0,2.0257762716296166e-16,1.0,0.03222020921991343,0.945,0.05524754912962147,0.7225,0.11681864053346852
sample_0023,spots,selfinhib,0.3519025787965616,0.279,0.1,6,3.22225869419157e-09,True,0.25796385542168676,0.1491755093242011,-0.02790744796676528,264.63752990155496,0.2669452542693123,0.07539836766420524,1.0,2.1518964794705528e-16,1.0,0.026968134863968093,0.96,0.05088058244053097,0.785,0.10141245243077375
sample_0023,spots,selfinhib,0.3519025787965616,0.279,0.1,7,8.87778315629619e-07,True,0.2740240963855422,0.2757236229435316,-0.4443088706179564,176.54876498158882,0.22130693863440465,0.01783477998013556,1.0,0.004135110614523349,1.0,0.03131728611066595,1.0,0.05576157419728938,0.9475,0.10931496956968026
sample_0023,spots,selfinhib,0.3519025787965616,0.279,0.1,8,0.3053060009576142,True,0.4828072289156627,0.9035040105100514,-0.015498683553689718,74.95484064859549,0.37199116461939413,0.7304918599127693,0.92,0.0029919568116052305,0.6075,0.02704590739530776,0.565,0.06078577156132888,0.5125,0.10567730787787219
sample_0023,spots,selfinhib,0.3519025787965616,0.279,0.1,9,6.676454360886187e-10,True,0.25796385542168676,0.3467350864785388,-0.06382495119908516,454.82583788960306,0.2669452542693123,0.07539836766420524,1.0,2.1518964794705528e-16,1.0,0.028148259650445782,0.9775,0.053972080913238615,0.795,0.09931746872361713
sample_0023,spots,selfinhib,0.3519025787965616,0.279,0.1,10,0.029381056273565083,False,0.001,0.014911984814294288,0.014915490131346298,79.8041353343825,0.9971583044278339,0.996415770609319,,,,,,,,
sample_0023,spots,selfinhib,0.3519025787965616,0.279,0.1,11,0.32736390446835273,False,0.3703855421686747,0.576331254683657,0.2325330162256143,108.40686565878059,0.05252295517504084,0.327546746124282,,,,,,,,
sample_0023,spots,selfinhib,0.3519025787965616,0.279,0.2,0,1.6813276885944308,False,0.6273493975903615,0.9438643244254354,0.5078671607148915,42.111148969807076,0.7827360053335625,1.2485641490693957,,,,,,,,
sample_0023,spots,selfinhib,0.3519025787965616,0.279,0.2,1,0.005145353317148921,True,0.2900843373493976,0.06895120681817613,-0.17259461867282333,29.374178244120333,0.17566862299949715,0.03972880770393392,1.0,0.016148628611273107,1.0,0.04004905080479007,0.8825,0.07780786889968072,0.59,0.12052864752830285
sample_0023,spots,selfinhib,0.3519025787965616,0.279,0.2,2,6.395028148833737e-06,True,0.2740240963855422,0.11940080883056403,-0.6572303995256712,296.30490875100406,0.22130693863440465,0.01783477998013556,1.0,0.014762541399883252,1.0,0.03142459067208291,1.0,0.057610146416729645,0.975,0.10565019144961406
sample_0023,spots,selfinhib,0.3519025787965616,0.279,0.2,3,0.0007107758006657105,True,0.2900843373493976,0.323505455970861,-0.3162677103159578,53.90562620446244,0.17566862299949715,0.03972880770393392,1.0,0.022063163197025202,1.0,0.033406851916545154,1.0,0.060311767689604036,0.955,0.10911584679156172
sample_0023,spots,selfinhib,0.3519025787965616,0.279,0.2,4,0.018399334659458713,False,0.001,0.011008552078689782,0.011008729743970935,42.7950207497226,0.9971583044278339,0.996415770609319,,,,,,,,
sample_0023,spots,selfinhib,0.3519025787965616,0.279,0.2,5,0.0008564732833900892,True,0.2740240963855422,0.6056372359285849,-0.21520598231271987,171.8578531622798,0.22130693863440465,0.01783477998013556,1.0,0.026150017727967264,1.0,0.030374808015688155,0.9975,0.054890414585256384,0.9075,0.1054193995604869
sample_0023,spots,selfinhib,0.3519025787965616,0.279,0.2,6,3.6624490960439586e-07,True,0.25796385542168676,0.08792587602097912,-0.12150969552547364,237.83058737943307,0.2669452542693123,0.07539836766420524,1.0,0.00439263332892487,1.0,0.03050694406459334,1.0,0.05652991160666045,1.0,0.10185518856951609
sample_0023,spots,selfinhib,0.3519025787965616,0.279,0.2,7,1.3358502910507919e-05,True,0.2740240963855422,0.2687283974131489,-0.16580275222949048,91.05188545651879,0.22130693863440465,0.01783477998013556,1.0,2.0257762716296166e-16,1.0,0.029976203930993026,0.9975,0.056170373604656355,0.9025,0.11243893809574129
sample_0023,spots,selfinhib,0.3519025787965616,0.279,0.2,8,4.663084447894279e-05,True,0.2740240963855422,0.2184236831592017,-0.44300149761440016,95.1783646194734,0.22130693863440465,0.01783477998013556,1.0,2.0257762716296166e-16,1.0,0.03045405900223328,1.0,0.0558828788145163,0.975,0.1069574046094829
sample_0023,spots,selfinhib,0.3519025787965616,0.279,0.2,9,1.9299290957696788e-05,True,0.2740240963855422,0.1512475245577054,-0.10188740972950261,142.66976440086611,0.22130693863440465,0.01783477998013556,1.0,2.0257762716296166e-16,1.0,0.03065699348473381,1.0,0.05408837179726933,0.925,0.09825383425938257
sample_0023,spots,selfinhib,0.3519025787965616,0.279,0.2,10,7.031703145345254e-07,True,0.25796385542168676,0.3550576947067938,-1.2909454803591618,2269.8513334739846,0.2669452542693123,0.07539836766420524,1.0,0.004389899426686955,1.0,0.030996742992496044,1.0,0.05702084416021915,1.0,0.10408984087867729
sample_0023,spots,selfinhib,0.3519025787965616,0.279,0.2,11,4.387239137978746e-08,True,0.2740240963855422,0.1102844821947544,-0.08047166862508887,171.73663051609034,0.22130693863440465,0.01783477998013556,1.0,0.03020287233240983,1.0,0.03134113391609927,1.0,0.056752617872003225,0.975,0.11199310801213008
sample_0023,spots,selfinhib,0.3519025787965616,0.279,0.35,0,2.253989694256477e-06,True,0.25796385542168676,0.10516652784409786,-0.09822478274738852,133.20603407832368,0.2669452542693123,0.07539836766420524,1.0,0.02806887505170423,1.0,0.031716433885839494,1.0,0.056230252321197854,0.9825,0.1022930737626998
sample_0023,spots,selfinhib,0.3519025787965616,0.279,0.35,1,0.00038267410932080594,True,0.2740240963855422,0.07856364133853377,-0.24859446789330764,87.15942217150301,0.22130693863440465,0.01783477998013556,1.0,2.0257762716296166e-16,1.0,0.030348629140043597,1.0,0.05640660392283198,0.945,0.11056503424322857
sample_0023,spots,selfinhib,0.3519025787965616,0.279,0.35,2,0.0005536747774759095,True,0.22584337349397593,0.01774940656036872,-0.12859381591495356,313.15287488520863,0.3582218855391275,0.19052554303234442,1.0,0.0,1.0,0.029366435747001936,1.0,0.058830890192261294,0.965,0.10224655114058365
sample_0023,spots,selfinhib,0.3519025787965616,0.279,0.35,3,4.680932910688373e-05,True,0.2740240963855422,0.22156756987979342,-0.14425087882684595,159.4364400389416,0.22130693863440465,0.01783477998013556,1.0,2.0257762716296166e-16,1.0,0.0266121129233578,1.0,0.05353756465764918,0.97,0.10065752990399926
sample_0023,spots,selfinhib,0.3519025787965616,0.279,0.35,4,0.0020545107918592408,True,0.2900843373493976,0.15946900829566024,-0.11029816152394503,48.538436457598436,0.17566862299949715,0.03972880770393392,1.0,0.006155339237386869,1.0,0.031198470768974623,0.9975,0.057965014941825294,0.8525,0.10277732229820612
sample_0023,spots,selfinhib,0.3519025787965616,0.279,0.35,5,9.209190115721663e-05,True,0.24190361445783135,0.05047651600317504,-0.3788084217019587,636.1234359150936,0.3125835699042199,0.13296195534827482,1.0,2.2947631996186864e-16,1.0,0.030207554219436814,1.0,0.05689863404719646,0.995,0.10449422750286488
sample_0023,spots,selfinhib,0.3519025787965616,0.279,0.35,6,2.4296964439042353e-05,True,0.2740240963855422,0.152706952240643,-0.17046896580861065,267.63369292713566,0.22130693863440465,0.01783477998013556,1.0,0.025574145735086953,1.0,0.030367134889161894,1.0,0.05584548838617667,0.995,0.10558770675269998
sample_0023,spots,selfinhib,0.3519025787965616,0.279,0.35,7,2.9249073171024786e-06,True,0.25796385542168676,0.11653123089595052,-0.39213953930369194,338.5365200138789,0.2669452542693123,0.07539836766420524,1.0,0.024707570982083323,1.0,0.03184567906800298,1.0,0.05639924308305017,1.0,0.10538788249309265
sample_0023,spots,selfinhib,0.3519025787965616,0.279,0.35,8,0.0024185281595638037,True,0.2900843373493976,0.4210873621519031,-0.37291056736578587,274.8487114461193,0.17566862299949715,0.03972880770393392,1.0,0.0,1.0,0.029467109177833177,1.0,0.05153783978255494,0.9925,0.09760461443192768
sample_0023,spots,selfinhib,0.3519025787965616,0.279,0.35,9,0.0002251936539749075,True,0.1616024096385542,0.07593632694190688,-0.13804621259232208,7208.577575431285,0.5407751480787579,0.42077989376862296,1.0,0.009878486925787806,1.0,0.04590224121203642,1.0,0.05553120803505422,1.0,0.09984927501951753
sample_0023,spots,selfinhib,0.3519025787965616,0.279,0.35,10,0.0002181646877638173,True,0.2740240963855422,0.17782238342446988,-0.186015493032065,296.46458736049044,0.22130693863440465,0.01783477998013556,1.0,2.0257762716296166e-16,1.0,0.030251570273478627,1.0,0.052151996788531815,1.0,0.10600494522991157
sample_0023,spots,selfinhib,0.3519025787965616,0.279,0.35,11,0.00021486836391423962,True,0.2740240963855422,0.1656387482017987,-0.18204190165744416,125.4964189906166,0.22130693863440465,0.01783477998013556,1.0,2.0257762716296166e-16,1.0,0.03009106945943363,1.0,0.05558096213568699,0.965,0.10242616714110823
sample_0024,labyrinth,selfinhib,0.3819799426934098,0.367,0.0,0,2.872569185929243e-12,True,0.3703855421686747,0.03123549421733829,-0.013143369649446512,26.748442097006443,0.030353427572612515,0.00922491054134797,0.99,0.022024759474576994,0.69,0.05137002992257469,0.4175,0.08373236492732722,0.2475,0.13629513655215572
sample_0024,labyrinth,selfinhib,0.3819799426934098,0.367,0.0,1,2.2018986654391854e-10,True,0.3543253012048193,0.07132263694804353,-0.10772662868685284,50.41181798968554,0.07239815078664234,0.03453596401956589,1.0,3.1333439098197135e-16,1.0,0.028177204264170197,0.9725,0.05338715997952504,0.8325,0.10354574631908921
sample_0024,labyrinth,selfinhib,0.3819799426934098,0.367,0.0,2,0.0048388501898903305,False,0.3703855421686747,0.47489235895074344,0.004862037242446826,93.68151666188396,0.030353427572612515,0.00922491054134797,,,,,,,,
sample_0024,labyrinth,selfinhib,0.3819799426934098,0.367,0.0,3,0.0003083355284989348,False,0.33826506024096387,0.013754248272299208,0.006101328304786158,28.58169972087115,0.11444287400067231,0.07829683858047991,,,,,,,,
sample_0024,labyrinth,selfinhib,0.3819799426934098,0.367,0.0,4,0.0007500986423312581,False,0.22584337349397593,0.010202923849762513,0.009563784954635501,94.07071737221203,0.40875593649888164,0.38462296050687755,,,,,,,,
sample_0024,labyrinth,selfinhib,0.3819799426934098,0.367,0.0,5,2.945574375926487e-11,True,0.3543253012048193,0.12763383243118254,-0.004434531752387061,16.16514043274287,0.07239815078664234,0.03453596401956589,0.955,0.009062819793912463,0.595,0.03339644524808251,0.5275,0.06530194082152548,0.4425,0.12775097500221783
sample_0024,labyrinth,selfinhib,0.3819799426934098,0.367,0.0,6,3.608226829012211e-11,True,0.3543253012048193,0.08814366058987755,-0.10862061808926349,20.544597236078324,0.07239815078664234,0.03453596401956589,1.0,3.1333439098197135e-16,1.0,0.035392194853818386,0.9725,0.0681455920882555,0.7975,0.1215877357721828
sample_0024,labyrinth,selfinhib,0.3819799426934098,0.367,0.0,7,1.020584376928994e-12,True,0.3543253012048193,0.15416525128646663,-0.005655115004785882,35.00528867599283,0.07239815078664234,0.03453596401956589,0.75,0.015780364986654805,0.5925,0.032109529230864374,0.5025,0.05317843333252489,0.4475,0.10537980259036483
sample_0024,labyrinth,selfinhib,0.3819799426934098,0.367,0.0,8,9.152260345267209e-11,True,0.3543253012048193,0.024693845635549216,-0.2358256455218859,42.93407824959939,0.07239815078664234,0.03453596401956589,1.0,0.0055132668241963025,0.995,0.03278691360821194,0.875,0.06273832900908356,0.7025,0.11751756757740955
sample_0024,labyrinth,selfinhib,0.3819799426934098,0.367,0.0,9,1.3024927068772897e-12,True,0.3543253012048193,0.02631027298213695,-0.2415351938753778,54.03167733761339,0.07239815078664234,0.03453596401956589,1.0,0.009125947016619796,0.9275,0.030251470541145922,0.7525,0.054396212156863015,0.6175,0.1003430093684615
sample_0024,labyrinth,selfinhib,0.3819799426934098,0.367,0.0,10,0.008735306494309506,False,0.001,0.010482981015192294,0.01048307153619188,263.53119738988505,0.9973820614953005,0.997275204359673,,,,,,,,
sample_0024,labyrinth,selfinhib,0.3819799426934098,0.367,0.0,11,3.029368553236738e-10,True,0.3703855421686747,0.052121195993599656,-0.4294671721366239,15.565407709525205,0.030353427572612515,0.00922491054134797,0.9925,0.013109108380290013,0.645,0.031023896064515482,0.5675,0.06124535872542647,0.495,0.10967669411031414
sample_0024,labyrinth,selfinhib,0.3819799426934098,0.367,0.05,0,0.0006210223997420677,True,0.3703855421686747,0.5344524204598136,-0.13991243495487282,116.96990490718237,0.030353427572612515,0.00922491054134797,1.0,0.02096328813030062,0.995,0.031137855494527127,0.79,0.054840036961115,0.6175,0.1043087994653677
sample_0024,labyrinth,selfinhib,0.3819799426934098,0.367,0.05,1,0.0001940413025332624,True,0.3703855421686747,0.44154741970490274,-0.01232227603291891,37.13256431085008,0.030353427572612515,0.00922491054134797,0.9675,0.006887230423540648,0.665,0.02958996790745002,0.5575,0.05278476815542616,0.5425,0.11613832802206334
sample_0024,labyrinth,selfinhib,0.3819799426934098,0.367,0.05,2,1.8326507592744732e-07,True,0.3543253012048193,0.1533991193904356,-0.135722825240566,63.57243715311577,0.07239815078664234,0.03453596401956589,1.0,0.009661959927421674,1.0,0.028557017036683213,0.985,0.05935289634274208,0.89,0.10852771034485052
sample_0024,labyrinth,selfinhib,0.3819799426934098,0.367,0.05,3,1.4107254216480864e-06,True,0.3543253012048193,0.09549244453283734,-0.17700454098545504,38.31798488467443,0.07239815078664234,0.03453596401956589,1.0,0.003196303578534529,1.0,0.03658220436008198,0.94,0.06177901332488667,0.71,0.11979401679500454
sample_0024,labyrinth,selfinhib,0.3819799426934098,0.367,0.05,4,8.160228637916753e-08,True,0.33826506024096387,0.02254567392142004,-0.006639603292556195,53.21455707060143,0.11444287400067231,0.07829683858047991,0.9975,0.019853841239006877,0.7325,0.040683984509710794,0.5825,0.07435376797658737,0.3825,0.12979647237116013
sample_0024,labyrinth,selfinhib,0.3819799426934098,0.367,0.05,5,0.7612547774798453,False,0.001,0.04475390885933539,0.04475710160804636,4.305704638821444,0.9973820614953005,0.997275204359673,,,,,,,,
sample_0024,labyrinth,selfinhib,0.3819799426934098,0.367,0.05,6,1.0415246848046435e-07,True,0.3543253012048193,0.08775848928141361,-0.2814458312273871,111.34348368591975,0.07239815078664234,0.03453596401956589,1.0,0.015205643813056788,1.0,0.028885226723558526,1.0,0.0551700150700176,0.9675,0.11217872102161437
sample_0024,labyrinth,selfinhib,0.3819799426934098,0.367,0.05,7,0.00037861652687018097,True,0.3703855421686747,0.190221955305236,-0.20958469444931938,12.825840255502003,0.030353427572612515,0.00922491054134797,1.0,0.006464620728086777,0.99,0.042704459978192146,0.885,0.07118222584331386,0.5675,0.13391332677100426
sample_0024,labyrinth,selfinhib,0.3819799426934098,0.367,0.05,8,0.013129711805434553,False,0.33826506024096387,-0.03372409851966385,-0.04899060078809803,60.013131135608106,0.11444287400067231,0.07829683858047991,,,,,,,,
sample_0024,labyrinth,selfinhib,0.3819799426934098,0.367,0.05,9,0.1231495274274863,False,0.4025060240963856,0.34510592542476104,0.16264599618676634,9.680173888494936,0.05373601885544742,0.096746659663176,,,,,,,,
sample_0024,labyrinth,selfinhib,0.3819799426934098,0.367,0.05,10,1.3654087692149784e-05,True,0.3703855421686747,0.07145513651660451,-0.12065161868481922,45.816960854080826,0.030353427572612515,0.00922491054134797,1.0,0.01749607880454396,0.995,0.04110003896766383,0.8025,0.07554849275207368,0.525,0.12696507505779372
sample_0024,labyrinth,selfinhib,0.3819799426934098,0.367,0.05,11,4.911483884148015e-07,True,0.3543253012048193,0.08591086948512583,-0.3980216485400305,110.31604375964116,0.07239815078664234,0.03453596401956589,1.0,0.0031963035785345286,1.0,0.030145540236868825,0.9975,0.057103966607391254,0.8675,0.11357978817499792
sample_0024,labyrinth,selfinhib,0.3819799426934098,0.367,0.1,0,4.280464972902836e-06,True,0.3543253012048193,0.25615809810130785,-0.06399793587714087,45.68000429450373,0.07239815078664234,0.03453596401956589,1.0,0.003196303578534529,1.0,0.03072491586055397,0.955,0.057362614222551664,0.77,0.11971630002969245
sample_0024,labyrinth,selfinhib,0.3819799426934098,0.367,0.1,1,0.00030843381806829425,True,0.3703855421686747,0.0393308663034766,-0.07013822669081549,33.01041133492653,0.030353427572612515,0.00922491054134797,1.0,0.009242144226951028,0.9825,0.04414175735990203,0.7375,0.08317491842524076,0.4525,0.11555837803843759
sample_0024,labyrinth,selfinhib,0.3819799426934098,0.367,0.1,2,5.016419441216099e-07,True,0.3543253012048193,0.09645301598226874,-0.058035260824769286,58.717934230714754,0.07239815078664234,0.03453596401956589,1.0,0.006351434228859926,1.0,0.02845606469029437,1.0,0.0581557202772991,0.89,0.10760840095117247
sample_0024,labyrinth,selfinhib,0.3819799426934098,0.367,0.1,3,0.00019809495136798388,True,0.3703855421686747,0.24973746192833257,-0.35175847115918235,96.29144360543471,0.030353427572612515,0.00922491054134797,1.0,0.018358761810687237,1.0,0.03283680791228151,0.9725,0.05940683592743602,0.82,0.10376342705532558
sample_0024,labyrinth,selfinhib,0.3819799426934098,0.367,0.1,4,4.2382212844433625e-08,True,0.3543253012048193,0.13307492764307938,-0.04842452328487923,103.11541678138065,0.07239815078664234,0.03453596401956589,1.0,0.002263734885953458,1.0,0.02833734157749345,0.9925,0.05874125974113107,0.875,0.10191497245211902
sample_0024,labyrinth,selfinhib,0.3819799426934098,0.367,0.1,5,3.8684749197639797e-05,True,0.3543253012048193,0.08136497759556205,-0.10504963533000722,16.288406131115675,0.07239815078664234,0.03453596401956589,1.0,0.01382910400929919,1.0,0.03405625905884105,0.9875,0.06820171045878616,0.735,0.12628456288184078
sample_0024,labyrinth,selfinhib,0.3819799426934098,0.367,0.1,6,0.0003660475739915242,True,0.3703855421686747,0.16420934443773172,-0.18741611154888116,56.4600565831621,0.030353427572612515,0.00922491054134797,1.0,0.010324497865451466,1.0,0.03502153317152734,0.93,0.06080238205544009,0.73,0.11109893668187008
sample_0024,labyrinth,selfinhib,0.3819799426934098,0.367,0.1,7,4.012983189055461e-06,True,0.3543253012048193,0.1320955448215857,-0.2454876926744105,72.15102129723795,0.07239815078664234,0.03453596401956589,1.0,0.002263734885953458,1.0,0.02944051767623943,0.9975,0.058638297755832035,0.8925,0.11447946758540252
sample_0024,labyrinth,selfinhib,0.3819799426934098,0.367,0.1,8,1.739736742339783e-06,True,0.3543253012048193,0.08440526983508789,-0.03739115360451173,45.19424603411381,0.07239815078664234,0.03453596401956589,1.0,0.002263734885953458,1.0,0.03037406141865164,0.9775,0.05689541117232497,0.7875,0.10789775774479851
sample_0024,labyrinth,selfinhib,0.3819799426934098,0.367,0.1,9,0.0009214682645877667,True,0.3703855421686747,0.07219021958376315,-0.2760811912384793,11.6587091539684,0.030353427572612515,0.00922491054134797,1.0,0.011208844892187965,0.9975,0.04858877034061732,0.795,0.08497984221233934,0.4775,0.12619796910668293
sample_0024,labyrinth,selfinhib,0.3819799426934098,0.367,0.1,10,0.00014618860756438235,True,0.3703855421686747,0.10524798814186287,-0.5666147331960731,24.556268702993695,0.030353427572612515,0.00922491054134797,1.0,0.010524518540818314,0.9975,0.04061397683294998,0.9325,0.06828140840822122,0.69,0.12919403153713485
sample_0024,labyrinth,selfinhib,0.3819799426934098,0.367,0.1,11,2.4765572270045076e-06,True,0.3543253012048193,0.1315356731447035,-0.3472468388460106,77.952956090072,0.07239815078664234,0.03453596401956589,1.0,3.1333439098197135e-16,1.0,0.03146949434007664,1.0,0.06048309138384833,0.9675,0.10644863406948718
sample_0024,labyrinth,selfinhib,0.3819799426934098,0.367,0.2,0,1.0380941537449022e-05,True,0.3543253012048193,0.10196373534335734,-0.24367212409944106,97.96485457942441,0.07239815078664234,0.03453596401956589,1.0,3.1333439098197135e-16,1.0,0.027940235712689717,1.0,0.05759656472546836,0.96,0.10990176582419306
sample_0024,labyrinth,selfinhib,0.3819799426934098,0.367,0.2,1,0.15621558169119523,True,0.5470481927710844,0.15815258088331507,-0.2599423113225887,12.884088793987045,0.4321385277817167,0.4905945307114017,1.0,0.01494229422082501,0.9975,0.042433603014794326,0.905,0.07740853317420002,0.585,0.1282702182455479
sample_0024,labyrinth,selfinhib,0.3819799426934098,0.367,0.2,2,1.4164596872490947e-05,True,0.3543253012048193,0.1282666355036426,-0.09937172759962931,73.60376550562623,0.07239815078664234,0.03453596401956589,1.0,3.1333439098197135e-16,1.0,0.029303437913150102,1.0,0.05511312092807149,0.9575,0.11121080411672425
sample_0024,labyrinth,selfinhib,0.3819799426934098,0.367,0.2,3,3.8420191066215e-06,True,0.3543253012048193,0.10612195583052308,-0.05660203513783202,58.31387240153206,0.07239815078664234,0.03453596401956589,1.0,3.1333439098197135e-16,1.0,0.027642411899583795,0.995,0.058145792773453636,0.85,0.10443016802206939
sample_0024,labyrinth,selfinhib,0.3819799426934098,0.367,0.2,4,9.332564900473305e-06,True,0.33826506024096387,0.07548937551498014,-0.0989612448333832,86.79945174833277,0.11444287400067231,0.07829683858047991,1.0,0.022905515189982364,1.0,0.028776367696104768,1.0,0.05644712806125178,0.99,0.10988868833392074
sample_0024,labyrinth,selfinhib,0.3819799426934098,0.367,0.2,5,0.00019306914181909618,True,0.3703855421686747,0.19612050370688383,-0.22570119297735403,43.718009365183164,0.030353427572612515,0.00922491054134797,1.0,0.012298987907836656,1.0,0.031210992222054774,1.0,0.05626765517533103,0.9375,0.10998336919050465
sample_0024,labyrinth,selfinhib,0.3819799426934098,0.367,0.2,6,0.00036593680394921544,True,0.3703855421686747,0.15977230775821205,-0.7587422236866299,73.62340747739304,0.030353427572612515,0.00922491054134797,1.0,0.004316224078891543,1.0,0.03064924541488429,0.9975,0.061936576308105395,0.885,0.11138954410954413
sample_0024,labyrinth,selfinhib,0.3819799426934098,0.367,0.2,7,0.0022193947093992325,True,0.38644578313253014,0.04540211445465836,-0.036698766166719965,58.67206742246165,0.011691295641417451,0.052985785102261984,1.0,0.019853085462970405,0.92,0.0434758241656735,0.6925,0.08094938794189813,0.3925,0.136265416507723
sample_0024,labyrinth,selfinhib,0.3819799426934098,0.367,0.2,8,0.00011545200671416313,True,0.3543253012048193,0.05586649396630072,-0.28589161907640026,62.038966934434775,0.07239815078664234,0.03453596401956589,1.0,3.1333439098197135e-16,1.0,0.0317589066259318,0.9975,0.06027123997887668,0.8525,0.11787973669841283
sample_0024,labyrinth,selfinhib,0.3819799426934098,0.367,0.2,9,6.285631974193065e-07,True,0.3543253012048193,0.11576068809495599,-0.08467171866009504,88.1277163574208,0.07239815078664234,0.03453596401956589,1.0,3.1333439098197135e-16,1.0,0.027536671742778004,1.0,0.05586944464256178,0.9275,0.10583922771243562
sample_0024,labyrinth,selfinhib,0.3819799426934098,0.367,0.2,10,2.2136464504589895e-05,True,0.30614457831325304,0.031153240459265596,-0.02610196571269774,703.9195819202706,0.1985323204287321,0.16581858770230778,1.0,0.0,1.0,0.030296254942295327,0.9525,0.057072516253874904,0.82,0.10990230196643157
sample_0024,labyrinth,selfinhib,0.3819799426934098,0.367,0.2,11,0.3167241564729523,False,0.001,0.019495613464854733,0.019496059925629305,37.49247547944175,0.9973820614953005,0.997275204359673,,,,,,,,
sample_0024,labyrinth,selfinhib,0.3819799426934098,0.367,0.35,0,0.0005092222589987537,True,0.3703855421686747,0.12806925963018756,-0.21608030462359884,82.60087212973987,0.030353427572612515,0.00922491054134797,1.0,0.01723951007889962,1.0,0.029463132988798855,1.0,0.05821355414436203,0.9675,0.10776229328699191
sample_0024,labyrinth,selfinhib,0.3819799426934098,0.367,0.35,1,0.3307998664831193,False,0.001,0.014435897991586621,0.014436369090237378,13.849283139316125,0.9973820614953005,0.997275204359673,,,,,,,,
sample_0024,labyrinth,selfinhib,0.3819799426934098,0.367,0.35,2,0.009098648255689928,False,0.001,0.007891616120095257,0.007891707059439756,212.95635107627413,0.9973820614953005,0.997275204359673,,,,,,,,
sample_0024,labyrinth,selfinhib,0.3819799426934098,0.367,0.35,3,4.396601331002555e-05,True,0.3543253012048193,0.10308317725116556,-0.11832123879716794,115.95287061152196,0.07239815078664234,0.03453596401956589,1.0,0.004511951092331373,1.0,0.02818068833356308,1.0,0.05172319670758719,0.95,0.10530395953967873
sample_0024,labyrinth,selfinhib,0.3819799426934098,0.367,0.35,4,1.0851037757204711e-05,True,0.3543253012048193,0.262450872558583,-0.40191528035634255,188.13991625892072,0.07239815078664234,0.03453596401956589,1.0,0.01133703515757912,1.0,0.028521408688937624,1.0,0.0513819065379096,0.99,0.0995155946347677
sample_0024,labyrinth,selfinhib,0.3819799426934098,0.367,0.35,5,8.832867597638947e-06,True,0.33826506024096387,0.04045735861754984,-0.07127897210591216,132.07877716379767,0.11444287400067231,0.07829683858047991,1.0,3.2821096681823607e-16,1.0,0.02984805831197388,1.0,0.05741487583792968,0.9375,0.10538067119378439
sample_0024,labyrinth,selfinhib,0.3819799426934098,0.367,0.35,6,0.027753898782950464,False,0.41856626506024097,0.09859628238905849,0.016665663764900307,13.306173104928298,0.09578074206947725,0.14050753422408988,,,,,,,,
sample_0024,labyrinth,selfinhib,0.3819799426934098,0.367,0.35,7,0.00015627350227832013,True,0.3222048192771084,0.03662761438564566,-0.09916713693786727,177.1523752987768,0.15648759721470226,0.12205771314139392,1.0,0.018300719600158662,1.0,0.028620709336143545,1.0,0.05660453091322637,1.0,0.10915407541803125
sample_0024,labyrinth,selfinhib,0.3819799426934098,0.367,0.35,8,0.003837059822985572,True,0.38644578313253014,0.04006462369931363,-0.04339234679193771,44.5101075475473,0.011691295641417451,0.052985785102261984,1.0,0.009547453032190968,0.92,0.04760780117784031,0.6275,0.07787012829373943,0.3875,0.15227062065914337
sample_0024,labyrinth,selfinhib,0.3819799426934098,0.367,0.35,9,4.8281470610281316e-05,True,0.3543253012048193,0.11561104264548927,-0.11597944980126496,94.65653857693863,0.07239815078664234,0.03453596401956589,1.0,3.1333439098197135e-16,1.0,0.027744515675568952,1.0,0.05547470989452771,0.9575,0.10408576277105872
sample_0024,labyrinth,selfinhib,0.3819799426934098,0.367,0.35,10,0.0033890067034684467,False,0.3703855421686747,0.17255375256018723,0.026358250692278817,42.16640738152701,0.030353427572612515,0.00922491054134797,,,,,,,,
sample_0024,labyrinth,selfinhib,0.3819799426934098,0.367,0.35,11,4.8732258196971805e-09,True,0.33826506024096387,0.07418056944235385,-0.041899238879316236,104.9267530420304,0.11444287400067231,0.07829683858047991,1.0,0.004721786719950689,1.0,0.02968169545354655,0.995,0.056294329672961774,0.9125,0.10368913010974737
sample_0025,labyrinth,selfinhib,0.42208309455587395,0.441,0.0,0,2.7076163426211947e-13,True,0.4346265060240964,0.030569248613527833,-0.06738350759365194,204.08681113296166,0.02971787221523512,0.014452367292298386,1.0,1.277215044684371e-16,0.8,0.02794300786814544,0.55,0.0566385048959424,0.425,0.1065976975209079
sample_0025,labyrinth,selfinhib,0.42208309455587395,0.441,0.0,1,0.10583253217763201,True,0.6112891566265061,0.6781142968305223,-0.21569089282217307,14.530423206970411,0.4482673305589728,0.3861432123050024,1.0,0.010946657060407566,1.0,0.03785644571253805,0.8975,0.07065627097979488,0.6025,0.12346973853805195
sample_0025,labyrinth,selfinhib,0.42208309455587395,0.441,0.0,2,4.2700030187201355e-10,True,0.4346265060240964,0.3177100710055889,-0.029288362572938542,159.27520323803046,0.02971787221523512,0.014452367292298386,1.0,0.004107334311040608,1.0,0.02836231081362958,1.0,0.05419692825027952,0.9725,0.10430917547760413
sample_0025,labyrinth,selfinhib,0.42208309455587395,0.441,0.0,3,4.0418470239914565e-10,True,0.4346265060240964,0.3184958848215782,-0.12539367423645742,162.7822392383638,0.02971787221523512,0.014452367292298386,1.0,1.277215044684371e-16,1.0,0.026676646481946936,0.9825,0.05206172279851465,0.8275,0.1035955293260578
sample_0025,labyrinth,selfinhib,0.42208309455587395,0.441,0.0,4,1.4439362887946962e-08,True,0.46674698795180725,0.026394440417483622,-0.011369479376342362,42.68088922619283,0.1058177737322783,0.05838319263448354,0.565,0.0294127656225865,0.125,0.11420083466549781,0.0675,0.13854496075033704,0.045,0.17307021284623508
sample_0025,labyrinth,selfinhib,0.42208309455587395,0.441,0.0,5,4.719866499600467e-12,True,0.4346265060240964,0.2580167612131117,-0.13434275215053537,89.53499027417467,0.02971787221523512,0.014452367292298386,1.0,0.0018454506106519333,1.0,0.031367212741292484,0.995,0.059517474042431996,0.8575,0.111599639022594
sample_0025,labyrinth,selfinhib,0.42208309455587395,0.441,0.0,6,1.4816571126581153,False,0.3703855421686747,0.629740165165436,0.6029505072474275,67.90558062886785,0.12248193081885136,0.16012348714586236,,,,,,,,
sample_0025,labyrinth,selfinhib,0.42208309455587395,0.441,0.0,7,3.7544490318573834e-06,True,0.4346265060240964,0.01924225179758743,-0.2875279742690965,224.05564373262172,0.02971787221523512,0.014452367292298386,1.0,0.012690615452738255,0.88,0.027188883880157524,0.7075,0.05681876355966387,0.5975,0.1147253335725995
sample_0025,labyrinth,selfinhib,0.42208309455587395,0.441,0.0,8,0.033839401166266915,False,0.5309879518072289,0.38840177746104043,0.011971319289879379,46.03499830550845,0.25801757676636466,0.2040543124880474,,,,,,,,
sample_0025,labyrinth,selfinhib,0.42208309455587395,0.441,0.0,9,0.1528716165928338,True,0.6434096385542168,0.7821354584127285,-0.26967391275231756,109.89835104078286,0.5243672320760159,0.45897877223178424,1.0,0.00625692622727385,0.9425,0.02841255404554201,0.74,0.05492856759542635,0.6325,0.10568386652754445
sample_0025,labyrinth,selfinhib,0.42208309455587395,0.441,0.0,10,5.665524774275308e-05,True,0.4346265060240964,1.1016783239143724,-0.08013269305898761,206.1939992178222,0.02971787221523512,0.014452367292298386,1.0,1.277215044684371e-16,0.955,0.027602978608324436,0.735,0.05490156229732535,0.63,0.1057983645060581
sample_0025,labyrinth,selfinhib,0.42208309455587395,0.441,0.0,11,5.735918339620465e-10,True,0.45068674698795186,0.06410354433582555,-0.04236295843085669,116.90371725082453,0.06776782297375677,0.021965412671092643,0.98,0.020967915708844927,0.4575,0.0631073799743245,0.29,0.10633702028771166,0.1375,0.17262251755385494
sample_0025,labyrinth,selfinhib,0.42208309455587395,0.441,0.05,0,9.716691490590709e-08,True,0.41856626506024097,0.06645254263477618,-0.21705282794087494,345.46004024254245,0.008332078543286534,0.05087014725568941,1.0,0.0019162666970802694,1.0,0.02861713531884428,1.0,0.05650498290059808,0.96,0.10498560857809984
sample_0025,labyrinth,selfinhib,0.42208309455587395,0.441,0.05,1,0.04106854000637804,True,0.5309879518072289,0.7595313357827678,-0.11486661068178036,35.15314229020171,0.25801757676636466,0.2040543124880474,1.0,0.010450703454681793,0.9775,0.02830325524727315,0.82,0.06259618867930898,0.6525,0.11513469011249394
sample_0025,labyrinth,selfinhib,0.42208309455587395,0.441,0.05,2,9.242556355830815e-08,True,0.41856626506024097,0.1444831464233225,-0.42623862780505073,264.22712901557287,0.008332078543286534,0.05087014725568941,1.0,0.017422516379930204,1.0,0.027734203395020914,1.0,0.05348772722138949,0.99,0.10464944078520469
sample_0025,labyrinth,selfinhib,0.42208309455587395,0.441,0.05,3,5.2304272385064146e-08,True,0.4346265060240964,0.1310252796513316,-0.24184263077644583,133.2600738600359,0.02971787221523512,0.014452367292298386,1.0,0.015168486848205284,1.0,0.028571776296052537,1.0,0.057040224832099265,0.9675,0.11075742768871621
sample_0025,labyrinth,selfinhib,0.42208309455587395,0.441,0.05,4,0.0001399601674627075,True,0.45068674698795186,0.9883696670341138,-0.9053608384891839,42.29950817983708,0.06776782297375677,0.021965412671092643,1.0,0.017460260735931387,1.0,0.03182261322576959,0.9475,0.056417819981369195,0.7525,0.1105319208456754
sample_0025,labyrinth,selfinhib,0.42208309455587395,0.441,0.05,5,2.664343217634241e-07,True,0.41856626506024097,0.042516414429567995,-0.05343535330393823,323.71289984999856,0.008332078543286534,0.05087014725568941,1.0,0.002705833479874785,1.0,0.032759136149407925,0.9425,0.065662974204275,0.705,0.11362983946600301
sample_0025,labyrinth,selfinhib,0.42208309455587395,0.441,0.05,6,3.292025004313111e-09,True,0.4346265060240964,0.20323070966378154,-0.09806287560136684,140.97033893816237,0.02971787221523512,0.014452367292298386,1.0,1.277215044684371e-16,1.0,0.02845014290196128,0.9875,0.05147734201942185,0.82,0.0995767955131154
sample_0025,labyrinth,selfinhib,0.42208309455587395,0.441,0.05,7,9.954805179328306e-07,True,0.4346265060240964,0.10333539329060382,-0.28391850417884,35.63988768453815,0.02971787221523512,0.014452367292298386,1.0,0.0076730239004704145,1.0,0.030015182973997738,0.995,0.06219010773460605,0.8075,0.13083754395383043
sample_0025,labyrinth,selfinhib,0.42208309455587395,0.441,0.05,8,0.23457371991031725,False,0.3543253012048193,0.8033053220727258,0.2151105615050662,32.29011630184757,0.1605318815773729,0.19654126710925326,,,,,,,,
sample_0025,labyrinth,selfinhib,0.42208309455587395,0.441,0.05,9,6.178490871808176e-05,True,0.4346265060240964,0.13010254811788524,-0.04328145520700577,10.054282702055344,0.02971787221523512,0.014452367292298386,1.0,0.005833054462419403,0.88,0.036162259245449704,0.595,0.06881721133606775,0.3425,0.1314985245313714
sample_0025,labyrinth,selfinhib,0.42208309455587395,0.441,0.05,10,0.011620015077240847,True,0.4025060240963856,0.3874839033852666,-1.790425013998127,28.856445988348778,0.046382029301808056,0.08728792721908031,1.0,0.02013041178235623,0.995,0.03193273048460468,0.88,0.05873760896856302,0.6775,0.12109224330559044
sample_0025,labyrinth,selfinhib,0.42208309455587395,0.441,0.05,11,4.994015432030619e-05,True,0.45068674698795186,0.052638743854900305,-0.06428303479532849,53.11474600543866,0.06776782297375677,0.021965412671092643,1.0,0.017381866088136824,0.9225,0.045920062317747715,0.6425,0.07728108511470355,0.34,0.1358176906458858
sample_0025,labyrinth,selfinhib,0.42208309455587395,0.441,0.1,0,5.161057517999071e-07,True,0.41856626506024097,0.12214015148369217,-0.1197306931704199,210.23316853394036,0.008332078543286534,0.05087014725568941,1.0,0.0019162666970802694,1.0,0.029554163507686422,1.0,0.05888053311263366,0.945,0.10413428415930995
sample_0025,labyrinth,selfinhib,0.42208309455587395,0.441,0.1,1,2.2362222335028335e-05,True,0.4346265060240964,0.17196958958993447,-0.5759067140263779,49.21367350490123,0.02971787221523512,0.014452367292298386,1.0,1.277215044684371e-16,1.0,0.03403218089176725,0.995,0.05941668327703047,0.895,0.10565575669836669
sample_0025,labyrinth,selfinhib,0.42208309455587395,0.441,0.1,2,3.1753619783850837e-06,True,0.4346265060240964,0.181927770834573,-0.10353699161313693,152.56717613434535,0.02971787221523512,0.014452367292298386,1.0,1.277215044684371e-16,1.0,0.03020354785171277,0.995,0.059864201582042254,0.7875,0.10792339707573913
sample_0025,labyrinth,selfinhib,0.42208309455587395,0.441,0.1,3,1.057758989677783e-06,True,0.4346265060240964,0.14598249899582072,-0.8952367042542662,111.25149039715377,0.02971787221523512,0.014452367292298386,1.0,0.004848440638079779,1.0,0.02887869205394434,1.0,0.055840412875550874,0.9375,0.10675752526098603
sample_0025,labyrinth,selfinhib,0.42208309455587395,0.441,0.1,4,0.0001554129861787201,True,0.4346265060240964,0.11260411724802166,-0.25673061664097213,53.40240706814093,0.02971787221523512,0.014452367292298386,1.0,0.01467229489881842,1.0,0.037705705629710796,0.9575,0.07288560507907532,0.665,0.12043199334671059
sample_0025,labyrinth,selfinhib,0.42208309455587395,0.441,0.1,5,8.764540326788037e-06,True,0.4346265060240964,0.36168630885297226,-0.5184847737695446,192.80656538571515,0.02971787221523512,0.014452367292298386,1.0,1.277215044684371e-16,1.0,0.02965953060634464,0.9925,0.05836941857035952,0.895,0.10844708669744409
sample_0025,labyrinth,selfinhib,0.42208309455587395,0.441,0.1,6,3.4669043090871026e-06,True,0.4346265060240964,0.26290549891470905,-0.39730902881610075,31.623342644351634,0.02971787221523512,0.014452367292298386,1.0,0.005763776693416831,1.0,0.03306961388592031,0.9975,0.06561344006430221,0.8575,0.11570823188999022
sample_0025,labyrinth,selfinhib,0.42208309455587395,0.441,0.1,7,8.442792909516387e-07,True,0.41856626506024097,0.07932819361128374,-0.2715609300584163,274.21662303816055,0.008332078543286534,0.05087014725568941,1.0,0.00536763187398865,1.0,0.028091586178885287,1.0,0.05760623825028832,0.935,0.10124265315797179
sample_0025,labyrinth,selfinhib,0.42208309455587395,0.441,0.1,8,0.6602046005209838,False,0.001,0.035344329645734286,0.035345584541121716,183.98855539546676,0.9976307982648482,0.9977324263038548,,,,,,,,
sample_0025,labyrinth,selfinhib,0.42208309455587395,0.441,0.1,9,0.8472800098358967,False,0.001,0.07395371150002772,0.0739576938864761,50.00778423035935,0.9976307982648482,0.9977324263038548,,,,,,,,
sample_0025,labyrinth,selfinhib,0.42208309455587395,0.441,0.1,10,3.671026371963097e-06,True,0.4346265060240964,0.3362713767930381,-0.20526108610116325,25.631478716905892,0.02971787221523512,0.014452367292298386,1.0,0.0044890964899463,1.0,0.030063162174802954,0.99,0.0629916709894501,0.82,0.12323777247333945
sample_0025,labyrinth,selfinhib,0.42208309455587395,0.441,0.1,11,0.00010618355046027058,True,0.4346265060240964,0.17363708505448638,-0.6608278139094252,33.1444112487279,0.02971787221523512,0.014452367292298386,1.0,0.01731617934699985,1.0,0.035463587958049776,0.96,0.06597723159985829,0.735,0.11887262956053928
sample_0025,labyrinth,selfinhib,0.42208309455587395,0.441,0.2,0,8.355747193145338e-05,True,0.41856626506024097,0.10029381121755598,-0.03175227472199321,177.19694138249545,0.008332078543286534,0.05087014725568941,1.0,0.017574086271087714,0.995,0.029814386570481907,0.88,0.057670481512278035,0.625,0.10858910633912174
sample_0025,labyrinth,selfinhib,0.42208309455587395,0.441,0.2,1,0.012485372848626221,True,0.38644578313253014,0.012009119039275262,-0.2750983612634813,62.808482148117534,0.08443198006032972,0.12370570718247134,0.9125,0.019372731712689953,0.6275,0.05279067039090116,0.475,0.0935858186187838,0.2675,0.14812947349854402
sample_0025,labyrinth,selfinhib,0.42208309455587395,0.441,0.2,2,0.00021211859465350248,True,0.4346265060240964,0.015837169626876424,-0.25171773525283836,81.41377305874987,0.02971787221523512,0.014452367292298386,1.0,0.016858123268853928,0.82,0.03470000112535608,0.6175,0.07114720264334314,0.49,0.12839146744562815
sample_0025,labyrinth,selfinhib,0.42208309455587395,0.441,0.2,3,0.0013555456685140216,True,0.45068674698795186,0.5750254731240396,-0.34802876912030883,39.07152106766389,0.06776782297375677,0.021965412671092643,1.0,0.009216853015494016,1.0,0.03027505701579944,1.0,0.05739605165882659,0.8825,0.11184092953184757
sample_0025,labyrinth,selfinhib,0.42208309455587395,0.441,0.2,4,6.176402028914568e-08,True,0.41856626506024097,0.1067470643915982,-0.42310979017839656,1139.3661623552157,0.008332078543286534,0.05087014725568941,1.0,0.013713831120427348,1.0,0.026976365575250807,1.0,0.05071046956449889,0.97,0.09999736317258649
sample_0025,labyrinth,selfinhib,0.42208309455587395,0.441,0.2,5,0.0002101326257033671,True,0.45068674698795186,0.3322919445336687,-0.061711941279438645,55.40701687329407,0.06776782297375677,0.021965412671092643,1.0,0.016381510475341556,0.915,0.03257882139294399,0.7175,0.06380099106228143,0.48,0.11968358529742978
sample_0025,labyrinth,selfinhib,0.42208309455587395,0.441,0.2,6,2.7425423534135085,False,0.5309879518072289,2.0415780872355107,0.823068962587681,58.83183089899456,0.25801757676636466,0.2040543124880474,,,,,,,,
sample_0025,labyrinth,selfinhib,0.42208309455587395,0.441,0.2,7,3.4770320505433635e-06,True,0.4346265060240964,0.29457058632888256,-0.2738722784566657,80.03346616044286,0.02971787221523512,0.014452367292298386,1.0,1.277215044684371e-16,1.0,0.028664424442086896,1.0,0.05550643578148858,0.9625,0.10902156414879101
sample_0025,labyrinth,selfinhib,0.42208309455587395,0.441,0.2,8,0.0017214493681661585,False,0.4025060240963856,0.03188169705574051,0.017997621583764722,159.41332501785408,0.046382029301808056,0.08728792721908031,,,,,,,,
sample_0025,labyrinth,selfinhib,0.42208309455587395,0.441,0.2,9,2.4204337229209466e-05,True,0.4346265060240964,0.20376513178943512,-0.34318585896214626,262.7616087673593,0.02971787221523512,0.014452367292298386,1.0,1.277215044684371e-16,1.0,0.030594936982690186,1.0,0.05429556912458297,0.975,0.10603797819004758
sample_0025,labyrinth,selfinhib,0.42208309455587395,0.441,0.2,10,4.201337656711996e-05,True,0.4346265060240964,0.19411337483725433,-0.30841790205512254,621.6657590971251,0.02971787221523512,0.014452367292298386,1.0,0.002606829567653758,1.0,0.029537636742870448,1.0,0.056565596463950256,0.9625,0.10292192657461191
sample_0025,labyrinth,selfinhib,0.42208309455587395,0.441,0.2,11,0.6828156203370572,False,0.001,0.18455546993074318,0.18456038935656038,53.23871949326464,0.9976307982648482,0.9977324263038548,,,,,,,,
sample_0025,labyrinth,selfinhib,0.42208309455587395,0.441,0.35,0,2.2279156816266276e-05,True,0.41856626506024097,0.13615980850170217,-0.12726957964923302,621.9754639688366,0.008332078543286534,0.05087014725568941,1.0,1.326221338532109e-16,1.0,0.027464311229216807,1.0,0.053107115705878234,0.9925,0.10244382806601962
sample_0025,labyrinth,selfinhib,0.42208309455587395,0.441,0.35,1,0.0016697796508313217,True,0.45068674698795186,0.05348692447458081,-0.12744215978868956,91.95282105522234,0.06776782297375677,0.021965412671092643,1.0,0.018101634889625382,1.0,0.03144747213686721,0.9825,0.06622962123630353,0.76,0.11027966345972712
sample_0025,labyrinth,selfinhib,0.42208309455587395,0.441,0.35,2,5.682792825273619,False,0.001,1.1141193998070118,1.1141211999734477,29.15128545207323,0.9976307982648482,0.9977324263038548,,,,,,,,
sample_0025,labyrinth,selfinhib,0.42208309455587395,0.441,0.35,3,5.725271900011087e-06,True,0.4025060240963856,0.06761685309979093,-0.48222898849019225,654.2870610219181,0.046382029301808056,0.08728792721908031,1.0,0.019515056634390415,1.0,0.027570810804853317,1.0,0.05245530711678575,0.9875,0.10948445760932386
sample_0025,labyrinth,selfinhib,0.42208309455587395,0.441,0.35,4,0.03519643471230763,True,0.5309879518072289,0.688370263255873,-0.7500733553025085,191.2538073054864,0.25801757676636466,0.2040543124880474,1.0,0.008342235515590914,1.0,0.026876591897028998,1.0,0.0544553733566366,0.9925,0.10397690224227746
sample_0025,labyrinth,selfinhib,0.42208309455587395,0.441,0.35,5,0.002539874751653122,False,0.001,0.007266855283002888,0.007266909829511781,2602.297918491286,0.9976307982648482,0.9977324263038548,,,,,,,,
sample_0025,labyrinth,selfinhib,0.42208309455587395,0.441,0.35,6,0.03571239382878848,False,0.4025060240963856,0.19988402718124565,0.08859752573772495,164.12547158395844,0.046382029301808056,0.08728792721908031,,,,,,,,
sample_0025,labyrinth,selfinhib,0.42208309455587395,0.441,0.35,7,0.0003054152697348903,True,0.4346265060240964,0.0787228713971726,-0.12780709717133054,66.95674865775158,0.02971787221523512,0.014452367292298386,1.0,0.0031889823410949708,1.0,0.02895829732489855,1.0,0.05660918246571848,0.89,0.11602497087977003
sample_0025,labyrinth,selfinhib,0.42208309455587395,0.441,0.35,8,0.005034550588470682,True,0.46674698795180725,0.17424413748074485,-0.4011821442859167,93.07258576577803,0.1058177737322783,0.05838319263448354,1.0,0.007144164702286156,1.0,0.028973017449817833,1.0,0.06130437085335411,0.9525,0.11036350132050353
sample_0025,labyrinth,selfinhib,0.42208309455587395,0.441,0.35,9,1.1047224209010415e-05,True,0.41856626506024097,0.0950622491769062,-0.1273217082901991,277.62951601237427,0.008332078543286534,0.05087014725568941,1.0,0.0019158990999322792,1.0,0.026773093710782143,1.0,0.05504282063422535,0.98,0.10152761877745932
sample_0025,labyrinth,selfinhib,0.42208309455587395,0.441,0.35,10,0.000965946729541802,True,0.4346265060240964,0.038769901731513734,-0.04682733645948478,102.38805511143092,0.02971787221523512,0.014452367292298386,1.0,0.013121708685224012,0.995,0.03842436440426603,0.8825,0.06094739374275692,0.6125,0.1309976163661551
sample_0025,labyrinth,selfinhib,0.42208309455587395,0.441,0.35,11,0.2185181283058456,False,0.001,0.04991930183465154,0.049919496965857846,36.784312239255485,0.9976307982648482,0.9977324263038548,,,,,,,,
sample_0026,spots,substrate_depl,0.642650429799427,0.723,0.0,0,2.604942235447723e-09,True,0.723710843373494,0.33970048769229777,-0.5243619893969458,147.426103567584,0.12613453569052493,0.00098318585545509,1.0,0.009969670437356583,1.0,0.028746682513852383,0.985,0.05413919117634437,0.755,0.11233468795193052
sample_0026,spots,substrate_depl,0.642650429799427,0.723,0.0,1,0.013547646000914319,False,0.6434096385542168,0.01719318768729039,0.0021869579195977393,370.0828000509454,0.0011813712705783207,0.11008348747687847,,,,,,,,
sample_0026,spots,substrate_depl,0.642650429799427,0.723,0.0,2,2.325643602394635e-13,True,0.7076506024096386,0.1686481796028616,-0.08464957412667351,480.2196437850519,0.10114390280653568,0.02123014881101156,1.0,0.007715482815687693,1.0,0.024648007685459092,0.995,0.05138351343731966,0.89,0.1001508111038512
sample_0026,spots,substrate_depl,0.642650429799427,0.723,0.0,3,8.905157670556233e-13,True,0.7076506024096386,0.14816232464554702,-0.6481912755918131,384.6956937236754,0.10114390280653568,0.02123014881101156,1.0,0.006717368199746133,1.0,0.02790248208812681,0.99,0.05640155676425555,0.92,0.11002141213536774
sample_0026,spots,substrate_depl,0.642650429799427,0.723,0.0,4,6.6303915874247695e-12,True,0.6915903614457831,0.10182196064378957,-0.12422233874619426,2460.2910324806007,0.07615326992254626,0.04344348347747837,1.0,0.010062066724316093,1.0,0.027369054108317182,1.0,0.052738573418251986,0.9475,0.10727123991881393
sample_0026,spots,substrate_depl,0.642650429799427,0.723,0.0,5,4.021809096975261e-08,True,0.723710843373494,0.026661531639241787,-0.1195575797660916,183.75413530668797,0.12613453569052493,0.00098318585545509,0.98,0.009696012420412101,0.655,0.023999434535435342,0.5875,0.05014411853778888,0.5675,0.09743537164143146
sample_0026,spots,substrate_depl,0.642650429799427,0.723,0.0,6,1.5140799273920778,False,0.001,0.2948061034497178,0.2948128075592694,47.93198598366981,0.998443944088994,0.9986168741355463,,,,,,,,
sample_0026,spots,substrate_depl,0.642650429799427,0.723,0.0,7,0.009952074847409296,False,0.001,0.03684977632792652,0.03688562236878212,785.6591846702634,0.998443944088994,0.9986168741355463,,,,,,,,
sample_0026,spots,substrate_depl,0.642650429799427,0.723,0.0,8,2.1214067668281907e-11,True,0.7076506024096386,0.23999492171146386,-0.12402769606257352,677.6266984720436,0.10114390280653568,0.02123014881101156,1.0,0.00701266754253209,1.0,0.02585220532824373,1.0,0.05096128012869635,0.91,0.09604863389211493
sample_0026,spots,substrate_depl,0.642650429799427,0.723,0.0,9,6.5357973337834604e-09,True,0.723710843373494,0.06896183901843145,-0.0062585955655143355,57.35465665418336,0.12613453569052493,0.00098318585545509,0.755,0.00762434631017097,0.3575,0.02766278878986533,0.235,0.04507790110538521,0.1975,0.09474000230695613
sample_0026,spots,substrate_depl,0.642650429799427,0.723,0.0,10,0.0003201682890695444,True,0.7076506024096386,1.1134252402117397,-0.13493753865438093,107.06084638413832,0.10114390280653568,0.02123014881101156,1.0,0.008172988249878693,0.91,0.03447776694803676,0.67,0.061322865602384626,0.3975,0.10571956475367593
sample_0026,spots,substrate_depl,0.642650429799427,0.723,0.0,11,0.05025694969333306,False,0.7558313253012049,1.8943095955154234,0.10883314884608515,52.39637826322557,0.1761158014585036,0.04540985518838855,,,,,,,,
sample_0026,spots,substrate_depl,0.642650429799427,0.723,0.05,0,4.350448748154703e-06,True,0.7076506024096386,0.2502135029052681,-1.2494375255189134,290.62055898043883,0.10114390280653568,0.02123014881101156,1.0,0.011181427777970961,1.0,0.02737649359920081,0.9825,0.05224275425490852,0.8375,0.10168501281552628
sample_0026,spots,substrate_depl,0.642650429799427,0.723,0.05,1,2.7862561523180057e-10,True,0.6915903614457831,0.09332222144744406,-0.062441100094158264,1067.3711065480695,0.07615326992254626,0.04344348347747837,1.0,0.011462102436822693,1.0,0.025049226854431374,0.9925,0.04964553010966609,0.8825,0.10027103741989325
sample_0026,spots,substrate_depl,0.642650429799427,0.723,0.05,2,1.882651922526583,False,0.2740240963855422,0.6247548917706016,0.5351581537192556,63.44359241469794,0.5736031850611757,0.6209901848056124,,,,,,,,
sample_0026,spots,substrate_depl,0.642650429799427,0.723,0.05,3,7.998303006236671e-07,True,0.7076506024096386,1.5540690396548769,-0.20588696559603853,1378.2908302347594,0.10114390280653568,0.02123014881101156,1.0,0.008341680489646109,1.0,0.02433876119569152,0.9975,0.049454003886108974,0.945,0.09933751240527583
sample_0026,spots,substrate_depl,0.642650429799427,0.723,0.05,4,0.008414414554726126,False,0.7558313253012049,-0.009310725486034954,-0.47634351722265855,288.36248983915425,0.1761158014585036,0.04540985518838855,,,,,,,,
sample_0026,spots,substrate_depl,0.642650429799427,0.723,0.05,5,1.7648653152438218,False,0.001,0.48164744445175245,0.48164849200181825,46.03717774005461,0.998443944088994,0.9986168741355463,,,,,,,,
sample_0026,spots,substrate_depl,0.642650429799427,0.723,0.05,6,1.289875754060075e-07,True,0.723710843373494,0.7741628377312821,-0.5973266565952682,72.21999862221479,0.12613453569052493,0.00098318585545509,1.0,0.0067075597957315675,1.0,0.027882562030138138,0.985,0.05630407924019693,0.8325,0.09720862687004007
sample_0026,spots,substrate_depl,0.642650429799427,0.723,0.05,7,3.716374068625193e-07,True,0.7076506024096386,0.307919074251668,-0.09901945123147016,257.48768971379224,0.10114390280653568,0.02123014881101156,1.0,0.009316793952370638,1.0,0.02764527531243037,0.9675,0.056386680249000704,0.7775,0.096925244654417
sample_0026,spots,substrate_depl,0.642650429799427,0.723,0.05,8,5.167236828260474e-07,True,0.7076506024096386,0.39041431029353646,-0.3760449043316081,521.056850068933,0.10114390280653568,0.02123014881101156,1.0,0.010773137801184454,1.0,0.029215435058352668,0.965,0.05303701447424109,0.86,0.10320987570944537
sample_0026,spots,substrate_depl,0.642650429799427,0.723,0.05,9,9.655153913141315e-08,True,0.7076506024096386,0.5481267626482946,-0.25030162461793104,470.50153023102774,0.10114390280653568,0.02123014881101156,1.0,0.01101828578269618,1.0,0.026029375051338486,0.975,0.05477779311792194,0.8325,0.10181734494281554
sample_0026,spots,substrate_depl,0.642650429799427,0.723,0.05,10,0.007073139433767363,True,0.6594698795180723,0.07657720939098311,-0.5237090722535696,133.88645010296116,0.026172004154567746,0.08787015281041166,1.0,0.004210046908135471,0.93,0.027440684031611335,0.75,0.051520584273181826,0.5975,0.1080466302782059
sample_0026,spots,substrate_depl,0.642650429799427,0.723,0.05,11,0.00018905040743450225,True,0.723710843373494,1.2668894824376693,-0.10265148250165307,47.344070055955605,0.12613453569052493,0.00098318585545509,1.0,0.010825437153032953,0.9875,0.030272317365628784,0.855,0.05840080494210773,0.5625,0.10030269867350394
sample_0026,spots,substrate_depl,0.642650429799427,0.723,0.1,0,3.925697501089449e-05,True,0.723710843373494,0.32502340211046743,-0.03514503550403175,67.58670532704464,0.12613453569052493,0.00098318585545509,1.0,0.007029638809292648,0.995,0.02612271262178744,0.8375,0.05093297361229201,0.6175,0.09563831087776707
sample_0026,spots,substrate_depl,0.642650429799427,0.723,0.1,1,0.49650694916553584,True,1.4624819277108434,1.4611831180062325,-0.2386926053876871,510.2050851918418,1.275703648354033,1.022796580512923,1.0,0.005852422369735989,1.0,0.022937395448907216,1.0,0.050471751103687464,0.925,0.09712954955710204
sample_0026,spots,substrate_depl,0.642650429799427,0.723,0.1,2,1.2377146358034784e-06,True,0.723710843373494,0.5476385619968838,-0.3164961888427724,349.36125724884755,0.12613453569052493,0.00098318585545509,1.0,0.01061154568902209,1.0,0.02613113719954714,1.0,0.054857997985860094,0.9475,0.1073334525394148
sample_0026,spots,substrate_depl,0.642650429799427,0.723,0.1,3,0.004906973386160059,True,0.7718915662650603,0.48290652669473566,-0.41168534876698915,62.021401153977756,0.20110643434249287,0.0676231898548552,1.0,0.0038925104161031837,1.0,0.029255197088101974,0.9875,0.054453010907945444,0.815,0.10843750878609282
sample_0026,spots,substrate_depl,0.642650429799427,0.723,0.1,4,3.035099687407951e-07,True,0.723710843373494,0.775048003839558,-0.23016072812045119,498.50278011943874,0.12613453569052493,0.00098318585545509,1.0,0.011218435616835358,1.0,0.025034825653251304,1.0,0.049577073822994845,0.985,0.11133869166324835
sample_0026,spots,substrate_depl,0.642650429799427,0.723,0.1,5,0.5573260193500293,True,1.526722891566265,4.0720007238197695,-0.6017346935882475,132.76231752018614,1.37566617988999,1.1116499191787899,1.0,0.005837572675192882,1.0,0.02617537468553641,1.0,0.05147687749460092,0.975,0.10437331854660889
sample_0026,spots,substrate_depl,0.642650429799427,0.723,0.1,6,0.2867899372640866,True,1.2376385542168675,2.2627700868490805,-0.9591358004424033,177.50544038673542,0.9258347879781827,0.7118098951823895,1.0,0.006719525926091411,1.0,0.024319442065513817,1.0,0.053577568124420064,0.995,0.10318270158294812
sample_0026,spots,substrate_depl,0.642650429799427,0.723,0.1,7,0.04138408194311417,True,0.5791686746987952,0.2326156364665728,-0.07863834695186567,126.27433794978404,0.09878116026537886,0.19893682614274522,1.0,0.0134486431903712,0.9975,0.027521867280214028,0.9025,0.053007256818821215,0.5825,0.10577457857453
sample_0026,spots,substrate_depl,0.642650429799427,0.723,0.1,8,8.575199816295869e-05,True,0.723710843373494,1.0096784786700894,-0.17817269014594356,147.6997774704365,0.12613453569052493,0.00098318585545509,1.0,0.004556615821658239,1.0,0.0290154300417886,0.9925,0.056961974608256555,0.8325,0.10450350538053162
sample_0026,spots,substrate_depl,0.642650429799427,0.723,0.1,9,0.04856830285729503,True,0.5791686746987952,0.05676824516701373,-0.9718184793646373,201.6165184298496,0.09878116026537886,0.19893682614274522,1.0,0.013106062885806034,0.955,0.02496864471394096,0.8075,0.0550075237385012,0.625,0.10134790114511631
sample_0026,spots,substrate_depl,0.642650429799427,0.723,0.1,10,0.02257653688331843,True,0.8361325301204819,0.8407343762018229,-0.3155916117458171,90.74298930218143,0.30106896587845006,0.15647652852072194,1.0,0.0069121830432669635,0.9975,0.027498509409932467,0.85,0.05947400366062981,0.56,0.10644022423805959
sample_0026,spots,substrate_depl,0.642650429799427,0.723,0.1,11,0.00038359252301026014,True,0.723710843373494,0.13803863140720551,-0.07076402589135578,529.3117728626054,0.12613453569052493,0.00098318585545509,1.0,0.010914961095669726,1.0,0.030552476527382577,0.83,0.05707505243296025,0.4625,0.09320500603147343
sample_0026,spots,substrate_depl,0.642650429799427,0.723,0.2,0,4.792987776616839e-08,True,0.7076506024096386,0.8448363562976624,-0.6134274238208917,2480.58871630938,0.10114390280653568,0.02123014881101156,1.0,0.008865103286747915,1.0,0.02458152912178103,1.0,0.0494680206002026,1.0,0.10056870920158635
sample_0026,spots,substrate_depl,0.642650429799427,0.723,0.2,1,0.05263841756404068,True,0.5791686746987952,1.2575699923284276,-0.04679987192367788,75.74744388476832,0.09878116026537886,0.19893682614274522,1.0,0.01391510094989069,0.7225,0.02762084728024644,0.63,0.055962866522658354,0.5975,0.11241786720614265
sample_0026,spots,substrate_depl,0.642650429799427,0.723,0.2,2,0.024224285655858203,True,0.6112891566265061,0.6129865116114246,-0.27246274565479284,67.51874202290004,0.04879989449740019,0.15451015680981178,1.0,0.008196782462362424,1.0,0.0276026755162872,0.9975,0.05378403892852723,0.8225,0.10296953408721699
sample_0026,spots,substrate_depl,0.642650429799427,0.723,0.2,3,1.1097265556051943e-05,True,0.723710843373494,0.6965961850985707,-0.11368427458601282,176.04809989006205,0.12613453569052493,0.00098318585545509,1.0,0.008999693079623502,1.0,0.02555156843532713,1.0,0.05215293962544122,0.9875,0.10724020577646064
sample_0026,spots,substrate_depl,0.642650429799427,0.723,0.2,4,3.2017930869805536e-05,True,0.7076506024096386,0.5110172592168283,-0.5421884440336147,463.6121100105294,0.10114390280653568,0.02123014881101156,1.0,0.008392572868927473,1.0,0.0265568993479848,1.0,0.05520547762213238,0.99,0.10836496872592663
sample_0026,spots,substrate_depl,0.642650429799427,0.723,0.2,5,0.9864794121032773,False,0.001,0.13919281931335703,0.1391958636671149,5.593734880689537,0.998443944088994,0.9986168741355463,,,,,,,,
sample_0026,spots,substrate_depl,0.642650429799427,0.723,0.2,6,0.16046102195951473,True,0.4828072289156627,0.3733508490959707,-0.08676128083475163,87.65037814932305,0.24872495756931465,0.33221683414154535,1.0,0.0028706652009345746,0.98,0.024838463979293134,0.8775,0.052316139110332754,0.515,0.10388325118381768
sample_0026,spots,substrate_depl,0.642650429799427,0.723,0.2,7,0.010575780049638996,True,0.7879518072289157,0.4430969986836679,-0.11046729011278833,130.38627681416867,0.22609706722648212,0.08983652452132185,1.0,0.010088320101715748,1.0,0.026488143824323233,0.995,0.05649972487414428,0.7925,0.10549450021628647
sample_0026,spots,substrate_depl,0.642650429799427,0.723,0.2,8,0.11826491475162726,True,0.5149277108433735,0.2928792108298488,-0.36532797946457274,121.07312520433231,0.19874369180133605,0.28779016480861197,1.0,0.013220312810355865,1.0,0.027634397657573122,0.975,0.05509772536339012,0.8275,0.11261379562042402
sample_0026,spots,substrate_depl,0.642650429799427,0.723,0.2,9,0.0003217830907657938,True,0.723710843373494,0.27449458814573546,-0.11948498698563448,326.9941203151389,0.12613453569052493,0.00098318585545509,1.0,0.008878049951438179,1.0,0.02786847751322752,0.9925,0.055643161581808806,0.8575,0.10939035262469284
sample_0026,spots,substrate_depl,0.642650429799427,0.723,0.2,10,0.030107150852763883,True,0.8521927710843374,0.8496863350971218,-0.03479656517960411,193.80576727000653,0.3260595987624395,0.17868986318718874,1.0,0.0053986948288030235,0.99,0.024956339439780074,0.875,0.049241199741130816,0.65,0.09242128163819484
sample_0026,spots,substrate_depl,0.642650429799427,0.723,0.2,11,0.00832970123688357,True,0.6594698795180723,0.496713587669559,-0.770445649728212,57.57234249184121,0.026172004154567746,0.08787015281041166,1.0,0.00800840919287206,1.0,0.028326362458826984,1.0,0.05696882273084983,0.915,0.10565008490096779
sample_0026,spots,substrate_depl,0.642650429799427,0.723,0.35,0,0.05274967134887658,True,0.9003734939759037,0.7120879720196953,-0.3640298034290391,160.0991192290789,0.4010314974144074,0.24532986718658886,1.0,0.0053538982434581115,1.0,0.024427437090017254,1.0,0.05291930234600682,0.9375,0.09722726014833587
sample_0026,spots,substrate_depl,0.642650429799427,0.723,0.35,1,0.00041305635038966945,True,0.723710843373494,0.15656764074934415,-0.45754968113395234,1674.394381736574,0.12613453569052493,0.00098318585545509,1.0,0.010161114309365966,1.0,0.025342257032345935,1.0,0.055436456737717014,0.9825,0.10669442941180414
sample_0026,spots,substrate_depl,0.642650429799427,0.723,0.35,2,0.000589221697232209,True,0.46674698795180725,0.05553768446520024,-0.12346574672006239,22874.348654613717,0.273715590453304,0.3544301688080121,1.0,0.01307779523902255,1.0,0.026874544576973337,1.0,0.04990114586515153,0.9975,0.09605560352724743
sample_0026,spots,substrate_depl,0.642650429799427,0.723,0.35,3,3.133028212474181e-05,True,0.6915903614457831,0.18676699184749168,-0.28364339921600895,837.0541298961637,0.07615326992254626,0.04344348347747837,1.0,0.004809029793295531,1.0,0.025103231028698866,1.0,0.050424501238169925,0.9975,0.10370797503683787
sample_0026,spots,substrate_depl,0.642650429799427,0.723,0.35,4,0.09257042887466359,True,0.5309879518072289,0.542476356565718,-0.05070541402852996,179.96400898353448,0.1737530589173468,0.26557683014214534,1.0,0.002610128014987619,1.0,0.02759097194923477,0.98,0.05042440426874416,0.79,0.09633355962607618
sample_0026,spots,substrate_depl,0.642650429799427,0.723,0.35,5,0.5495331373375838,True,1.4946024096385542,0.6856543593476658,-0.4563738519751688,1392.338477633416,1.3256849141220115,1.0672232498458565,1.0,0.005998664147543886,1.0,0.02554624241589334,1.0,0.05250897065064566,0.9875,0.10881593945574235
sample_0026,spots,substrate_depl,0.642650429799427,0.723,0.35,6,0.00010162999760652885,True,0.7076506024096386,0.4437219222840838,-1.3935516937121595,1249.9058428067785,0.10114390280653568,0.02123014881101156,1.0,0.009511558284065604,1.0,0.02472441984247478,1.0,0.0515547677163491,1.0,0.099326927460778
sample_0026,spots,substrate_depl,0.642650429799427,0.723,0.35,7,0.013253949272926531,True,0.8040120481927712,1.5610614409044103,-2.134368898791917,276.93713803307065,0.25108770011047155,0.11204985918778865,1.0,0.006176539290865498,1.0,0.024599990019805045,1.0,0.053931371325834865,0.9975,0.10898547861683264
sample_0026,spots,substrate_depl,0.642650429799427,0.723,0.35,8,3.5375593588546566e-06,True,0.7076506024096386,0.6631653514503455,-0.20974123665231503,1482.503234843919,0.10114390280653568,0.02123014881101156,1.0,0.0037268599684180054,1.0,0.024770271384341135,1.0,0.04689098972982344,1.0,0.0996171492480236
sample_0026,spots,substrate_depl,0.642650429799427,0.723,0.35,9,0.13915724665313775,True,1.028855421686747,1.2828002267204255,-0.4831703663078567,1579.4598761679388,0.6009565604863216,0.42303654451832223,1.0,0.00695748664317342,1.0,0.02397351033902931,1.0,0.050370905303352156,0.965,0.09452692669937188
sample_0026,spots,substrate_depl,0.642650429799427,0.723,0.35,10,5.337660379871901e-05,True,0.7076506024096386,0.4412517282176651,-0.08613170471536069,1882.688752574449,0.10114390280653568,0.02123014881101156,1.0,0.0064902267453051336,1.0,0.024864865485851703,1.0,0.049631206397942745,0.9775,0.09488717648457297
sample_0026,spots,substrate_depl,0.642650429799427,0.723,0.35,11,1.2800598456679557,False,0.001,0.3326679359931539,0.3326729753081752,45.14029405065942,0.998443944088994,0.9986168741355463,,,,,,,,
sample_0027,spots,substrate_depl,0.48223782234957024,0.538,0.0,0,0.11843840522190163,False,0.4988674698795181,0.5111062550592891,0.1696755231987057,578.0261842345519,0.03448432860144499,0.07273704483360958,,,,,,,,
sample_0027,spots,substrate_depl,0.48223782234957024,0.538,0.0,1,7.431769179348849e-14,True,0.5309879518072289,0.9539279204733333,-0.042940335773965166,722.5428377888101,0.10109146814768108,0.013033546826712128,1.0,0.0026180874711506756,0.825,0.027857603593209886,0.6875,0.0547238688687452,0.525,0.10893646016939124
sample_0027,spots,substrate_depl,0.48223782234957024,0.538,0.0,2,6.887918477895303e-09,True,0.5309879518072289,0.09121956691662625,-0.06736967025430979,44.32257385411302,0.10109146814768108,0.013033546826712128,1.0,2.0908629298395348e-16,0.995,0.028557961048233885,0.8925,0.04879027211651221,0.5775,0.10665078668695738
sample_0027,spots,substrate_depl,0.48223782234957024,0.538,0.0,3,0.004467492978920914,False,0.5631084337349398,0.9538951556898372,0.0027453972401474402,99.75768500011667,0.16769860769391728,0.04666995118018543,,,,,,,,
sample_0027,spots,substrate_depl,0.48223782234957024,0.538,0.0,4,3.1846153722586165e-11,True,0.5309879518072289,0.1822942561441181,-0.018058615565851865,587.507698684402,0.10109146814768108,0.013033546826712128,0.9725,0.005441549574088552,0.6525,0.026668436923800363,0.6225,0.047842353373871924,0.4625,0.10065946392782618
sample_0027,spots,substrate_depl,0.48223782234957024,0.538,0.0,5,8.821729443912188e-12,True,0.45068674698795186,1.0865133828082634,-0.5404446355764072,13424.6481212114,0.06542638071790907,0.16229229184395572,1.0,0.003957376953111437,0.995,0.025593212484068754,0.8725,0.050891445380112026,0.7325,0.09755706332288315
sample_0027,spots,substrate_depl,0.48223782234957024,0.538,0.0,6,2.535139204408931e-05,True,0.5309879518072289,0.6521149223757519,-0.12764048663590644,552.4848187949557,0.10109146814768108,0.013033546826712128,1.0,0.00335912978713114,1.0,0.02663309246681017,0.935,0.0554977951001768,0.7825,0.09397888392795953
sample_0027,spots,substrate_depl,0.48223782234957024,0.538,0.0,7,0.14852158605119042,False,0.4025060240963856,0.918154260832484,0.1412880062056166,365.0758109022262,0.16533709003726327,0.25184753885430194,,,,,,,,
sample_0027,spots,substrate_depl,0.48223782234957024,0.538,0.0,8,0.16845563800665406,False,0.6434096385542168,0.9929571039800607,0.1812764342024938,412.2699137053199,0.33421645655950744,0.195928696197429,,,,,,,,
sample_0027,spots,substrate_depl,0.48223782234957024,0.538,0.0,9,0.24449000300246104,False,0.3703855421686747,0.5025081386200192,0.18527593260608977,669.5561702549711,0.23194422958349944,0.3115510368611995,,,,,,,,
sample_0027,spots,substrate_depl,0.48223782234957024,0.538,0.0,10,3.6462335421031966,False,0.5149277108433735,1.41497184902056,0.954461268360373,977.85919466423,0.06778789837456309,0.042885295830160805,,,,,,,,
sample_0027,spots,substrate_depl,0.48223782234957024,0.538,0.0,11,2.437013810642175,False,0.001,0.7401039549622137,0.7401041088766949,553.3357065838821,0.9979263343652147,0.9981412639405205,,,,,,,,
sample_0027,spots,substrate_depl,0.48223782234957024,0.538,0.05,0,6.978073249783192e-08,True,0.5309879518072289,0.20501465456446155,-1.923858189340011,253.45000202663942,0.10109146814768108,0.013033546826712128,1.0,0.003678139650230194,1.0,0.0277744714174737,1.0,0.05537512095725379,0.97,0.10651799453672696
sample_0027,spots,substrate_depl,0.48223782234957024,0.538,0.05,1,6.82754008034086e-10,True,0.5309879518072289,0.2361382073294962,-0.407532140855003,307.1602209938755,0.10109146814768108,0.013033546826712128,1.0,0.0030085251798344947,1.0,0.02484959279659604,0.995,0.04979195438113486,0.91,0.10126128437927617
sample_0027,spots,substrate_depl,0.48223782234957024,0.538,0.05,2,9.158215531635239e-09,True,0.5309879518072289,0.3542065695322094,-0.8155261023129078,294.65712333745955,0.10109146814768108,0.013033546826712128,1.0,0.006582000459619568,1.0,0.026592462912042515,0.9925,0.052779997109288136,0.9075,0.10391419348403254
sample_0027,spots,substrate_depl,0.48223782234957024,0.538,0.05,3,6.033892580545447e-08,True,0.5309879518072289,0.20860977409515868,-0.7556614776329604,377.9988766474153,0.10109146814768108,0.013033546826712128,1.0,0.0026184834339511146,1.0,0.027726577197455974,0.9975,0.0519209017919778,0.9325,0.10703273965894904
sample_0027,spots,substrate_depl,0.48223782234957024,0.538,0.05,4,9.50855186780048e-11,True,0.5149277108433735,0.4922033851485317,-0.3119943970895882,908.4539705197058,0.06778789837456309,0.042885295830160805,1.0,0.005918533938408115,1.0,0.0261720949951715,1.0,0.05343952201914458,0.99,0.10264972086987595
sample_0027,spots,substrate_depl,0.48223782234957024,0.538,0.05,5,2.6365883424468407e-09,True,0.5309879518072289,0.31854931995384916,-0.13921726580527227,139.72457581312653,0.10109146814768108,0.013033546826712128,1.0,0.004942167513581964,0.9975,0.02542630385369672,0.9325,0.05441879639042746,0.73,0.10689120277339877
sample_0027,spots,substrate_depl,0.48223782234957024,0.538,0.05,6,1.4870419936915467e-05,True,0.5309879518072289,0.12973667743109463,-0.16126856890162755,50.71443861486056,0.10109146814768108,0.013033546826712128,1.0,0.010353520607426038,0.9875,0.038198593554266184,0.85,0.06219221876084092,0.545,0.1121660291059112
sample_0027,spots,substrate_depl,0.48223782234957024,0.538,0.05,7,1.5911926101923233e-08,True,0.4988674698795181,0.6461819614932018,-0.0647657840988014,1528.0429430387633,0.03448432860144499,0.07273704483360958,1.0,0.0,0.9975,0.025865069244080004,0.8975,0.05516160063910767,0.7425,0.11398573282922574
sample_0027,spots,substrate_depl,0.48223782234957024,0.538,0.05,8,6.400041155093486e-08,True,0.5309879518072289,1.9025836304933463,-0.47074481314847616,332.73819258875517,0.10109146814768108,0.013033546826712128,1.0,0.005358063525403247,1.0,0.024770806169155606,0.9475,0.04836746046390933,0.825,0.10034650825913562
sample_0027,spots,substrate_depl,0.48223782234957024,0.538,0.05,9,2.4928506205013864e-09,True,0.5149277108433735,0.08347623555949824,-0.4886733329579248,210.721606960313,0.06778789837456309,0.042885295830160805,1.0,0.015255344973935634,1.0,0.026479874797178837,0.995,0.05275511476375964,0.85,0.0985147144215049
sample_0027,spots,substrate_depl,0.48223782234957024,0.538,0.05,10,1.6661425354693372e-08,True,0.5309879518072289,0.3820304104086567,-0.5687429035493259,80.8460704081451,0.10109146814768108,0.013033546826712128,1.0,0.005739725000123178,1.0,0.026972670221659726,0.9975,0.052145161132383766,0.9225,0.10248337534086392
sample_0027,spots,substrate_depl,0.48223782234957024,0.538,0.05,11,7.641051864707213e-09,True,0.5309879518072289,0.5491221371132653,-1.1171334628845468,240.49049087367078,0.10109146814768108,0.013033546826712128,1.0,0.003674803697647155,1.0,0.024678896679446404,1.0,0.05707931598860221,0.9925,0.10121803888005919
sample_0027,spots,substrate_depl,0.48223782234957024,0.538,0.1,0,1.512768616814688e-06,True,0.5309879518072289,0.557639059732832,-0.784566718965851,88.56073916417783,0.10109146814768108,0.013033546826712128,1.0,0.006582000459619567,1.0,0.0273278588590547,1.0,0.057864148141261354,0.9525,0.11000958586669753
sample_0027,spots,substrate_depl,0.48223782234957024,0.538,0.1,1,0.7321189676920554,False,0.001,0.005544948037269459,0.005551020771099036,258.15443193634394,0.9979263343652147,0.9981412639405205,,,,,,,,
sample_0027,spots,substrate_depl,0.48223782234957024,0.538,0.1,2,0.002439093594652624,True,0.5631084337349398,0.9502638394197653,-0.18937449982164845,154.1498019490838,0.16769860769391728,0.04666995118018543,1.0,0.014456894136230298,1.0,0.02840965407817236,0.955,0.0550005248237256,0.8125,0.09593777104922831
sample_0027,spots,substrate_depl,0.48223782234957024,0.538,0.1,3,8.06561923076033e-09,True,0.5309879518072289,0.12963001879472102,-0.956377242831856,349.74132489623446,0.10109146814768108,0.013033546826712128,1.0,0.005934153095240419,1.0,0.02888041438779719,0.995,0.05248105315276594,0.9175,0.10338826620831659
sample_0027,spots,substrate_depl,0.48223782234957024,0.538,0.1,4,3.2139846885387206e-06,True,0.5309879518072289,0.20447242572001656,-1.1489698417463323,151.40886590476887,0.10109146814768108,0.013033546826712128,1.0,0.004231874619319518,1.0,0.029989930552421426,0.99,0.058987024202254115,0.89,0.11139345226554079
sample_0027,spots,substrate_depl,0.48223782234957024,0.538,0.1,5,1.1854302266260373e-06,True,0.5309879518072289,0.3188238106504109,-0.3171144628231576,339.7631606183398,0.10109146814768108,0.013033546826712128,1.0,0.01193410001286147,1.0,0.02738986199151208,1.0,0.05320369839944581,0.97,0.10350152243890981
sample_0027,spots,substrate_depl,0.48223782234957024,0.538,0.1,6,2.816298167548693e-08,True,0.5309879518072289,0.5572947213653485,-0.25775330450937695,145.09796827096582,0.10109146814768108,0.013033546826712128,1.0,0.002618087471150675,1.0,0.0274826623270931,0.9925,0.04950150534698841,0.89,0.09806157841125925
sample_0027,spots,substrate_depl,0.48223782234957024,0.538,0.1,7,0.001990424261125192,True,0.5149277108433735,0.18073240527858658,-0.3457385928220331,126.0001796110815,0.06778789837456309,0.042885295830160805,1.0,0.011983506170334963,1.0,0.02863835024036956,0.9425,0.054163468323347966,0.765,0.11657633205194969
sample_0027,spots,substrate_depl,0.48223782234957024,0.538,0.1,8,4.531732597811493e-06,True,0.5309879518072289,0.13867080505076856,-0.42435327797982003,257.7044691909163,0.10109146814768108,0.013033546826712128,1.0,0.010040873405730765,1.0,0.029440491063029553,0.9975,0.053098558062837316,0.925,0.10563312671888843
sample_0027,spots,substrate_depl,0.48223782234957024,0.538,0.1,9,0.025143239074697676,False,0.4828072289156627,-0.04643073342028714,-0.27673582468794367,2162.8941737631794,0.0011807588283270056,0.10258879383705825,,,,,,,,
sample_0027,spots,substrate_depl,0.48223782234957024,0.538,0.1,10,3.2902517198643962e-06,True,0.5149277108433735,0.16420475203150176,-0.2957171682573416,802.5583988529918,0.06778789837456309,0.042885295830160805,1.0,0.01490593559297913,1.0,0.028396713171037483,1.0,0.058535408127676485,0.9225,0.10421674997364112
sample_0027,spots,substrate_depl,0.48223782234957024,0.538,0.1,11,4.458206473696709e-07,True,0.5309879518072289,1.5839537256397094,-0.7610116222595776,643.9451883733522,0.10109146814768108,0.013033546826712128,1.0,0.0026101280149876185,1.0,0.0261698909319932,1.0,0.055399746170888,0.9825,0.10345464452099468
sample_0027,spots,substrate_depl,0.48223782234957024,0.538,0.2,0,1.9387659417931183e-08,True,0.5309879518072289,0.42051945351486353,-0.3572223801856747,457.76613677620657,0.10109146814768108,0.013033546826712128,1.0,0.007603810057396415,1.0,0.02715420122908147,1.0,0.05037717115440826,0.995,0.10050528692247807
sample_0027,spots,substrate_depl,0.48223782234957024,0.538,0.2,1,0.062011854021323434,True,0.6915903614457831,1.2029948280778164,-0.9732815395015264,66.45806326838893,0.43412716587886163,0.28548394320777526,1.0,0.009009383460265188,1.0,0.028413991828542123,1.0,0.054888506822304575,0.965,0.10831747777792909
sample_0027,spots,substrate_depl,0.48223782234957024,0.538,0.2,2,3.967769436493288e-06,True,0.5309879518072289,0.5875228408912676,-0.5641373819179409,128.20929862843516,0.10109146814768108,0.013033546826712128,1.0,0.0033591297871311395,1.0,0.02696297294752875,1.0,0.05413283891445582,0.985,0.10376992005678493
sample_0027,spots,substrate_depl,0.48223782234957024,0.538,0.2,3,0.2511859997259763,True,0.8843132530120482,0.4411026584900881,-0.14636557842127962,117.67616647243209,0.8337700031562784,0.6437049312491602,1.0,0.006023407784331665,0.985,0.026981068689047625,0.7475,0.05602321731202847,0.5625,0.10429191914522917
sample_0027,spots,substrate_depl,0.48223782234957024,0.538,0.2,4,2.1795561775651285e-07,True,0.5309879518072289,0.5861135408998095,-0.7494274427326637,510.3006525002366,0.10109146814768108,0.013033546826712128,1.0,0.0015105207200670988,1.0,0.02781254354444577,1.0,0.0511513121772626,1.0,0.1059272726122118
sample_0027,spots,substrate_depl,0.48223782234957024,0.538,0.2,5,0.8355476960104258,False,0.001,0.07218651626806305,0.07218899448677019,360.30720766771503,0.9979263343652147,0.9981412639405205,,,,,,,,
sample_0027,spots,substrate_depl,0.48223782234957024,0.538,0.2,6,0.06137149509742734,True,0.41856626506024097,0.5152424174259096,-1.2982429275259624,63.01497875490881,0.13203352026414528,0.22199578985085325,1.0,0.0019162666970802694,1.0,0.02839151069140874,0.9975,0.05780391286017748,0.9225,0.11004601864019642
sample_0027,spots,substrate_depl,0.48223782234957024,0.538,0.2,7,0.006064588790755574,True,0.4828072289156627,0.43703919975290617,-0.33884482110876046,174.22129967488874,0.0011807588283270056,0.10258879383705825,1.0,0.01603384610711342,1.0,0.026900156353901607,1.0,0.053733037387809233,0.9825,0.1043431648177974
sample_0027,spots,substrate_depl,0.48223782234957024,0.538,0.2,8,0.0010044958136597396,True,0.5470481927710844,0.39599411559216513,-0.3175847620175022,45.0571879341505,0.1343950379207993,0.01681820217673675,1.0,0.005571403461696487,1.0,0.028149787752114866,1.0,0.05806177870455472,0.93,0.11143591289440993
sample_0027,spots,substrate_depl,0.48223782234957024,0.538,0.2,9,1.918291799840018e-08,True,0.5309879518072289,0.9857066347760082,-1.0857726663882543,632.7980105951716,0.10109146814768108,0.013033546826712128,1.0,0.0015105207200670986,1.0,0.02440481529397403,1.0,0.051431936469020584,1.0,0.10188049524899828
sample_0027,spots,substrate_depl,0.48223782234957024,0.538,0.2,10,1.27356856245122e-06,True,0.5149277108433735,0.22245931717673173,-0.2902543367087389,238.4774790023289,0.06778789837456309,0.042885295830160805,1.0,0.011233252643311924,1.0,0.026463608690468286,1.0,0.05640675458785434,1.0,0.10091666697184576
sample_0027,spots,substrate_depl,0.48223782234957024,0.538,0.2,11,6.175158765906401e-08,True,0.5149277108433735,0.36520911054962113,-1.2569901032618072,1504.918814051189,0.06778789837456309,0.042885295830160805,1.0,0.0096933235421531,1.0,0.026094372007621765,1.0,0.05330506121828644,1.0,0.09833635277189681
sample_0027,spots,substrate_depl,0.48223782234957024,0.538,0.35,0,3.568064182397529e-05,True,0.4828072289156627,0.19974799673820343,-0.25362104705232097,2865.104205197324,0.0011807588283270056,0.10258879383705825,1.0,0.0,1.0,0.026346358230395973,1.0,0.05126894175893872,1.0,0.10098447159985419
sample_0027,spots,substrate_depl,0.48223782234957024,0.538,0.35,1,0.3287906559804138,True,0.9485542168674699,0.10318128371132396,-0.03275036172057644,18.034112506412004,0.9669842822487505,0.7631119272629551,0.9725,0.006936404176801307,0.41,0.028112189379163537,0.2975,0.058708937225685126,0.2325,0.10550261347653046
sample_0027,spots,substrate_depl,0.48223782234957024,0.538,0.35,2,0.00806343609785301,True,0.5791686746987952,0.6393096593647165,-0.7808293557595,189.50995687457478,0.20100217746703525,0.0765217001836341,1.0,0.006175675400326149,1.0,0.024454723882557622,1.0,0.05472194873974098,0.9925,0.100279966767337
sample_0027,spots,substrate_depl,0.48223782234957024,0.538,0.35,3,0.0009366677359010586,True,0.4988674698795181,0.525367642163495,-0.08040334386830505,1299.8735973623275,0.03448432860144499,0.07273704483360958,1.0,0.0016077861496363152,1.0,0.026089768398917388,0.97,0.04960940923488344,0.8025,0.10350417563933378
sample_0027,spots,substrate_depl,0.48223782234957024,0.538,0.35,4,0.032521542342641804,True,0.4346265060240964,0.17318952601049986,-0.19377964579903106,131.27180692039923,0.09872995049102717,0.1921440408474045,1.0,0.017622549948022082,1.0,0.029244691426786568,0.9975,0.056492846843454875,0.855,0.09974304741682344
sample_0027,spots,substrate_depl,0.48223782234957024,0.538,0.35,5,0.03984669231836884,True,0.6434096385542168,0.27021789031414656,-0.35634563553622456,285.52218767133166,0.33421645655950744,0.195928696197429,1.0,0.011764425818528016,1.0,0.028798160632872338,1.0,0.06053214317598292,0.88,0.11464635610717112
sample_0027,spots,substrate_depl,0.48223782234957024,0.538,0.35,6,0.00016080942232616594,True,0.5309879518072289,0.4054879507734519,-0.05896428789698782,62.12248245215112,0.10109146814768108,0.013033546826712128,1.0,0.013163398002314376,0.9725,0.027917675629668157,0.8125,0.05476687629562933,0.6775,0.11694726633370374
sample_0027,spots,substrate_depl,0.48223782234957024,0.538,0.35,7,0.012633632929898848,True,0.5952289156626507,0.7869687231672202,-0.23278482881927864,165.8143888972124,0.23430574724015346,0.10637344918708298,1.0,0.0032783555085467856,1.0,0.02500543079447222,0.99,0.05223902968511168,0.8375,0.10899374367389034
sample_0027,spots,substrate_depl,0.48223782234957024,0.538,0.35,8,0.00036772046267808463,True,0.5149277108433735,0.3948504639527286,-0.2667404140097239,552.0388526379946,0.06778789837456309,0.042885295830160805,1.0,0.012780311281779345,1.0,0.02737357814731834,1.0,0.05141152220524098,0.9725,0.10394861544250424
sample_0027,spots,substrate_depl,0.48223782234957024,0.538,0.35,9,0.0014845257312059682,True,0.4988674698795181,0.24784262589145456,-0.3758670851787017,276.27017407756625,0.03448432860144499,0.07273704483360958,1.0,0.014978616845155574,1.0,0.025049788805371252,1.0,0.05283732065167754,0.9825,0.10104227464288858
sample_0027,spots,substrate_depl,0.48223782234957024,0.538,0.35,10,7.712221275954553e-05,True,0.5309879518072289,0.19091872895977957,-0.28812843808534394,385.29998747542527,0.10109146814768108,0.013033546826712128,1.0,0.014336480934043815,1.0,0.027912034782255374,1.0,0.05194669816531574,0.9925,0.10729429290600362
sample_0027,spots,substrate_depl,0.48223782234957024,0.538,0.35,11,0.9143260235317942,False,0.001,0.09833763271117665,0.098341683189836,16.48113085080697,0.9979263343652147,0.9981412639405205,,,,,,,,
sample_0028,spots,substrate_depl,0.4722120343839542,0.531,0.0,0,3.847499627308412e-12,True,0.5309879518072289,0.29002315082523644,-0.21445390427929212,68.71000307754105,0.12446933399305148,2.268962857084581e-05,1.0,0.009399183275167259,1.0,0.025549853314064033,1.0,0.055335043529031694,0.88,0.10929344607611834
sample_0028,spots,substrate_depl,0.4722120343839542,0.531,0.0,1,1.0305040639582659,False,0.001,0.23429450661331686,0.23429728170368413,23.133708735329254,0.9978823072535528,0.9981167608286252,,,,,,,,
sample_0028,spots,substrate_depl,0.4722120343839542,0.531,0.0,2,4.468715051945233e-11,True,0.5309879518072289,0.16404028956462113,-0.6707412473816454,126.87909762016841,0.12446933399305148,2.268962857084581e-05,1.0,0.007860437756944543,0.9975,0.026255735446972756,0.9075,0.05378565778632681,0.7725,0.10633761757331457
sample_0028,spots,substrate_depl,0.4722120343839542,0.531,0.0,3,0.1292138718288864,False,0.001,0.17689266061235878,0.1769104151949348,103.47528537678092,0.9978823072535528,0.9981167608286252,,,,,,,,
sample_0028,spots,substrate_depl,0.4722120343839542,0.531,0.0,4,1.0063862965095776,False,0.33826506024096387,2.3183076524845454,0.45312769707047307,290.0461591705199,0.2836585355511682,0.3629659882467724,,,,,,,,
sample_0028,spots,substrate_depl,0.4722120343839542,0.531,0.0,5,1.165991561934935e-10,True,0.5309879518072289,0.037005331311553036,-0.04351771893156536,61.255212716088685,0.12446933399305148,2.268962857084581e-05,1.0,0.015341218505085295,0.86,0.026083460557473716,0.6325,0.05102279898962216,0.4525,0.09676275909594749
sample_0028,spots,substrate_depl,0.4722120343839542,0.531,0.0,6,1.2811000631302418,False,0.2740240963855422,0.5989066831144361,0.4673116911614318,21.425874258609557,0.41970115873257474,0.4839470877861729,,,,,,,,
sample_0028,spots,substrate_depl,0.4722120343839542,0.531,0.0,7,2.326664419513701e-09,True,0.5309879518072289,0.050380353803404,-0.015822859510348897,16.084838007552715,0.12446933399305148,2.268962857084581e-05,0.9575,0.008625582746261459,0.4175,0.02806002234445927,0.2625,0.0571829195420379,0.2075,0.12075500986755713
sample_0028,spots,substrate_depl,0.4722120343839542,0.531,0.0,8,0.0623913961292651,False,0.41856626506024097,-0.0068348664374244805,-0.6208876224423472,136.26346592812314,0.11360525657441,0.21173961382252174,,,,,,,,
sample_0028,spots,substrate_depl,0.4722120343839542,0.531,0.0,9,1.7263868225119553e-13,True,0.5309879518072289,0.1091358323725764,-0.20813653334643856,243.1953864453194,0.12446933399305148,2.268962857084581e-05,1.0,0.015133602414707953,1.0,0.02464499730714519,0.95,0.04929433371944059,0.7975,0.09065529356042716
sample_0028,spots,substrate_depl,0.4722120343839542,0.531,0.0,10,4.3794568078445955e-08,True,0.4828072289156627,0.7088939733398973,-0.08578426834208497,2375.220006862047,0.022437366606996644,0.09075851428312116,1.0,0.015944491480828934,0.9975,0.024853127699771185,0.9175,0.048701013038340527,0.795,0.10132278581758868
sample_0028,spots,substrate_depl,0.4722120343839542,0.531,0.0,11,3.536356752864279e-11,True,0.5149277108433735,0.19799868300563261,-0.29969964579687997,547.0264882056247,0.0904586781976999,0.030267964513420915,1.0,0.011031673032790205,1.0,0.02628590661276429,1.0,0.05568789634922661,0.9975,0.10332637385725384
sample_0028,spots,substrate_depl,0.4722120343839542,0.531,0.05,0,0.0007697287568399525,True,0.5470481927710844,0.46775228969057636,-0.22406184905494064,74.12505003718876,0.15847998978840327,0.03022258525627943,1.0,0.014862955093643196,1.0,0.028274928107368102,1.0,0.05758558213655383,0.9475,0.10952776646781219
sample_0028,spots,substrate_depl,0.4722120343839542,0.531,0.05,1,3.4818336832013044e-08,True,0.5309879518072289,0.5249818231136913,-0.37403457128634654,70.33220226137142,0.12446933399305148,2.268962857084581e-05,1.0,0.005752760047234791,1.0,0.025630375777805234,0.9975,0.054672513452270054,0.9125,0.10996724290149806
sample_0028,spots,substrate_depl,0.4722120343839542,0.531,0.05,2,0.5094285784465363,False,0.001,0.024723521310747714,0.02472396766609763,982.7179895558638,0.9978823072535528,0.9981167608286252,,,,,,,,
sample_0028,spots,substrate_depl,0.4722120343839542,0.531,0.05,3,0.7187423051667486,False,0.001,0.12492146335878451,0.12492233095645844,74.48741716704355,0.9978823072535528,0.9981167608286252,,,,,,,,
sample_0028,spots,substrate_depl,0.4722120343839542,0.531,0.05,4,0.2388105391861488,False,0.3222048192771084,0.5685809901322809,0.1172657549804042,638.2602400165847,0.3176691913465199,0.3932112631316226,,,,,,,,
sample_0028,spots,substrate_depl,0.4722120343839542,0.531,0.05,5,1.8009088294029026e-08,True,0.5309879518072289,0.22884731307240003,-0.1434400533797497,101.14801917009646,0.12446933399305148,2.268962857084581e-05,1.0,0.012767504649564528,1.0,0.02542557098689674,0.9825,0.05114778627000641,0.81,0.10440094155965622
sample_0028,spots,substrate_depl,0.4722120343839542,0.531,0.05,6,2.795664671032238e-08,True,0.5309879518072289,0.49789993405847,-0.16217417665109773,61.84682738348379,0.12446933399305148,2.268962857084581e-05,1.0,0.007053390840084016,1.0,0.028245092048322155,0.9475,0.052644309637465,0.81,0.09988248359681924
sample_0028,spots,substrate_depl,0.4722120343839542,0.531,0.05,7,0.44027742563002054,False,0.001,0.018392582564891125,0.018392922629166197,746.5770809224724,0.9978823072535528,0.9981167608286252,,,,,,,,
sample_0028,spots,substrate_depl,0.4722120343839542,0.531,0.05,8,2.3805708755572086,False,0.3703855421686747,1.486845388217425,0.7532820859606459,97.01650347752079,0.21563722396046495,0.30247543847707214,,,,,,,,
sample_0028,spots,substrate_depl,0.4722120343839542,0.531,0.05,9,3.2767228677606676e-08,True,0.5309879518072289,0.7378748783265507,-0.39605302165427914,128.31474397526642,0.12446933399305148,2.268962857084581e-05,1.0,0.0151064581064183,1.0,0.028648091627140396,0.9975,0.052786814729871435,0.9575,0.11047212816052443
sample_0028,spots,substrate_depl,0.4722120343839542,0.531,0.05,10,1.975026337356571e-08,True,0.5309879518072289,0.22181879329441134,-0.10301184369308258,21.70025992612863,0.12446933399305148,2.268962857084581e-05,1.0,0.01067764710584572,0.9875,0.0334940615412509,0.815,0.06913327477601111,0.48,0.121103214702209
sample_0028,spots,substrate_depl,0.4722120343839542,0.531,0.05,11,0.9058940983172724,False,0.001,0.10444567360660731,0.10444966055897284,151.86648873698516,0.9978823072535528,0.9981167608286252,,,,,,,,
sample_0028,spots,substrate_depl,0.4722120343839542,0.531,0.1,0,0.005347028974828179,True,0.5631084337349398,0.7564561108167958,-0.29590127890009943,150.13722978944247,0.19249064558375487,0.0604678601411295,1.0,0.005439627788508202,1.0,0.02962201060962889,0.9925,0.05276360941195648,0.8825,0.10614960799782622
sample_0028,spots,substrate_depl,0.4722120343839542,0.531,0.1,1,0.011409719820546994,True,0.46674698795180725,0.17292530193509847,-0.6823104969670197,182.44376511983873,0.011573289188355046,0.12100378916797133,1.0,0.01648604258683592,0.9975,0.02730293093147858,0.9075,0.057047413905749134,0.7425,0.11059362512236517
sample_0028,spots,substrate_depl,0.4722120343839542,0.531,0.1,2,3.38864945604647e-05,True,0.5309879518072289,0.2629600578585283,-0.14346701406455264,411.10437077260025,0.12446933399305148,2.268962857084581e-05,1.0,0.015263484038870172,1.0,0.03308952331679207,0.9525,0.0668080309687465,0.67,0.1077542519783787
sample_0028,spots,substrate_depl,0.4722120343839542,0.531,0.1,3,0.07465992608708148,True,0.6915903614457831,0.6018148002630994,-0.7963768452350073,105.46190167357219,0.4645758919465679,0.3024300592199305,1.0,0.005912322850332033,1.0,0.031231144792753088,0.9525,0.0568282312495501,0.83,0.10885621732295636
sample_0028,spots,substrate_depl,0.4722120343839542,0.531,0.1,4,4.850946969115325,False,0.2740240963855422,1.1020171496026272,1.0676225861367994,73.86744590987549,0.41970115873257474,0.4839470877861729,,,,,,,,
sample_0028,spots,substrate_depl,0.4722120343839542,0.531,0.1,5,2.1004855230847323e-10,True,0.5149277108433735,0.2215963444187352,-0.24294511227627852,608.3177128035029,0.0904586781976999,0.030267964513420915,1.0,0.014255842704792571,1.0,0.02561641055961768,1.0,0.05356809620429439,0.98,0.09255094991795633
sample_0028,spots,substrate_depl,0.4722120343839542,0.531,0.1,6,6.148157318698504e-06,True,0.5149277108433735,0.12391936601093656,-0.28735049484009234,79.03861228898482,0.0904586781976999,0.030267964513420915,1.0,0.004628713627518012,1.0,0.030100000801180547,1.0,0.055063437745271934,0.98,0.1016552231700515
sample_0028,spots,substrate_depl,0.4722120343839542,0.531,0.1,7,0.0004560494580989253,True,0.5309879518072289,1.307683704529735,-0.050850744523911695,156.17138034189855,0.12446933399305148,2.268962857084581e-05,1.0,0.005552717312136804,0.83,0.026242178482391625,0.67,0.051921854290486354,0.5775,0.10597628201241753
sample_0028,spots,substrate_depl,0.4722120343839542,0.531,0.1,8,0.8143577944902731,False,0.2097831325301205,0.23701103637431498,0.11554103084521561,7.934468681614142,0.5557437819139813,0.6049281873255735,,,,,,,,
sample_0028,spots,substrate_depl,0.4722120343839542,0.531,0.1,9,4.0438002948709624e-05,True,0.5309879518072289,0.625927945268355,-0.2591747204929977,45.152298709134875,0.12446933399305148,2.268962857084581e-05,1.0,0.003024596115447453,1.0,0.028424432987506337,0.9975,0.06162420566084099,0.9125,0.11944035040752822
sample_0028,spots,substrate_depl,0.4722120343839542,0.531,0.1,10,8.341442214941819e-08,True,0.5149277108433735,0.1985671188991338,-0.10693794905272386,95.46569583740597,0.0904586781976999,0.030267964513420915,1.0,0.013444209769392252,1.0,0.027119883134429014,0.9875,0.05235473447789608,0.865,0.09797711104342316
sample_0028,spots,substrate_depl,0.4722120343839542,0.531,0.1,11,8.062526800934749e-08,True,0.4988674698795181,0.07292901681424269,-0.06486062665459394,486.1569837314675,0.05644802240234822,0.060513239398271086,1.0,0.009071219598240008,1.0,0.026284050245226186,0.9975,0.05381198409948354,0.9575,0.09519826952037459
sample_0028,spots,substrate_depl,0.4722120343839542,0.531,0.2,0,0.004174304236645115,True,0.5631084337349398,0.7383207438466286,-0.2290621164668833,275.4628675811347,0.19249064558375487,0.0604678601411295,1.0,0.003995175475591143,1.0,0.026641717806257702,1.0,0.05082535711242236,0.95,0.10611816897420212
sample_0028,spots,substrate_depl,0.4722120343839542,0.531,0.2,1,1.43418735065896e-05,True,0.5309879518072289,0.24677148927309922,-0.7187515181908447,90.29427382944718,0.12446933399305148,2.268962857084581e-05,1.0,0.012867165565751472,1.0,0.025986455389547438,1.0,0.051675239277050214,0.9675,0.11103197831412101
sample_0028,spots,substrate_depl,0.4722120343839542,0.531,0.2,2,3.263997454604375e-05,True,0.5309879518072289,0.5483923748858217,-0.5826721349110682,83.39244180167957,0.12446933399305148,2.268962857084581e-05,1.0,0.014871516877693862,1.0,0.02766040970502882,1.0,0.05236628807375341,0.9625,0.11021010006946952
sample_0028,spots,substrate_depl,0.4722120343839542,0.531,0.2,3,1.3993974836356125e-05,True,0.5309879518072289,0.2418320359859809,-0.2914981574515291,85.84336588089445,0.12446933399305148,2.268962857084581e-05,1.0,0.01439390278705751,1.0,0.026953905170255463,1.0,0.052654833033102956,0.94,0.10891527452254446
sample_0028,spots,substrate_depl,0.4722120343839542,0.531,0.2,4,0.00010789295383988565,True,0.5309879518072289,0.1652904198721572,-0.36609652027523937,77.4256363653359,0.12446933399305148,2.268962857084581e-05,1.0,0.011553624094171105,1.0,0.028486782609225304,1.0,0.0526630019897221,0.93,0.10953585395435214
sample_0028,spots,substrate_depl,0.4722120343839542,0.531,0.2,5,0.3986012764429465,False,0.8682530120481928,1.1790462953801182,0.19735315631220354,626.3901648841895,0.8386931056954361,0.635128082953282,,,,,,,,
sample_0028,spots,substrate_depl,0.4722120343839542,0.531,0.2,6,9.443912729398896e-07,True,0.4988674698795181,0.21282244831624553,-0.32713255974708033,592.1513959103585,0.05644802240234822,0.060513239398271086,1.0,0.015230902946895228,1.0,0.024748113531832126,1.0,0.054123327048605424,1.0,0.10614587335138058
sample_0028,spots,substrate_depl,0.4722120343839542,0.531,0.2,7,0.0040955543736353435,True,0.5631084337349398,0.242374766613211,-0.8382888239743083,92.72688806944149,0.19249064558375487,0.0604678601411295,1.0,0.014356009507404647,1.0,0.028953816510466412,1.0,0.05805375205003974,0.935,0.10572545459897437
sample_0028,spots,substrate_depl,0.4722120343839542,0.531,0.2,8,3.433814807136678e-08,True,0.5149277108433735,0.21960466196431483,-0.16492191057530864,328.3796452079802,0.0904586781976999,0.030267964513420915,1.0,0.006456611011847571,1.0,0.024063404234321236,1.0,0.051428034890559686,0.96,0.1072901748288573
sample_0028,spots,substrate_depl,0.4722120343839542,0.531,0.2,9,2.397343622875967e-05,True,0.5149277108433735,0.1650089971333557,-0.076268174194507,254.9172319514041,0.0904586781976999,0.030267964513420915,1.0,0.0031023297529353864,1.0,0.026701879287760015,0.98,0.050443430331127866,0.7675,0.10920228763264503
sample_0028,spots,substrate_depl,0.4722120343839542,0.531,0.2,10,0.1800658936996302,False,0.3543253012048193,0.2987732196852786,0.04113881218216936,17.50815765187875,0.2496478797558165,0.3327207133619222,,,,,,,,
sample_0028,spots,substrate_depl,0.4722120343839542,0.531,0.2,11,1.0127163145321425e-06,True,0.5149277108433735,0.34938241900347755,-0.3893317365540936,266.0439123195095,0.0904586781976999,0.030267964513420915,1.0,0.010006758400128327,1.0,0.02545146188485612,1.0,0.052571658956184486,0.9975,0.10431537105575746
sample_0028,spots,substrate_depl,0.4722120343839542,0.531,0.35,0,0.8590967170444519,False,0.001,0.057480143932480576,0.05748306890739817,4.253133574565471,0.9978823072535528,0.9981167608286252,,,,,,,,
sample_0028,spots,substrate_depl,0.4722120343839542,0.531,0.35,1,0.03293664354356053,True,0.6273493975903615,0.22393416557528312,-0.8104940675203406,160.3498770823415,0.32853326876516137,0.18144895968053,1.0,0.005243059881352907,1.0,0.026131290378375575,1.0,0.06134040643295187,0.8975,0.10554747868744563
sample_0028,spots,substrate_depl,0.4722120343839542,0.531,0.35,2,0.002665757966739785,True,0.5470481927710844,0.2207175612770902,-0.21311128466942492,123.79577968329473,0.15847998978840327,0.03022258525627943,1.0,0.003281744388776272,1.0,0.027622038440917783,1.0,0.05433255662035641,0.9775,0.10317716363887544
sample_0028,spots,substrate_depl,0.4722120343839542,0.531,0.35,3,2.658396843298317e-05,True,0.4828072289156627,0.1296478800373304,-0.12369711267805689,627.6091572840984,0.022437366606996644,0.09075851428312116,1.0,0.0023458628036055916,1.0,0.02586915009237044,1.0,0.04992395756545802,1.0,0.09956382767393483
sample_0028,spots,substrate_depl,0.4722120343839542,0.531,0.35,4,1.2390076882549462e-06,True,0.4988674698795181,0.15495928158234662,-0.23291543473249182,880.2054800543816,0.05644802240234822,0.060513239398271086,1.0,0.0027866441895688598,1.0,0.026593705754717322,1.0,0.05244631348921217,1.0,0.09925011266173642
sample_0028,spots,substrate_depl,0.4722120343839542,0.531,0.35,5,6.884303358820219e-06,True,0.5149277108433735,0.23716125952526568,-0.2635454939486502,2319.947050184005,0.0904586781976999,0.030267964513420915,1.0,0.002199553926801067,1.0,0.025074879858697014,1.0,0.051219293482009695,1.0,0.10783402233705817
sample_0028,spots,substrate_depl,0.4722120343839542,0.531,0.35,6,0.7283696551768588,False,0.001,0.02326701354282354,0.023268250929663642,102.44132793457771,0.9978823072535528,0.9981167608286252,,,,,,,,
sample_0028,spots,substrate_depl,0.4722120343839542,0.531,0.35,7,0.005470922360649664,True,0.4828072289156627,0.30937169767584827,-0.22837188784712809,125.05812958167262,0.022437366606996644,0.09075851428312116,1.0,0.006509781763450959,1.0,0.027231257480657075,0.9975,0.0517026898003063,0.9225,0.10976382314065383
sample_0028,spots,substrate_depl,0.4722120343839542,0.531,0.35,8,8.041951504889288e-05,True,0.5309879518072289,0.29345942205184095,-0.18087528585879536,206.67091291306818,0.12446933399305148,2.268962857084581e-05,1.0,0.014307085267399886,1.0,0.025417986124586713,1.0,0.05282611630870402,0.9925,0.10745969217120996
sample_0028,spots,substrate_depl,0.4722120343839542,0.531,0.35,9,0.000919546443770917,True,0.5309879518072289,0.37844428942529973,-0.14561808474061028,331.78119860456394,0.12446933399305148,2.268962857084581e-05,1.0,0.013393848292627865,1.0,0.02659653103876235,1.0,0.04925000731924476,0.9925,0.10115907422079737
sample_0028,spots,substrate_depl,0.4722120343839542,0.531,0.35,10,0.00022805469845319653,True,0.5149277108433735,0.30064570888668385,-0.8746981260672753,617.8263580254148,0.0904586781976999,0.030267964513420915,1.0,0.00906264006227282,1.0,0.025501901430337204,1.0,0.05073169650050158,0.9975,0.10500194145225054
sample_0028,spots,substrate_depl,0.4722120343839542,0.531,0.35,11,6.2513539489940205e-06,True,0.5149277108433735,0.27813147877435185,-0.2345577668023559,569.009015078262,0.0904586781976999,0.030267964513420915,1.0,0.0015573936065491417,1.0,0.02549776037801792,1.0,0.0503817216199064,0.9975,0.1037509980894052
sample_0029,stripes,substrate_depl,0.43210888252149,0.405,0.0,0,1.7950066913540898e-14,True,0.38644578313253014,0.09956369440293322,-0.3177612914068277,675.0057774181686,0.10567498432918443,0.04581288115424663,1.0,1.4364537964752607e-16,1.0,0.028253528251933595,1.0,0.055112659170638664,0.9975,0.10517742402485192
sample_0029,stripes,substrate_depl,0.43210888252149,0.405,0.0,1,0.00753531683668575,True,0.4346265060240964,1.0976017390616715,-0.3122891046476322,77.86386290836047,0.005826363688511348,0.07315186672616392,1.0,0.004103541725744744,1.0,0.029799571810536263,0.9825,0.05389883205155511,0.86,0.10424706969802568
sample_0029,stripes,substrate_depl,0.43210888252149,0.405,0.0,2,5.265846014953657e-10,True,0.38644578313253014,0.3962959244209543,-0.44353583446391087,1400.9555444952507,0.10567498432918443,0.04581288115424663,1.0,0.02115520390079469,1.0,0.027283768591993777,1.0,0.051110731951549554,1.0,0.10320772102249046
sample_0029,stripes,substrate_depl,0.43210888252149,0.405,0.0,3,1.3332587197643098e-12,True,0.4025060240963856,0.13843649338834219,-0.2984227006923468,232.57358613694902,0.06850786832328579,0.006157965194109735,1.0,0.016088638379790854,1.0,0.02673604108988672,0.995,0.0513022383917437,0.925,0.09938480240549602
sample_0029,stripes,substrate_depl,0.43210888252149,0.405,0.0,4,0.0011809415858905108,True,0.38644578313253014,0.014984527034744843,-0.692727895037045,549.3084342942493,0.10567498432918443,0.04581288115424663,1.0,0.0029319076061938747,0.75,0.0268660802288496,0.6675,0.05377328811604219,0.5525,0.11367482646497205
sample_0029,stripes,substrate_depl,0.43210888252149,0.405,0.0,5,8.654942982533574e-11,True,0.4025060240963856,0.3018256369371315,-0.0515637235774169,456.6732123189514,0.06850786832328579,0.006157965194109735,1.0,0.0,0.9075,0.027518139300706946,0.755,0.05135237857246368,0.5325,0.09880541570876565
sample_0029,stripes,substrate_depl,0.43210888252149,0.405,0.0,6,0.08296318737401412,False,0.001,-0.0918949422397497,-0.0918948492042917,720.2235234197992,0.9976857684707505,0.9975308641975309,,,,,,,,
sample_0029,stripes,substrate_depl,0.43210888252149,0.405,0.0,7,1.3378667170623233e-11,True,0.4025060240963856,0.047942511094230866,-0.35256145653278825,84.96313934643408,0.06850786832328579,0.006157965194109735,1.0,0.0,0.72,0.02498615380048047,0.61,0.04963428195899964,0.55,0.0962467671843613
sample_0029,stripes,substrate_depl,0.43210888252149,0.405,0.0,8,3.713030672515505e-10,True,0.38644578313253014,0.17203986575643349,-0.3476343871993578,235.09505878292885,0.10567498432918443,0.04581288115424663,1.0,0.0073594348023204,1.0,0.028765585260204243,1.0,0.06273304977822117,0.94,0.11000008998936711
sample_0029,stripes,substrate_depl,0.43210888252149,0.405,0.0,9,0.8698612073000407,False,0.001,0.08323193698454379,0.08323744026864155,1.4638402381176285,0.9976857684707505,0.9975308641975309,,,,,,,,
sample_0029,stripes,substrate_depl,0.43210888252149,0.405,0.0,10,3.4056744660051173e-09,True,0.4025060240963856,0.46462171973088573,-0.32288218124314216,253.8664909584379,0.06850786832328579,0.006157965194109735,1.0,0.0065323225807955645,1.0,0.028254738308172538,1.0,0.057797759380138654,0.9575,0.10950346060980116
sample_0029,stripes,substrate_depl,0.43210888252149,0.405,0.0,11,7.37526983686621e-12,True,0.4025060240963856,0.18171384377973254,-0.15087814713181724,949.7457012262538,0.06850786832328579,0.006157965194109735,1.0,0.02011479962721069,1.0,0.026641655838212864,1.0,0.05720002633319032,0.98,0.1041852782245081
sample_0029,stripes,substrate_depl,0.43210888252149,0.405,0.05,0,2.2471231406062987e-08,True,0.38644578313253014,0.04993634099018607,-0.35992886224349663,1406.9267234066506,0.10567498432918443,0.04581288115424663,1.0,1.4364537964752607e-16,1.0,0.028300008015109485,0.9975,0.054401571341686966,0.895,0.10335428763342801
sample_0029,stripes,substrate_depl,0.43210888252149,0.405,0.05,1,1.428546790902665e-09,True,0.4025060240963856,0.14489393316586785,-1.4716255439296244,897.4303302930439,0.06850786832328579,0.006157965194109735,1.0,0.011882242760703807,1.0,0.02511319806499637,1.0,0.050169870243073,0.895,0.10339671624124903
sample_0029,stripes,substrate_depl,0.43210888252149,0.405,0.05,2,5.6443858837942113e-08,True,0.38644578313253014,0.3181020389296423,-0.7540798993946558,179.689461097842,0.10567498432918443,0.04581288115424663,1.0,0.020278304498931636,1.0,0.030131946095060123,1.0,0.057464149568938167,0.9675,0.10465877162648712
sample_0029,stripes,substrate_depl,0.43210888252149,0.405,0.05,3,8.383155828944753e-07,True,0.4025060240963856,0.15368055049225404,-0.23440189837410852,128.2184120902808,0.06850786832328579,0.006157965194109735,1.0,0.005235622592346987,1.0,0.03109525485340971,0.965,0.06300156614888362,0.685,0.11129169129628548
sample_0029,stripes,substrate_depl,0.43210888252149,0.405,0.05,4,1.1330744386503586e-08,True,0.38644578313253014,0.1319732413374517,-0.4660200900294127,243.4305720331393,0.10567498432918443,0.04581288115424663,1.0,0.008599238426496854,1.0,0.0284182600972844,1.0,0.052069196463577994,0.9825,0.1012276412751557
sample_0029,stripes,substrate_depl,0.43210888252149,0.405,0.05,5,7.10949049601795e-05,True,0.4025060240963856,0.15811283630663198,-0.1938035487731966,137.60924853181263,0.06850786832328579,0.006157965194109735,1.0,0.014051063118101113,0.985,0.041120077660097704,0.72,0.07070767343723164,0.475,0.12386733113645533
sample_0029,stripes,substrate_depl,0.43210888252149,0.405,0.05,6,4.4475269558713546e-09,True,0.4025060240963856,0.4821539911910264,-0.8853223616207185,332.6462321683726,0.06850786832328579,0.006157965194109735,1.0,0.005235622592346986,1.0,0.027583343389198944,1.0,0.050439633495203084,0.9975,0.10843946826252025
sample_0029,stripes,substrate_depl,0.43210888252149,0.405,0.05,7,0.7568681160861606,False,0.001,-0.13132738352557793,-0.13132611852699894,67.18610909404227,0.9976857684707505,0.9975308641975309,,,,,,,,
sample_0029,stripes,substrate_depl,0.43210888252149,0.405,0.05,8,5.720298429639202e-08,True,0.4025060240963856,0.623067828205869,-0.11869468150624707,81.72215153880884,0.06850786832328579,0.006157965194109735,1.0,0.003971646534201793,1.0,0.029507179248853037,0.9975,0.05408660993224212,0.8875,0.1089419333422169
sample_0029,stripes,substrate_depl,0.43210888252149,0.405,0.05,9,8.163489798375367e-06,True,0.4025060240963856,0.04481189837168387,-0.02693068279302757,572.921042874219,0.06850786832328579,0.006157965194109735,1.0,0.018770392056846236,0.91,0.037768005412316334,0.73,0.06602655794109714,0.4925,0.10459006829210955
sample_0029,stripes,substrate_depl,0.43210888252149,0.405,0.05,10,7.692574050519244e-10,True,0.38644578313253014,1.6043461454200667,-0.2003481293598538,665.5695606248815,0.10567498432918443,0.04581288115424663,1.0,0.015931524140985535,0.9975,0.029143764163222438,0.9225,0.053846794509964165,0.6925,0.08858173740661385
sample_0029,stripes,substrate_depl,0.43210888252149,0.405,0.05,11,1.9515639705636267e-07,True,0.4025060240963856,0.32643827192383945,-0.06200978661926526,53.66507271329627,0.06850786832328579,0.006157965194109735,1.0,0.0,1.0,0.030662327686861144,0.99,0.056780895916768284,0.8575,0.11476036479523716
sample_0029,stripes,substrate_depl,0.43210888252149,0.405,0.1,0,3.5295705426081247e-07,True,0.4025060240963856,0.170494604468991,-0.07799514373145061,68.23061652677245,0.06850786832328579,0.006157965194109735,1.0,0.005922695206807025,1.0,0.02793521633770621,0.985,0.051590661531812056,0.7625,0.09832151356263051
sample_0029,stripes,substrate_depl,0.43210888252149,0.405,0.1,1,4.235781338214206e-08,True,0.4025060240963856,0.5417799895449669,-0.23081917060586116,284.10592238617585,0.06850786832328579,0.006157965194109735,1.0,0.007084519261385048,1.0,0.028531187474047363,1.0,0.05695431812530176,0.98,0.1097362844416911
sample_0029,stripes,substrate_depl,0.43210888252149,0.405,0.1,2,9.033576729638616e-05,True,0.4025060240963856,0.19509812418033512,-0.4629623057798291,359.96604441166113,0.06850786832328579,0.006157965194109735,1.0,0.0048529232657848,1.0,0.03036929580026102,1.0,0.05674441714464608,0.965,0.10469325699060332
sample_0029,stripes,substrate_depl,0.43210888252149,0.405,0.1,3,1.489095361343079e-06,True,0.4025060240963856,1.077957265704022,-0.8432017773962067,270.07895857415286,0.06850786832328579,0.006157965194109735,1.0,0.006814693645682273,1.0,0.02783323050532234,1.0,0.053187861103308476,0.945,0.0974437845800242
sample_0029,stripes,substrate_depl,0.43210888252149,0.405,0.1,4,1.9474191400616337e-06,True,0.4025060240963856,0.8680563575230735,-1.573381003238505,126.23663027182361,0.06850786832328579,0.006157965194109735,1.0,0.001992734559159968,1.0,0.028849990733227707,1.0,0.054852455883886916,0.97,0.11026981079891571
sample_0029,stripes,substrate_depl,0.43210888252149,0.405,0.1,5,1.0578890290612602e-08,True,0.38644578313253014,0.5717522315470802,-0.2781919224000915,1433.227472182274,0.10567498432918443,0.04581288115424663,1.0,0.014012681874576488,1.0,0.02720227635374047,1.0,0.0483132864513099,0.9675,0.09596448288249708
sample_0029,stripes,substrate_depl,0.43210888252149,0.405,0.1,6,2.684975930241343e-08,True,0.4025060240963856,0.28967690828165615,-0.3238783003261609,405.879211044738,0.06850786832328579,0.006157965194109735,1.0,0.018168663666419217,1.0,0.027194656427579764,1.0,0.05443440899487228,0.9875,0.10474140893411124
sample_0029,stripes,substrate_depl,0.43210888252149,0.405,0.1,7,0.04017467274883483,False,0.3703855421686747,-0.07615504138204399,-0.22773775910310257,85.37342914701418,0.14284210033508307,0.08546779711438353,,,,,,,,
sample_0029,stripes,substrate_depl,0.43210888252149,0.405,0.1,8,8.077582863859624e-08,True,0.4025060240963856,0.13988588357371157,-1.181733436606433,386.50620509017295,0.06850786832328579,0.006157965194109735,1.0,0.020174146032599028,1.0,0.02760980514561344,1.0,0.0510392635380022,0.9475,0.10558741177445369
sample_0029,stripes,substrate_depl,0.43210888252149,0.405,0.1,9,1.8730102162707492e-07,True,0.4025060240963856,0.6862504813636967,-1.5436874996155268,218.2850284013728,0.06850786832328579,0.006157965194109735,1.0,0.001992734559159968,1.0,0.02751412319897173,1.0,0.052191480853780226,1.0,0.10824877051371652
sample_0029,stripes,substrate_depl,0.43210888252149,0.405,0.1,10,0.00010623292812232912,True,0.4025060240963856,0.15453734138893083,-0.2767937331999528,311.2630192517982,0.06850786832328579,0.006157965194109735,1.0,0.004430846219569777,1.0,0.033398225391382146,0.9725,0.06526073359601628,0.7275,0.11183573174538125
sample_0029,stripes,substrate_depl,0.43210888252149,0.405,0.1,11,1.7718532679527477e-06,True,0.4025060240963856,0.24248201118580504,-0.017010829591421583,81.72141973414494,0.06850786832328579,0.006157965194109735,1.0,0.0019927345591599682,0.9825,0.030700312587198384,0.81,0.051443060871442015,0.5,0.11271291655413396
sample_0029,stripes,substrate_depl,0.43210888252149,0.405,0.2,0,0.009779913844185709,False,0.3703855421686747,-0.02230032113831104,-0.37747316623477367,167.31579104077642,0.14284210033508307,0.08546779711438353,,,,,,,,
sample_0029,stripes,substrate_depl,0.43210888252149,0.405,0.2,1,1.4433108754161166e-07,True,0.4025060240963856,0.41405661721761433,-0.41389558806704746,163.0842651309372,0.06850786832328579,0.006157965194109735,1.0,0.006814693645682275,1.0,0.0272690751661685,1.0,0.05207108891944601,0.9875,0.10432483832669062
sample_0029,stripes,substrate_depl,0.43210888252149,0.405,0.2,2,0.0037625216250121328,True,0.41856626506024097,0.1294785398512488,-0.342193471668625,164.54495937445753,0.03134075231738729,0.033496950766027024,1.0,0.018458187546371293,1.0,0.034214087911552137,0.96,0.06411972086342389,0.75,0.11962964087393924
sample_0029,stripes,substrate_depl,0.43210888252149,0.405,0.2,3,1.8614279294589182,True,1.831867469879518,1.2488312456246362,-0.38027134617180236,266.95432004330894,3.2393654562016883,3.5231295552580693,1.0,0.005672702399192951,1.0,0.024469394068834024,1.0,0.05207172227933201,0.9925,0.10246826781388645
sample_0029,stripes,substrate_depl,0.43210888252149,0.405,0.2,4,1.8299050624227745e-06,True,0.4025060240963856,0.3923008166302644,-0.7308562504461812,290.1625328685766,0.06850786832328579,0.006157965194109735,1.0,0.008503209120609843,1.0,0.02859526337788274,1.0,0.05623877508070235,0.9925,0.10266155859849925
sample_0029,stripes,substrate_depl,0.43210888252149,0.405,0.2,5,9.82077794125512e-06,True,0.4025060240963856,0.44059386545954027,-1.3073452046388683,356.5117506233782,0.06850786832328579,0.006157965194109735,1.0,0.003971646534201792,1.0,0.029605903787000065,1.0,0.05505211476019784,1.0,0.10121473459550297
sample_0029,stripes,substrate_depl,0.43210888252149,0.405,0.2,6,0.46131897813257966,False,0.001,-0.15162115710721374,-0.15162076177481593,455.94764370932245,0.9976857684707505,0.9975308641975309,,,,,,,,
sample_0029,stripes,substrate_depl,0.43210888252149,0.405,0.2,7,7.980024092369186e-06,True,0.4025060240963856,0.27762925400849525,-0.47628316363102474,265.94448694556667,0.06850786832328579,0.006157965194109735,1.0,0.006532322580795564,1.0,0.02853642693981428,1.0,0.056393224627724704,0.9875,0.10505604910981803
sample_0029,stripes,substrate_depl,0.43210888252149,0.405,0.2,8,0.0001582205588458618,True,0.4025060240963856,0.6247831880939092,-0.5279332703914293,127.86968625478302,0.06850786832328579,0.006157965194109735,1.0,0.005912070380212514,1.0,0.028532605727302877,1.0,0.05502331474568366,0.9625,0.1002007868151067
sample_0029,stripes,substrate_depl,0.43210888252149,0.405,0.2,9,8.710922866240114e-08,True,0.38644578313253014,0.31008374276592576,-0.27223568936703213,820.1927077922608,0.10567498432918443,0.04581288115424663,1.0,0.0035844623993411522,1.0,0.026252352297691413,1.0,0.05264843153868576,0.9975,0.10051972062114276
sample_0029,stripes,substrate_depl,0.43210888252149,0.405,0.2,10,1.500630771554329e-07,True,0.38644578313253014,0.44924882733289806,-0.47801878168442136,726.4288542532398,0.10567498432918443,0.04581288115424663,1.0,0.01732372417467062,1.0,0.026814257074868588,1.0,0.050916176580359664,1.0,0.09636508749075508
sample_0029,stripes,substrate_depl,0.43210888252149,0.405,0.2,11,0.0007966975867313729,True,0.4025060240963856,0.10541911669715631,-0.3787974710982538,129.7812888114861,0.06850786832328579,0.006157965194109735,1.0,0.014257712089073156,1.0,0.029749238682387522,0.9925,0.06010136381980534,0.855,0.12233264265233501
sample_0029,stripes,substrate_depl,0.43210888252149,0.405,0.35,0,4.3594912142742735e-05,True,0.3703855421686747,0.30338130684138775,-0.6868733254228239,4248.175767035533,0.14284210033508307,0.08546779711438353,1.0,0.006762383770004928,1.0,0.02668757248355599,1.0,0.051720351946418046,1.0,0.09858608638720416
sample_0029,stripes,substrate_depl,0.43210888252149,0.405,0.35,1,7.07529371817423e-07,True,0.38644578313253014,0.20886956604655005,-0.19170421276961458,149.22609558599137,0.10567498432918443,0.04581288115424663,1.0,0.020097579595154676,1.0,0.027415551205378093,1.0,0.0529152982887588,0.9875,0.10705963387410825
sample_0029,stripes,substrate_depl,0.43210888252149,0.405,0.35,2,0.00021175442791052478,True,0.3543253012048193,0.03748293556175675,-0.07837438678378919,839.263464852579,0.18000921634098158,0.12512271307452028,1.0,3.1333439098197135e-16,1.0,0.027205305743930635,1.0,0.05475116024220123,0.99,0.09236071822361745
sample_0029,stripes,substrate_depl,0.43210888252149,0.405,0.35,3,4.606831742844998e-05,True,0.3703855421686747,0.11760084062405696,-0.5137445425523056,2721.0029307440996,0.14284210033508307,0.08546779711438353,1.0,0.0056813809500030595,1.0,0.026932876392163855,1.0,0.052811049470409356,1.0,0.0985815050240561
sample_0029,stripes,substrate_depl,0.43210888252149,0.405,0.35,4,0.00022556971057013171,True,0.38644578313253014,0.13048373015343628,-0.1697427397023455,1526.5350873241578,0.10567498432918443,0.04581288115424663,1.0,0.002075558913938535,1.0,0.02716034532234236,1.0,0.05312560825294065,0.9875,0.10193808093270677
sample_0029,stripes,substrate_depl,0.43210888252149,0.405,0.35,5,0.003788995620969788,True,0.41856626506024097,0.3505101665135264,-0.9423430536942221,287.0046730766876,0.03134075231738729,0.033496950766027024,1.0,0.013804059110111176,1.0,0.026861353713624383,1.0,0.05384728736237991,0.985,0.1034979982568941
sample_0029,stripes,substrate_depl,0.43210888252149,0.405,0.35,6,0.0020911279060988708,True,0.38644578313253014,0.023356947088174707,-0.14294817139456126,35.094965137307675,0.10567498432918443,0.04581288115424663,0.9575,0.0,0.6025,0.028512204965090666,0.5475,0.054053918746221896,0.5,0.09587852405710655
sample_0029,stripes,substrate_depl,0.43210888252149,0.405,0.35,7,9.331326278612591,False,0.001,1.4613759195364566,1.461378000774789,86.74695347731152,0.9976857684707505,0.9975308641975309,,,,,,,,
sample_0029,stripes,substrate_depl,0.43210888252149,0.405,0.35,8,0.0009422793294674315,True,0.38644578313253014,0.3537003260404852,-0.21960762410475948,323.3070865131327,0.10567498432918443,0.04581288115424663,1.0,1.4364537964752607e-16,1.0,0.02907365510238616,1.0,0.05337371905665921,1.0,0.10623228389000032
sample_0029,stripes,substrate_depl,0.43210888252149,0.405,0.35,9,0.00034684229030634085,True,0.4025060240963856,0.21642181987197517,-1.2523196845266078,620.4409180771991,0.06850786832328579,0.006157965194109735,1.0,0.0,1.0,0.02759359621622838,1.0,0.055263822150702246,0.995,0.1088346492984275
sample_0029,stripes,substrate_depl,0.43210888252149,0.405,0.35,10,9.102593573333317e-07,True,0.38644578313253014,0.134245554028535,-0.924090688110467,490.08484676908574,0.10567498432918443,0.04581288115424663,1.0,0.0035844623993411522,1.0,0.02625371776559712,1.0,0.05378246199914954,0.9925,0.10224028754111018
sample_0029,stripes,substrate_depl,0.43210888252149,0.405,0.35,11,1.3458591325759245e-06,True,0.38644578313253014,0.3120881453037043,-0.2192366876088399,1485.3438386956145,0.10567498432918443,0.04581288115424663,1.0,1.4364537964752607e-16,1.0,0.025681399081530012,1.0,0.04996592987588139,1.0,0.09770286400991111
sample_0030,stripes,substrate_depl,0.33185100286532954,0.365,0.0,0,6.743904379969748e-11,True,0.3543253012048193,0.09804330245537507,-0.35517455544428156,94.61723489003626,0.06772406334601376,0.02924575012378269,1.0,3.1333439098197135e-16,1.0,0.032870774634309693,1.0,0.05994937168396749,0.8725,0.1151663298738838
sample_0030,stripes,substrate_depl,0.33185100286532954,0.365,0.0,1,1.0968324096021008e-11,True,0.3543253012048193,0.19967469210730115,-0.4067642300522768,740.7473853956742,0.06772406334601376,0.02924575012378269,1.0,0.02188895636203052,1.0,0.029112761485057714,1.0,0.05438716899162516,1.0,0.09706476229154344
sample_0030,stripes,substrate_depl,0.33185100286532954,0.365,0.0,2,7.006004741476474e-15,True,0.3703855421686747,0.043941974003280926,-0.12511627174968343,46.692060929078565,0.11612000256326811,0.01475491005116358,1.0,0.02080800378789237,0.9275,0.04677122013065593,0.6525,0.0856783870585814,0.38,0.13829444875098745
sample_0030,stripes,substrate_depl,0.33185100286532954,0.365,0.0,3,1.2258569038048496e-11,True,0.3543253012048193,0.22585064589216808,-0.034586681292681054,26.96370754430252,0.06772406334601376,0.02924575012378269,1.0,0.017180544631367277,0.9025,0.028633151629897585,0.72,0.05814220720756291,0.5025,0.10274068694397523
sample_0030,stripes,substrate_depl,0.33185100286532954,0.365,0.0,4,1.847419893044736e-05,True,0.3543253012048193,0.7646792644623392,-0.8733334475689953,104.47730278140804,0.06772406334601376,0.02924575012378269,1.0,0.022146646668126744,1.0,0.029378252801502885,0.9975,0.05961398789450543,0.9475,0.10810818636127073
sample_0030,stripes,substrate_depl,0.33185100286532954,0.365,0.0,5,5.212918845063775e-10,True,0.33826506024096387,0.5197006806596303,-0.4975524968171321,575.0114693380907,0.01932812412875925,0.07324641029872911,1.0,0.017691602351397013,1.0,0.027761224114366573,0.97,0.05688000887200973,0.8275,0.09899077988271554
sample_0030,stripes,substrate_depl,0.33185100286532954,0.365,0.0,6,2.313270910813847e-11,True,0.33826506024096387,0.29850639364109455,-0.19598421855268633,1054.5087748743329,0.01932812412875925,0.07324641029872911,1.0,3.2821096681823607e-16,1.0,0.02811409889096715,1.0,0.0519801819462997,0.985,0.1037445761569479
sample_0030,stripes,substrate_depl,0.33185100286532954,0.365,0.0,7,2.074679230566516e-11,True,0.3543253012048193,0.21051195240098863,-0.3248830843644612,214.03394078299874,0.06772406334601376,0.02924575012378269,1.0,3.1333439098197135e-16,1.0,0.02840851750419643,1.0,0.053544775094104505,1.0,0.10331719818036998
sample_0030,stripes,substrate_depl,0.33185100286532954,0.365,0.0,8,1.9624057967108968e-11,True,0.3543253012048193,0.1327043576702831,-0.503708698309245,280.1721677575751,0.06772406334601376,0.02924575012378269,1.0,0.0055132668241963025,1.0,0.027473924350029995,1.0,0.054433325985750534,0.985,0.104176744074448
sample_0030,stripes,substrate_depl,0.33185100286532954,0.365,0.0,9,2.3029851498698015e-10,True,0.3543253012048193,0.12060525596772287,-0.30697297497801945,118.05810839074975,0.06772406334601376,0.02924575012378269,1.0,0.00937719428907711,1.0,0.0327167413420879,0.99,0.06136779587928028,0.7875,0.10845045020013018
sample_0030,stripes,substrate_depl,0.33185100286532954,0.365,0.0,10,6.713751224335214e-11,True,0.3543253012048193,0.41100576141937406,-0.17254014086210234,94.14740937876981,0.06772406334601376,0.02924575012378269,1.0,0.005505775044735258,1.0,0.029077116089293538,0.995,0.05509853271493496,0.9425,0.1130604337408319
sample_0030,stripes,substrate_depl,0.33185100286532954,0.365,0.0,11,1.1212435485036644e-16,True,0.33826506024096387,0.5139411827132889,-0.26718236666868567,2569.5886967616743,0.01932812412875925,0.07324641029872911,1.0,3.2821096681823607e-16,1.0,0.02867631806673496,0.9975,0.04984935042571781,0.9175,0.09969087426972215
sample_0030,stripes,substrate_depl,0.33185100286532954,0.365,0.05,0,4.486839801108887e-08,True,0.3543253012048193,0.41469052413207663,-0.7368389512669342,160.3572449586574,0.06772406334601376,0.02924575012378269,1.0,0.008596632002673908,1.0,0.028107209689020127,1.0,0.054388807304741174,0.9925,0.11089708024767363
sample_0030,stripes,substrate_depl,0.33185100286532954,0.365,0.05,1,3.7626166073711867e-08,True,0.3543253012048193,0.14505779351351933,-0.07295173243281716,634.669054182148,0.06772406334601376,0.02924575012378269,1.0,3.1333439098197135e-16,1.0,0.02632200236219094,0.9975,0.05492135896352241,0.8775,0.10616059732937519
sample_0030,stripes,substrate_depl,0.33185100286532954,0.365,0.05,2,6.69576393690661e-08,True,0.3543253012048193,0.34270340898873286,-0.16950421351289044,81.75458648574458,0.06772406334601376,0.02924575012378269,1.0,0.0067151674784053225,1.0,0.029190661463399752,1.0,0.05764137472499461,0.9275,0.10316842498505992
sample_0030,stripes,substrate_depl,0.33185100286532954,0.365,0.05,3,2.4715470728081605e-07,True,0.3543253012048193,0.2112657389817887,-0.5012973446641502,287.43481104063466,0.06772406334601376,0.02924575012378269,1.0,3.1333439098197135e-16,1.0,0.029669773906123856,1.0,0.05650643685962706,0.94,0.1174532202544089
sample_0030,stripes,substrate_depl,0.33185100286532954,0.365,0.05,4,0.004257078551826374,True,0.33826506024096387,0.0628690218911423,-0.4750754972737772,131.9494842511733,0.01932812412875925,0.07324641029872911,1.0,3.2821096681823607e-16,0.9875,0.02834473657456253,0.8575,0.052085222369643414,0.69,0.10235535334946777
sample_0030,stripes,substrate_depl,0.33185100286532954,0.365,0.05,5,0.002696070131661468,False,0.33826506024096387,-0.005855937109224385,-0.6763510488823967,585.4311189879236,0.01932812412875925,0.07324641029872911,,,,,,,,
sample_0030,stripes,substrate_depl,0.33185100286532954,0.365,0.05,6,2.9652885888834763e-10,True,0.3543253012048193,0.21189206084877554,-0.4742021886938168,135.90374031489236,0.06772406334601376,0.02924575012378269,1.0,0.021407292611834185,1.0,0.028040723535273506,0.99,0.05494744628993569,0.8375,0.10270755697990377
sample_0030,stripes,substrate_depl,0.33185100286532954,0.365,0.05,7,1.1722184445815105e-07,True,0.3543253012048193,0.025372853952205787,-0.09809692813718307,444.86308130229463,0.06772406334601376,0.02924575012378269,1.0,0.023124066617770132,1.0,0.0315903599000921,0.9725,0.06285296456694647,0.735,0.1216595493456836
sample_0030,stripes,substrate_depl,0.33185100286532954,0.365,0.05,8,2.3310574126614827e-07,True,0.3543253012048193,0.12137638116936245,-0.2890756157428758,183.99830904384135,0.06772406334601376,0.02924575012378269,1.0,0.01160167039967794,1.0,0.02961336063293806,1.0,0.056587512355240566,0.9225,0.11404542690197839
sample_0030,stripes,substrate_depl,0.33185100286532954,0.365,0.05,9,2.3301725522084658e-07,True,0.3543253012048193,0.09190713306272347,-0.22881358152091813,169.01491330426106,0.06772406334601376,0.02924575012378269,1.0,0.02135973718617424,1.0,0.02988592363883237,1.0,0.05711384120893889,0.92,0.11565466517117783
sample_0030,stripes,substrate_depl,0.33185100286532954,0.365,0.05,10,1.7951305440100096e-08,True,0.3543253012048193,0.10365925583103142,-1.0674231028336583,248.78260217921667,0.06772406334601376,0.02924575012378269,1.0,0.0022632219108939277,1.0,0.0286801847737334,0.9925,0.053275960467699064,0.89,0.10290437328808104
sample_0030,stripes,substrate_depl,0.33185100286532954,0.365,0.05,11,2.0656047354462097e-07,True,0.3543253012048193,0.15634721466383006,-0.5073095464977494,60.45662581804862,0.06772406334601376,0.02924575012378269,1.0,0.008025604785451113,1.0,0.02889997618042372,0.9975,0.05463163099764953,0.8825,0.11312618320848153
sample_0030,stripes,substrate_depl,0.33185100286532954,0.365,0.1,0,0.002047389125447291,False,0.001,0.017458044703021258,0.017458102546362042,273.0398695833637,0.9969865994335843,0.9972602739726028,,,,,,,,
sample_0030,stripes,substrate_depl,0.33185100286532954,0.365,0.1,1,4.936976829010858e-08,True,0.3543253012048193,0.27312492870282234,-0.6452686124843788,326.4117028178214,0.06772406334601376,0.02924575012378269,1.0,3.1333439098197135e-16,1.0,0.028358574289982005,1.0,0.05421748382854198,0.99,0.10500134777779306
sample_0030,stripes,substrate_depl,0.33185100286532954,0.365,0.1,2,2.267308386903509e-07,True,0.3543253012048193,0.14710084880400665,-0.6420573984332845,86.9293299378869,0.06772406334601376,0.02924575012378269,1.0,0.012918848393514428,1.0,0.027087181691494395,0.985,0.05597462608807083,0.86,0.1043790405503185
sample_0030,stripes,substrate_depl,0.33185100286532954,0.365,0.1,3,4.546556572135344e-06,True,0.3543253012048193,0.12959788674040063,-0.3415563513472839,136.05173335293793,0.06772406334601376,0.02924575012378269,1.0,3.1333439098197135e-16,1.0,0.030574234370070903,1.0,0.064368286429263,0.9375,0.10958504862333877
sample_0030,stripes,substrate_depl,0.33185100286532954,0.365,0.1,4,2.044419500374771e-10,True,0.33826506024096387,0.10856363641277866,-0.32856534640173596,1247.6584880424527,0.01932812412875925,0.07324641029872911,1.0,3.2821096681823607e-16,1.0,0.02997106066175241,1.0,0.054073186642614894,0.985,0.10298007487370152
sample_0030,stripes,substrate_depl,0.33185100286532954,0.365,0.1,5,8.149589051588318e-05,True,0.3543253012048193,0.1893525487681913,-0.08231018928653575,177.53175344883974,0.06772406334601376,0.02924575012378269,1.0,0.0031963035785345286,0.9975,0.030205921485086412,0.88,0.06145288512753897,0.6475,0.11944105212427217
sample_0030,stripes,substrate_depl,0.33185100286532954,0.365,0.1,6,1.1597251405207856e-10,True,0.3543253012048193,0.37758559646370315,-0.7790071941381984,1136.229282324721,0.06772406334601376,0.02924575012378269,1.0,0.020183377492292053,1.0,0.028653335906957463,1.0,0.05487094407806442,1.0,0.10499183760889762
sample_0030,stripes,substrate_depl,0.33185100286532954,0.365,0.1,7,0.11070300975502757,False,0.46674698795180725,-0.06398759211958094,-0.4870629817252885,910.7343270693348,0.4064956378667949,0.2787588711008418,,,,,,,,
sample_0030,stripes,substrate_depl,0.33185100286532954,0.365,0.1,8,3.2939613392044955e-07,True,0.3543253012048193,0.2373734444313378,-0.6687160719020881,151.81343701896841,0.06772406334601376,0.02924575012378269,1.0,0.004507862747998276,1.0,0.027362504956236537,1.0,0.0555318814512753,0.9725,0.10732162199739693
sample_0030,stripes,substrate_depl,0.33185100286532954,0.365,0.1,9,1.088744098880859e-07,True,0.3543253012048193,0.1479515440670438,-0.34565336005323455,141.948651170932,0.06772406334601376,0.02924575012378269,1.0,3.1333439098197135e-16,1.0,0.0277059212847618,1.0,0.05338462547514709,0.975,0.1083431610905361
sample_0030,stripes,substrate_depl,0.33185100286532954,0.365,0.1,10,2.8418853495212562e-08,True,0.33826506024096387,0.4765151687285538,-0.6052235084200192,1793.2604070628213,0.01932812412875925,0.07324641029872911,1.0,3.2821096681823607e-16,1.0,0.029469490989819287,1.0,0.05258196951471373,0.995,0.10072236359533064
sample_0030,stripes,substrate_depl,0.33185100286532954,0.365,0.1,11,4.821046793866443e-07,True,0.3543253012048193,0.20260012680624584,-0.1892830940632555,436.1129591642541,0.06772406334601376,0.02924575012378269,1.0,3.1333439098197135e-16,1.0,0.02698298252798863,1.0,0.05020229970305154,0.985,0.11421958875057613
sample_0030,stripes,substrate_depl,0.33185100286532954,0.365,0.2,0,1.1723621078643883e-06,True,0.3543253012048193,0.19257188291668736,-0.1457490988810416,90.05861213188585,0.06772406334601376,0.02924575012378269,1.0,3.1333439098197135e-16,1.0,0.028974009870600965,1.0,0.056585720679092795,0.9525,0.10989360898864341
sample_0030,stripes,substrate_depl,0.33185100286532954,0.365,0.2,1,3.0828701975032315e-06,True,0.33826506024096387,0.09429124261784239,-0.5153787920289924,1520.06912939758,0.01932812412875925,0.07324641029872911,1.0,0.02189970702079347,1.0,0.02839220819077267,1.0,0.05270186714333503,0.9975,0.09833516765009304
sample_0030,stripes,substrate_depl,0.33185100286532954,0.365,0.2,2,6.287574252768965e-05,True,0.30614457831325304,0.1695942482575603,-0.10881246024236191,1569.6271086507254,0.07746375430574962,0.1612477306486218,1.0,0.02499375389846157,1.0,0.031107848075866106,1.0,0.05397291802789628,0.9975,0.10209392764158655
sample_0030,stripes,substrate_depl,0.33185100286532954,0.365,0.2,3,1.4482494177216875e-05,True,0.3543253012048193,0.13494583972057583,-0.6118174497083904,693.3727791139999,0.06772406334601376,0.02924575012378269,1.0,0.0022637348859534585,1.0,0.02785025196389289,1.0,0.05729070239627245,0.985,0.10616099620363645
sample_0030,stripes,substrate_depl,0.33185100286532954,0.365,0.2,4,2.391623677162244e-07,True,0.33826506024096387,0.18978139422055307,-0.4905175099628445,493.5814591900121,0.01932812412875925,0.07324641029872911,1.0,0.021593979815634014,1.0,0.028894798422245068,1.0,0.051449002986085624,0.995,0.09931092542102042
sample_0030,stripes,substrate_depl,0.33185100286532954,0.365,0.2,5,6.310288355186567e-06,True,0.3222048192771084,0.11779239475555947,-0.6149611754633331,1754.3806749777132,0.02906781508849527,0.11724707047367554,1.0,1.7228529156019889e-16,1.0,0.029684910398190364,1.0,0.05341936279522455,0.9975,0.09776318910249385
sample_0030,stripes,substrate_depl,0.33185100286532954,0.365,0.2,6,7.470745112548979e-06,True,0.3543253012048193,0.3983320352338193,-0.4457734986123902,243.20151875724912,0.06772406334601376,0.02924575012378269,1.0,3.1333439098197135e-16,1.0,0.028346672082041433,1.0,0.05630184685345479,0.995,0.10141432330230805
sample_0030,stripes,substrate_depl,0.33185100286532954,0.365,0.2,7,5.668633539257172e-06,True,0.3543253012048193,0.31792169920870794,-0.5030943232012914,134.71802397046434,0.06772406334601376,0.02924575012378269,1.0,0.008025604785451116,1.0,0.02899892110282882,1.0,0.053981125371615896,0.9925,0.10506958338295659
sample_0030,stripes,substrate_depl,0.33185100286532954,0.365,0.2,8,1.2925958474096215e-06,True,0.3543253012048193,0.2784596435053075,-0.26351294890132815,226.63148669785448,0.06772406334601376,0.02924575012378269,1.0,3.1333439098197135e-16,1.0,0.028563495034980825,1.0,0.05548052371588526,0.9925,0.10597852466037712
sample_0030,stripes,substrate_depl,0.33185100286532954,0.365,0.2,9,3.071446365994555e-05,True,0.3543253012048193,0.09697135033258952,-0.32443230985448857,427.67455609740176,0.06772406334601376,0.02924575012378269,1.0,3.1333439098197135e-16,1.0,0.029057640682216494,1.0,0.05511813780842145,0.9525,0.11646405140654084
sample_0030,stripes,substrate_depl,0.33185100286532954,0.365,0.2,10,8.725205338670293e-07,True,0.3543253012048193,0.17157328033903152,-0.1380408972935681,108.52150244594823,0.06772406334601376,0.02924575012378269,1.0,3.1333439098197135e-16,1.0,0.03022879826865597,0.9975,0.05320535234339807,0.9375,0.10019142642790782
sample_0030,stripes,substrate_depl,0.33185100286532954,0.365,0.2,11,0.001288791197033511,True,0.33826506024096387,0.002190776238398584,-0.47798624489901154,1173.014382251286,0.01932812412875925,0.07324641029872911,0.99,0.011361306907520718,0.67,0.028398305066579754,0.5425,0.053083921229915655,0.56,0.09976103825718645
sample_0030,stripes,substrate_depl,0.33185100286532954,0.365,0.35,0,0.0004251903072944053,True,0.3543253012048193,0.10542846104478709,-0.7969470947859661,251.97566346020218,0.06772406334601376,0.02924575012378269,1.0,0.004507862747998276,1.0,0.028102456868154976,1.0,0.05421792177982144,0.9625,0.10542232666401792
sample_0030,stripes,substrate_depl,0.33185100286532954,0.365,0.35,1,0.00023057576686181955,True,0.33826506024096387,0.02354605948900712,-1.5590645395690506,2618.250721913527,0.01932812412875925,0.07324641029872911,1.0,3.2821096681823607e-16,1.0,0.02823305618106379,0.9625,0.05458335872626553,0.8125,0.09795053372806226
sample_0030,stripes,substrate_depl,0.33185100286532954,0.365,0.35,2,3.044246742340569e-06,True,0.33826506024096387,0.07817298891679414,-0.4897501246278145,388.6834136935102,0.01932812412875925,0.07324641029872911,1.0,3.2821096681823607e-16,1.0,0.030048587034145913,1.0,0.05444483464683315,0.9975,0.10570100126977128
sample_0030,stripes,substrate_depl,0.33185100286532954,0.365,0.35,3,0.0005334248118622295,True,0.3543253012048193,0.045150215664779836,-0.15537682902231964,245.399656155653,0.06772406334601376,0.02924575012378269,1.0,0.0031963035785345286,1.0,0.029873410548712155,0.9975,0.0607732984435374,0.8525,0.11549876610112036
sample_0030,stripes,substrate_depl,0.33185100286532954,0.365,0.35,4,3.396481566551321e-05,True,0.3543253012048193,0.22372684232566442,-0.3266489605563089,451.1214621311558,0.06772406334601376,0.02924575012378269,1.0,3.1333439098197135e-16,1.0,0.028945018336917445,1.0,0.05584855809826859,1.0,0.10195028123338676
sample_0030,stripes,substrate_depl,0.33185100286532954,0.365,0.35,5,0.00011085969394121768,True,0.33826506024096387,0.1428000544987853,-0.35428520292228516,906.4969979761332,0.01932812412875925,0.07324641029872911,1.0,0.019533044780745593,1.0,0.029061864977068728,1.0,0.05234702581690663,1.0,0.10207100337857714
sample_0030,stripes,substrate_depl,0.33185100286532954,0.365,0.35,6,4.571988229504258e-05,True,0.3222048192771084,0.06653682388095739,-0.3451452195068341,1200.4661990779618,0.02906781508849527,0.11724707047367554,1.0,0.006971325000018683,1.0,0.030717546006645946,1.0,0.05169305542610907,1.0,0.10880737078881371
sample_0030,stripes,substrate_depl,0.33185100286532954,0.365,0.35,7,9.873084630473773e-06,True,0.33826506024096387,0.05594653951031603,-0.25135256721252386,1422.8827407849067,0.01932812412875925,0.07324641029872911,1.0,3.2821096681823607e-16,1.0,0.028096784680093263,1.0,0.05620594853778373,0.975,0.1061513825478896
sample_0030,stripes,substrate_depl,0.33185100286532954,0.365,0.35,8,2.24359512318162e-06,True,0.3543253012048193,0.15545209709257257,-0.20686735465429296,422.11235999026286,0.06772406334601376,0.02924575012378269,1.0,0.022153332099599913,1.0,0.028403246347237128,1.0,0.053785674225503434,1.0,0.09752441641457694
sample_0030,stripes,substrate_depl,0.33185100286532954,0.365,0.35,9,4.74898314855113e-05,True,0.3543253012048193,0.1953088012865365,-0.23549645523407037,238.33846339488375,0.06772406334601376,0.02924575012378269,1.0,3.1333439098197135e-16,1.0,0.02496232675871252,1.0,0.05252016000890126,0.995,0.10496532997430093
sample_0030,stripes,substrate_depl,0.33185100286532954,0.365,0.35,10,0.0005120555400933796,True,0.3543253012048193,0.1417885478428751,-1.209640348524088,484.2729819379644,0.06772406334601376,0.02924575012378269,1.0,0.009125947016619796,1.0,0.02888475008191353,1.0,0.050595262464578634,0.99,0.10052793667416902
sample_0030,stripes,substrate_depl,0.33185100286532954,0.365,0.35,11,8.52097854225217e-05,True,0.3543253012048193,0.15614548084782598,-1.081234756902255,535.7861514310088,0.06772406334601376,0.02924575012378269,1.0,3.1333439098197135e-16,1.0,0.029260012566240952,1.0,0.056172902245699236,0.995,0.09871007611846568
sample_0031,spots,substrate_depl,0.5524183381088825,0.644,0.0,0,2.4099434779429427e-11,True,0.6273493975903615,0.09424145637445758,-0.004795411037521902,66.24403484305027,0.13564187557204138,0.02585497268577416,0.9275,0.01060776112343888,0.685,0.0267288057200981,0.5375,0.049037086328177035,0.37,0.08409671422233213
sample_0031,spots,substrate_depl,0.5524183381088825,0.644,0.0,1,3.274139259360187e-09,True,0.6434096385542168,1.4585052311096245,-0.11401310690922384,93.89778426690445,0.16471448206594436,0.0009167103195390866,1.0,0.012365217346077973,0.96,0.027511488953141938,0.7625,0.0555458585627312,0.5725,0.10233592587424334
sample_0031,spots,substrate_depl,0.5524183381088825,0.644,0.0,2,1.6456013598051361e-10,True,0.6434096385542168,0.1579629023581539,-0.5171137816537321,121.21603098250878,0.16471448206594436,0.0009167103195390866,1.0,0.01208999015931031,1.0,0.02615915038845322,0.965,0.05313660145072648,0.8375,0.11310960248613483
sample_0031,spots,substrate_depl,0.5524183381088825,0.644,0.0,3,2.0275061664510314,False,0.001,0.5449760703586317,0.5449832894395135,13.777877486547128,0.998189777690177,0.9984472049689441,,,,,,,,
sample_0031,spots,substrate_depl,0.5524183381088825,0.644,0.0,4,1.4048960954517636e-11,True,0.6434096385542168,0.42110092845458347,-0.04066823918275353,74.93835609766796,0.16471448206594436,0.0009167103195390866,1.0,0.006785338336431206,0.825,0.02624030296381237,0.6425,0.052420678981140584,0.52,0.09764582387572257
sample_0031,spots,substrate_depl,0.5524183381088825,0.644,0.0,5,6.266255619354183e-10,True,0.6434096385542168,0.032956342808638794,-0.04404603432890619,185.12818197584434,0.16471448206594436,0.0009167103195390866,1.0,0.011296062389092728,0.915,0.043014197626699856,0.5625,0.08510100413942348,0.255,0.14474627029222054
sample_0031,spots,substrate_depl,0.5524183381088825,0.644,0.0,6,0.19710419376909916,False,0.8682530120481928,1.5907841564158787,0.15900644180771648,464.87933973893576,0.5717309729805871,0.34821896280775283,,,,,,,,
sample_0031,spots,substrate_depl,0.5524183381088825,0.644,0.0,7,3.8166989227690186e-10,True,0.6434096385542168,0.3108364513317241,-0.17993846211962483,300.4364353130344,0.16471448206594436,0.0009167103195390866,1.0,0.015526739375391473,0.7475,0.05134927254508611,0.5125,0.08512450515494845,0.28,0.1387982221235273
sample_0031,spots,substrate_depl,0.5524183381088825,0.644,0.0,8,0.007342068203679311,True,0.5791686746987952,0.012394797393733725,-0.6984427442612091,186.43200943732774,0.04842405609033226,0.10066975978447955,0.985,0.010989147561945316,0.655,0.03046364175706163,0.5925,0.06012095979456619,0.5,0.10706080203006918
sample_0031,spots,substrate_depl,0.5524183381088825,0.644,0.0,9,1.6434927252140609e-10,True,0.5791686746987952,0.1933240529286948,-0.8142098442566625,2861.85865763674,0.04842405609033226,0.10066975978447955,1.0,0.01311964031460315,1.0,0.02537183427422816,1.0,0.049518370215909095,1.0,0.0999503003371762
sample_0031,spots,substrate_depl,0.5524183381088825,0.644,0.0,10,2.9513582129217544e-08,True,0.6273493975903615,0.027443136825075598,-1.1427575687870601,161.95383060098905,0.13564187557204138,0.02585497268577416,1.0,0.010459545493015612,0.86,0.025737992689516598,0.7075,0.052372245196767184,0.61,0.10672842428430435
sample_0031,spots,substrate_depl,0.5524183381088825,0.644,0.0,11,2.911018155922646e-10,True,0.6273493975903615,0.04041781404068079,-0.6057045727345274,96.67188713494892,0.13564187557204138,0.02585497268577416,1.0,0.00655467148935996,0.9925,0.028279098322573207,0.865,0.05132160720328983,0.725,0.11284162716466002
sample_0031,spots,substrate_depl,0.5524183381088825,0.644,0.05,0,9.958923902853618e-08,True,0.6434096385542168,0.34464470634739897,-0.08635592197934851,38.042251143938564,0.16471448206594436,0.0009167103195390866,1.0,0.01149656827747115,1.0,0.027228383182559452,0.9575,0.056807129773339814,0.7275,0.10769254502228433
sample_0031,spots,substrate_depl,0.5524183381088825,0.644,0.05,1,0.11283497479250099,True,0.45068674698795186,0.46888076185472016,-0.5358246137580494,90.23438575683348,0.18415679586089195,0.3001758587143605,1.0,0.015294173505006652,1.0,0.026115733150315297,0.9975,0.056263133171088234,0.9075,0.11077110481124636
sample_0031,spots,substrate_depl,0.5524183381088825,0.644,0.05,2,0.38500549105060855,False,0.3543253012048193,0.3056202275413753,0.2845332481088825,1132.6950136190999,0.3585924348243102,0.4498054329117713,,,,,,,,
sample_0031,spots,substrate_depl,0.5524183381088825,0.644,0.05,3,1.1201049542853449e-07,True,0.6434096385542168,0.1528888814245466,-0.17287517806560382,54.692995064331676,0.16471448206594436,0.0009167103195390866,1.0,0.011686737952832465,1.0,0.029186172607328562,0.925,0.05624844674120934,0.73,0.1101568280610743
sample_0031,spots,substrate_depl,0.5524183381088825,0.644,0.05,4,2.811833980678097e-10,True,0.6273493975903615,0.3672019126866797,-0.07371968463960865,230.73832779356584,0.13564187557204138,0.02585497268577416,1.0,0.010545377095015926,0.9975,0.024428908933065478,0.945,0.05005763153570525,0.7575,0.09970968368588357
sample_0031,spots,substrate_depl,0.5524183381088825,0.644,0.05,5,0.2269180002514215,True,0.9967349397590362,1.4830734321041348,-0.08301580808647474,1452.4287890489984,0.8043118249318112,0.5477250617376337,1.0,0.005844298418892161,0.9475,0.025066479207471497,0.79,0.05102771484549087,0.6425,0.10909252598440522
sample_0031,spots,substrate_depl,0.5524183381088825,0.644,0.05,6,0.8524147683277433,False,0.001,0.07629529330335094,0.07629722880667833,23.938985776807982,0.998189777690177,0.9984472049689441,,,,,,,,
sample_0031,spots,substrate_depl,0.5524183381088825,0.644,0.05,7,6.583634460847791e-07,True,0.6434096385542168,0.31425313931271504,-0.1416387995288665,81.02987411312596,0.16471448206594436,0.0009167103195390866,1.0,0.007008685293036392,0.9925,0.03244011360110911,0.8425,0.062409991890804095,0.5425,0.11688094900160015
sample_0031,spots,substrate_depl,0.5524183381088825,0.644,0.05,8,8.257450064057254e-08,True,0.6112891566265061,0.08674193598183066,-0.058753288795820646,438.96505598228856,0.10656926907813842,0.050793235052009236,1.0,0.007861168501070352,0.995,0.02841004272895683,0.9175,0.05651840599102712,0.77,0.10804348242915035
sample_0031,spots,substrate_depl,0.5524183381088825,0.644,0.05,9,2.25819606078144e-09,True,0.6434096385542168,0.19750072773114624,-1.297848218547912,182.319019685884,0.16471448206594436,0.0009167103195390866,1.0,0.009471462998492887,1.0,0.025389476856393842,0.9575,0.05130333902899842,0.845,0.1012117321119277
sample_0031,spots,substrate_depl,0.5524183381088825,0.644,0.05,10,0.3477936915856283,False,0.3543253012048193,-0.0022043504081104004,-0.17335337338987755,131.57467877836467,0.3585924348243102,0.4498054329117713,,,,,,,,
sample_0031,spots,substrate_depl,0.5524183381088825,0.644,0.05,11,4.4939489199014205e-11,True,0.6273493975903615,0.1547181120763934,-0.652177404753042,282.78495151723865,0.13564187557204138,0.02585497268577416,1.0,0.010960816042431038,1.0,0.026288867793781485,1.0,0.05270907109726217,0.9775,0.10546578373402299
sample_0031,spots,substrate_depl,0.5524183381088825,0.644,0.1,0,0.01890563828482626,True,0.7397710843373494,0.07397606271548263,-0.11278707454445058,88.23954950116863,0.33915012102936265,0.1487128638778717,1.0,0.013158261458737606,0.74,0.042947796568839285,0.3775,0.08315002957608622,0.2225,0.1303101618625357
sample_0031,spots,substrate_depl,0.5524183381088825,0.644,0.1,1,2.0663845868607818e-07,True,0.6273493975903615,0.17215710754530988,-1.1190755966325507,419.4720890804924,0.13564187557204138,0.02585497268577416,1.0,0.009047419768701161,1.0,0.026710486460859943,1.0,0.050775652628283444,0.995,0.10718507204727053
sample_0031,spots,substrate_depl,0.5524183381088825,0.644,0.1,2,0.006531073532485208,True,0.6915903614457831,0.15923825955079707,-0.8427944416564064,55.436504795770844,0.2519323015476535,0.07389807677916631,1.0,0.010662847316082883,0.98,0.04037047205990785,0.8575,0.07688899586305806,0.5225,0.1281612653722497
sample_0031,spots,substrate_depl,0.5524183381088825,0.644,0.1,3,1.4281041936944532e-05,True,0.6273493975903615,0.2673628311689189,-0.15448832233430831,63.54908100132137,0.13564187557204138,0.02585497268577416,1.0,0.008367088335909805,1.0,0.02573747400521736,1.0,0.05474875756663877,0.8925,0.11103669703582557
sample_0031,spots,substrate_depl,0.5524183381088825,0.644,0.1,4,0.19259668052454632,True,0.41856626506024097,0.20495613867339912,-1.1849785092445995,28.59964951493515,0.2423020088486981,0.3500523834468308,1.0,0.012968532716703925,0.9875,0.029786834983026957,0.835,0.057571458665668825,0.66,0.11353100389130572
sample_0031,spots,substrate_depl,0.5524183381088825,0.644,0.1,5,0.45751718424817067,False,0.001,0.019304928227567963,0.01930517625517767,180.09606371307123,0.998189777690177,0.9984472049689441,,,,,,,,
sample_0031,spots,substrate_depl,0.5524183381088825,0.644,0.1,6,0.00016138519490582905,True,0.6273493975903615,0.09789967177881564,-0.024171899741761482,84.03245933633455,0.13564187557204138,0.02585497268577416,1.0,0.0038155093773345307,0.925,0.029208173311070246,0.6425,0.05270539764307707,0.425,0.12154134490471685
sample_0031,spots,substrate_depl,0.5524183381088825,0.644,0.1,7,1.1702920868401177e-05,True,0.6434096385542168,0.2773497615388756,-0.1661939729399292,96.908876126773,0.16471448206594436,0.0009167103195390866,1.0,0.012031011000880693,1.0,0.02566931011873084,0.9625,0.05305759804764532,0.7175,0.09577217009653335
sample_0031,spots,substrate_depl,0.5524183381088825,0.644,0.1,8,0.10266844660109994,True,0.46674698795180725,0.24107084908882115,-0.450471397576893,56.853982369720995,0.15508418936698898,0.2752375963481254,1.0,0.004184643732939569,1.0,0.028546874904300888,0.9575,0.05352479431343062,0.775,0.10320340122868434
sample_0031,spots,substrate_depl,0.5524183381088825,0.644,0.1,9,2.5003310558128295e-06,True,0.6434096385542168,0.23316158582160362,-0.7375332979965336,57.12419420973065,0.16471448206594436,0.0009167103195390866,1.0,0.011925522488170392,1.0,0.026941849871675107,1.0,0.053971982305455184,0.9225,0.11370095837124736
sample_0031,spots,substrate_depl,0.5524183381088825,0.644,0.1,10,1.0694603662827191,False,0.001,0.2738450191057007,0.2738461600414217,14.900187972583051,0.998189777690177,0.9984472049689441,,,,,,,,
sample_0031,spots,substrate_depl,0.5524183381088825,0.644,0.1,11,0.0008633601718680902,True,0.6594698795180723,0.3785485625218463,-0.13016410853775806,80.18435481887245,0.19378708855984755,0.02402155204669616,1.0,0.007497347268762144,1.0,0.034501242928583406,0.95,0.06931330605579156,0.69,0.11718654925313787
sample_0031,spots,substrate_depl,0.5524183381088825,0.644,0.2,0,4.981014425497745e-05,True,0.6273493975903615,0.09998532280001982,-0.22664755036135237,162.13802398385772,0.13564187557204138,0.02585497268577416,1.0,0.004868281696565733,1.0,0.026601726920061027,1.0,0.05564970348651502,0.945,0.10393436006894183
sample_0031,spots,substrate_depl,0.5524183381088825,0.644,0.2,1,3.697796082840903e-05,True,0.6273493975903615,0.2056276311025016,-0.17308693034019118,54.436028860149975,0.13564187557204138,0.02585497268577416,1.0,0.011614864463573226,1.0,0.02826936525437781,0.9975,0.05744224666392414,0.96,0.11446973205942308
sample_0031,spots,substrate_depl,0.5524183381088825,0.644,0.2,2,1.95963628687292e-06,True,0.6273493975903615,0.22557505640659237,-0.17851178918666388,148.0612097268356,0.13564187557204138,0.02585497268577416,1.0,0.003124097218010637,1.0,0.024994315908951226,1.0,0.0516922616610701,0.985,0.10796912419720181
sample_0031,spots,substrate_depl,0.5524183381088825,0.644,0.2,3,7.870471357272269e-06,True,0.6434096385542168,0.34795560481977983,-0.2144327778785955,82.76519961901762,0.16471448206594436,0.0009167103195390866,1.0,0.012630364789900123,1.0,0.02620850865499833,1.0,0.05536602138568249,0.95,0.10821836220207141
sample_0031,spots,substrate_depl,0.5524183381088825,0.644,0.2,4,0.006652160996875374,True,0.5952289156626507,0.2580065448142612,-0.049830564407839506,23.724220511887957,0.07749666258423545,0.07573149741824431,1.0,0.01367606553857583,0.95,0.029138988978494377,0.795,0.05588395311607289,0.545,0.12039464289374774
sample_0031,spots,substrate_depl,0.5524183381088825,0.644,0.2,5,6.030657829407736e-07,True,0.6273493975903615,0.30631847629667774,-0.18123540008008077,92.11050214649876,0.13564187557204138,0.02585497268577416,1.0,0.010502747307492273,1.0,0.02553256548644055,1.0,0.05217991946496468,0.95,0.10931217432557325
sample_0031,spots,substrate_depl,0.5524183381088825,0.644,0.2,6,0.43013060120720914,False,0.001,0.018212285263004446,0.018212481380425638,33.529877565736236,0.998189777690177,0.9984472049689441,,,,,,,,
sample_0031,spots,substrate_depl,0.5524183381088825,0.644,0.2,7,3.0581660156217525e-08,True,0.6112891566265061,0.1288811575738329,-0.4758737273782564,702.7717644302314,0.10656926907813842,0.050793235052009236,1.0,0.011071255727593344,1.0,0.027445509347953947,1.0,0.05159421711864576,0.9925,0.09819218280921842
sample_0031,spots,substrate_depl,0.5524183381088825,0.644,0.2,8,5.27015170721732e-06,True,0.6434096385542168,0.9812019888324244,-0.8386219255531538,231.60264592535552,0.16471448206594436,0.0009167103195390866,1.0,0.009303408235877228,1.0,0.027390337598271846,1.0,0.051051743276677095,0.9975,0.10768776983132324
sample_0031,spots,substrate_depl,0.5524183381088825,0.644,0.2,9,0.004677240733828089,True,0.5952289156626507,0.1650898029846406,-0.07698957078445579,77.74322826963933,0.07749666258423545,0.07573149741824431,1.0,0.005600200912854396,1.0,0.027150107465942677,0.945,0.05013459181197202,0.6925,0.10323725412997316
sample_0031,spots,substrate_depl,0.5524183381088825,0.644,0.2,10,0.7730074669256001,False,0.001,0.0017813472970913402,0.0017824147465044238,51.722772078183674,0.998189777690177,0.9984472049689441,,,,,,,,
sample_0031,spots,substrate_depl,0.5524183381088825,0.644,0.2,11,1.7676718218567164e-05,True,0.6273493975903615,0.2781463048302779,-0.27698612898333824,88.8020150754149,0.13564187557204138,0.02585497268577416,1.0,0.011668824984077805,1.0,0.028367257414180228,1.0,0.05449886976624521,0.9725,0.1049208097779757
sample_0031,spots,substrate_depl,0.5524183381088825,0.644,0.35,0,0.000925377136502424,True,0.6434096385542168,0.2803111281678099,-1.0735430639991,481.43065532616527,0.16471448206594436,0.0009167103195390866,1.0,0.008298934507952655,1.0,0.027615704977632587,1.0,0.05008653987911191,1.0,0.10687341300549334
sample_0031,spots,substrate_depl,0.5524183381088825,0.644,0.35,1,0.00523292550236199,True,0.5952289156626507,0.3111616233351562,-0.5738880660031241,132.3558813300901,0.07749666258423545,0.07573149741824431,1.0,0.006418170295941662,1.0,0.027172340328977855,0.9975,0.052517301976113706,0.9575,0.09904854925037306
sample_0031,spots,substrate_depl,0.5524183381088825,0.644,0.35,2,0.047778888208151536,True,0.5149277108433735,0.2156415971631258,-0.19299549301619917,43.05474501225395,0.06786636988527985,0.20042280924942002,1.0,0.006300074838318854,1.0,0.0276398780211375,0.9925,0.056637684772352925,0.805,0.10202465127523934
sample_0031,spots,substrate_depl,0.5524183381088825,0.644,0.35,3,0.9222096327939798,False,0.001,0.10027623976624306,0.10027918608433747,12.833620738856455,0.998189777690177,0.9984472049689441,,,,,,,,
sample_0031,spots,substrate_depl,0.5524183381088825,0.644,0.35,4,0.7207113538193859,True,1.4946024096385542,1.2393821288274367,-0.5293859451341214,94.90918466489931,1.7055626262428054,1.3208111950909225,1.0,0.006112396078270063,1.0,0.024889279346751766,0.98,0.053835805263172665,0.8125,0.1023373074168343
sample_0031,spots,substrate_depl,0.5524183381088825,0.644,0.35,5,6.19792008187763e-05,True,0.6434096385542168,0.3693201761601852,-0.142241327556264,99.68590364024719,0.16471448206594436,0.0009167103195390866,1.0,0.004429800018912213,1.0,0.02622111899686356,0.9775,0.05257191686673374,0.8025,0.09931270745577861
sample_0031,spots,substrate_depl,0.5524183381088825,0.644,0.35,6,0.0002392817567483058,True,0.6112891566265061,0.21933132400413413,-0.2159382938934047,288.68282814356843,0.10656926907813842,0.050793235052009236,1.0,0.011189080060802208,1.0,0.024795345681851502,1.0,0.04921740047813896,0.98,0.10581092266861229
sample_0031,spots,substrate_depl,0.5524183381088825,0.644,0.35,7,0.0663128513622956,True,0.4988674698795181,0.1304923442493049,-1.1626897724470457,287.68125846257703,0.09693897637918292,0.2253610716156552,1.0,0.011534444757163744,0.9625,0.032303453429407644,0.7925,0.07044286159251284,0.6175,0.1212330559117982
sample_0031,spots,substrate_depl,0.5524183381088825,0.644,0.35,8,0.04036292302882352,True,0.5149277108433735,0.09216788246890673,-1.5866048064366716,270.18662495963207,0.06786636988527985,0.20042280924942002,1.0,0.0031023297529353864,1.0,0.027828557450251385,0.9775,0.05468892070157801,0.825,0.10599268933644335
sample_0031,spots,substrate_depl,0.5524183381088825,0.644,0.35,9,0.0003323074446141745,True,0.6434096385542168,0.13119087523443973,-0.33816971469322854,279.77569579276735,0.16471448206594436,0.0009167103195390866,1.0,0.010265473296632003,1.0,0.02582765856494917,1.0,0.05157691661382925,0.9675,0.10361191738519573
sample_0031,spots,substrate_depl,0.5524183381088825,0.644,0.35,10,0.00012782693744619429,True,0.6112891566265061,0.12738246832329203,-0.35696726294631653,553.5958562618639,0.10656926907813842,0.050793235052009236,1.0,0.009418361474648402,1.0,0.026297095995636365,1.0,0.050553599327289776,1.0,0.10817481126032173
sample_0031,spots,substrate_depl,0.5524183381088825,0.644,0.35,11,8.074051800475253e-05,True,0.6273493975903615,0.40657972121095654,-0.7345587395889951,472.5735403172838,0.13564187557204138,0.02585497268577416,1.0,0.007249982386811139,1.0,0.02592417269804679,1.0,0.05210423932374816,1.0,0.10113530535463541
sample_0032,spots,substrate_depl,0.14136103151862467,0.053,0.0,0,0.0012059166588791162,False,0.001,0.016654100976056796,0.01665734188447776,17.191048136429995,0.9929259146650451,0.9811320754716981,,,,,,,,
sample_0032,spots,substrate_depl,0.14136103151862467,0.053,0.0,1,0.0009264134391582313,False,0.001,0.010727783302696636,0.010731169011600983,31.25624503224561,0.9929259146650451,0.9811320754716981,,,,,,,,
sample_0032,spots,substrate_depl,0.14136103151862467,0.053,0.0,2,0.0010359584010092412,False,0.001,0.014567345488622818,0.014570436395559438,43.54489523830482,0.9929259146650451,0.9811320754716981,,,,,,,,
sample_0032,spots,substrate_depl,0.14136103151862467,0.053,0.0,3,0.003965965643839301,False,0.001,0.03144360447252392,0.031444563121582725,114.39577673087254,0.9929259146650451,0.9811320754716981,,,,,,,,
sample_0032,spots,substrate_depl,0.14136103151862467,0.053,0.0,4,0.00093626067461947,False,0.001,0.010689709003604886,0.0106931303504334,21.478440020230405,0.9929259146650451,0.9811320754716981,,,,,,,,
sample_0032,spots,substrate_depl,0.14136103151862467,0.053,0.0,5,0.0009265096568968946,False,0.001,0.010757594981016139,0.01076098343278531,3.0723990062176396,0.9929259146650451,0.9811320754716981,,,,,,,,
sample_0032,spots,substrate_depl,0.14136103151862467,0.053,0.0,6,0.0009418816215623624,False,0.001,0.012155426722255003,0.012158807858215104,18.115503571061492,0.9929259146650451,0.9811320754716981,,,,,,,,
sample_0032,spots,substrate_depl,0.14136103151862467,0.053,0.0,7,0.0378476523419325,False,0.001,-0.026192508736183617,-0.026187028032650828,10.092555626495049,0.9929259146650451,0.9811320754716981,,,,,,,,
sample_0032,spots,substrate_depl,0.14136103151862467,0.053,0.0,8,0.0008711349952611426,False,0.001,0.010411169333211179,0.010413021804487332,8.99946282724284,0.9929259146650451,0.9811320754716981,,,,,,,,
sample_0032,spots,substrate_depl,0.14136103151862467,0.053,0.0,9,0.0028832145514923937,False,0.001,0.026843853048037047,0.026847236828164256,14.639551409285627,0.9929259146650451,0.9811320754716981,,,,,,,,
sample_0032,spots,substrate_depl,0.14136103151862467,0.053,0.0,10,0.0055807759052215935,False,0.001,0.03734826273280034,0.037351626110158964,46.7527778784194,0.9929259146650451,0.9811320754716981,,,,,,,,
sample_0032,spots,substrate_depl,0.14136103151862467,0.053,0.0,11,0.0010542412032148011,False,0.001,0.01475555220494007,0.014758935635644121,7.816658340075591,0.9929259146650451,0.9811320754716981,,,,,,,,
sample_0032,spots,substrate_depl,0.14136103151862467,0.053,0.05,0,0.0027063581989327217,False,0.001,0.025977925512409072,0.02598127650201576,233.42699131408875,0.9929259146650451,0.9811320754716981,,,,,,,,
sample_0032,spots,substrate_depl,0.14136103151862467,0.053,0.05,1,0.002545225822894372,False,0.001,0.02522173309456699,0.025225107974756966,26.768735672542338,0.9929259146650451,0.9811320754716981,,,,,,,,
sample_0032,spots,substrate_depl,0.14136103151862467,0.053,0.05,2,4.5267719762896466e-05,False,0.033120481927710846,0.044037900975775646,0.0033506337163000666,79.12386051087402,0.765702884508542,0.37508524664696513,,,,,,,,
sample_0032,spots,substrate_depl,0.14136103151862467,0.053,0.05,3,0.13512419848264742,False,0.001,-0.07323499083031892,-0.0732264289378668,13.013961682643846,0.9929259146650451,0.9811320754716981,,,,,,,,
sample_0032,spots,substrate_depl,0.14136103151862467,0.053,0.05,4,0.0009288567574504141,False,0.001,0.010034036331984408,0.010037377994579488,155.92549718502056,0.9929259146650451,0.9811320754716981,,,,,,,,
sample_0032,spots,substrate_depl,0.14136103151862467,0.053,0.05,5,0.004728531333450408,False,0.001,0.0343742894133614,0.034377616076117445,8.621819851945018,0.9929259146650451,0.9811320754716981,,,,,,,,
sample_0032,spots,substrate_depl,0.14136103151862467,0.053,0.05,6,5.570192446642114e-08,True,0.033120481927710846,0.08005511435187596,-0.036278577422015346,369.8982536167113,0.765702884508542,0.37508524664696513,1.0,4.190092353759914e-16,1.0,0.05354938987621267,0.8975,0.15946007628650133,0.7475,0.19534622244136368
sample_0032,spots,substrate_depl,0.14136103151862467,0.053,0.05,7,0.010620893168040125,False,0.04918072289156627,-0.03175182368221319,-0.05639156695795955,54.05096655224732,0.6520913694302903,0.07206183223459868,,,,,,,,
sample_0032,spots,substrate_depl,0.14136103151862467,0.053,0.05,8,0.000927153151848846,False,0.001,0.010571880922916152,0.010575278934837118,693.0642830405558,0.9929259146650451,0.9811320754716981,,,,,,,,
sample_0032,spots,substrate_depl,0.14136103151862467,0.053,0.05,9,0.046250626668263455,False,0.001,-0.055899899564662237,-0.05583368669746669,82.39486572241846,0.9929259146650451,0.9811320754716981,,,,,,,,
sample_0032,spots,substrate_depl,0.14136103151862467,0.053,0.05,10,0.0018063506933252006,False,0.001,0.021242705581980825,0.02124610483029521,8.205320809806443,0.9929259146650451,0.9811320754716981,,,,,,,,
sample_0032,spots,substrate_depl,0.14136103151862467,0.053,0.05,11,0.002688984985957838,False,0.001,0.025923195549687694,0.025926583934277048,30.964413804635008,0.9929259146650451,0.9811320754716981,,,,,,,,
sample_0032,spots,substrate_depl,0.14136103151862467,0.053,0.1,0,0.0576942653615386,False,0.001,-0.010400195078117846,-0.010393579241391393,48.84021705214625,0.9929259146650451,0.9811320754716981,,,,,,,,
sample_0032,spots,substrate_depl,0.14136103151862467,0.053,0.1,1,0.0009334449416586869,False,0.001,0.011537944569695924,0.011541322494004858,11.563592117262015,0.9929259146650451,0.9811320754716981,,,,,,,,
sample_0032,spots,substrate_depl,0.14136103151862467,0.053,0.1,2,0.002527353213805255,False,0.001,0.025134971450368138,0.025135734926917452,156.31047909196815,0.9929259146650451,0.9811320754716981,,,,,,,,
sample_0032,spots,substrate_depl,0.14136103151862467,0.053,0.1,3,5.164126503646121e-06,True,0.04918072289156627,0.030811694345310503,-0.04271477344672303,15.176855184750849,0.6520913694302903,0.07206183223459868,1.0,1.410897094621019e-16,0.9875,1.410897094621019e-16,0.7525,0.08463950651863529,0.5175,0.14904417442104803
sample_0032,spots,substrate_depl,0.14136103151862467,0.053,0.1,4,0.002246533791876716,False,0.001,0.02369242057210741,0.023694827569643806,176.19591273962337,0.9929259146650451,0.9811320754716981,,,,,,,,
sample_0032,spots,substrate_depl,0.14136103151862467,0.053,0.1,5,0.0011288040533443595,False,0.001,0.015935833012553635,0.01593826230884643,28.554937785419813,0.9929259146650451,0.9811320754716981,,,,,,,,
sample_0032,spots,substrate_depl,0.14136103151862467,0.053,0.1,6,0.0035436783453175955,False,0.001,0.02975861011835601,0.029762010380845805,11.929029185089691,0.9929259146650451,0.9811320754716981,,,,,,,,
sample_0032,spots,substrate_depl,0.14136103151862467,0.053,0.1,7,0.0009592045798535727,False,0.001,0.008854705568216659,0.008858089741741626,10.130205902780832,0.9929259146650451,0.9811320754716981,,,,,,,,
sample_0032,spots,substrate_depl,0.14136103151862467,0.053,0.1,8,0.0009275156231885844,False,0.001,0.011075481620012262,0.011078871987899808,10.473887647603455,0.9929259146650451,0.9811320754716981,,,,,,,,
sample_0032,spots,substrate_depl,0.14136103151862467,0.053,0.1,9,0.004076756560918231,False,0.001,0.03191407923747791,0.03191715730129463,234.67223884553258,0.9929259146650451,0.9811320754716981,,,,,,,,
sample_0032,spots,substrate_depl,0.14136103151862467,0.053,0.1,10,0.0009409923596818428,False,0.001,0.012046050004697939,0.012049447376141664,60.40882718407225,0.9929259146650451,0.9811320754716981,,,,,,,,
sample_0032,spots,substrate_depl,0.14136103151862467,0.053,0.1,11,0.0012317827013523938,False,0.001,0.01618087901407761,0.016182221218540516,23.216944564878872,0.9929259146650451,0.9811320754716981,,,,,,,,
sample_0032,spots,substrate_depl,0.14136103151862467,0.053,0.2,0,0.000946365034193968,False,0.001,0.010935009287212027,0.010938440942122485,5.727759014639266,0.9929259146650451,0.9811320754716981,,,,,,,,
sample_0032,spots,substrate_depl,0.14136103151862467,0.053,0.2,1,0.0040364186445396594,False,0.001,0.031649410672958456,0.03165284518425038,3.5019815975830295,0.9929259146650451,0.9811320754716981,,,,,,,,
sample_0032,spots,substrate_depl,0.14136103151862467,0.053,0.2,2,0.0009293410402855572,False,0.001,0.010840959016050644,0.01084433651494704,4.386924444182014,0.9929259146650451,0.9811320754716981,,,,,,,,
sample_0032,spots,substrate_depl,0.14136103151862467,0.053,0.2,3,0.0010683579651106722,False,0.001,0.014792339270512933,0.01479576298956875,13.511173007442688,0.9929259146650451,0.9811320754716981,,,,,,,,
sample_0032,spots,substrate_depl,0.14136103151862467,0.053,0.2,4,0.03706932388753273,False,0.001,0.002622678414814117,0.0026284927564093064,5.209939641654062,0.9929259146650451,0.9811320754716981,,,,,,,,
sample_0032,spots,substrate_depl,0.14136103151862467,0.053,0.2,5,0.0022934315542465075,False,0.001,0.0238821311264954,0.02388539926335531,89.78913323322645,0.9929259146650451,0.9811320754716981,,,,,,,,
sample_0032,spots,substrate_depl,0.14136103151862467,0.053,0.2,6,0.00184431340243752,False,0.001,0.02136354148019315,0.02136696412922312,16.201282893958005,0.9929259146650451,0.9811320754716981,,,,,,,,
sample_0032,spots,substrate_depl,0.14136103151862467,0.053,0.2,7,0.0009363595368450393,False,0.001,0.011305226383803157,0.011308593485082064,14.8711954517872,0.9929259146650451,0.9811320754716981,,,,,,,,
sample_0032,spots,substrate_depl,0.14136103151862467,0.053,0.2,8,5.8624076401955725e-05,False,0.04918072289156627,0.02394999393086228,0.0026161875852381833,57.93262382848348,0.6520913694302903,0.07206183223459868,,,,,,,,
sample_0032,spots,substrate_depl,0.14136103151862467,0.053,0.2,9,0.0011918862946819475,False,0.001,0.01639430424757382,0.01639772864126421,3.175032148471643,0.9929259146650451,0.9811320754716981,,,,,,,,
sample_0032,spots,substrate_depl,0.14136103151862467,0.053,0.2,10,0.0009621951612214571,False,0.001,0.012351432175353949,0.012354861355241553,16.61739558495145,0.9929259146650451,0.9811320754716981,,,,,,,,
sample_0032,spots,substrate_depl,0.14136103151862467,0.053,0.2,11,0.006002649857958935,False,0.001,0.03869338951195178,0.03869680159349853,6.635491025884103,0.9929259146650451,0.9811320754716981,,,,,,,,
sample_0032,spots,substrate_depl,0.14136103151862467,0.053,0.35,0,0.0019150801992515603,False,0.017060240963855423,0.021678706422818106,0.021436556788749783,1440.198629806023,0.8793143995867936,0.6781086610593317,,,,,,,,
sample_0032,spots,substrate_depl,0.14136103151862467,0.053,0.35,1,0.0010725803111660806,False,0.001,0.012178579866753969,0.012181420114641517,354.67815987915935,0.9929259146650451,0.9811320754716981,,,,,,,,
sample_0032,spots,substrate_depl,0.14136103151862467,0.053,0.35,2,0.08845034946687386,False,0.06524096385542169,0.16599142676872547,0.044592647679323694,54.53352374251062,0.5384798543520388,0.2309615821777678,,,,,,,,
sample_0032,spots,substrate_depl,0.14136103151862467,0.053,0.35,3,0.0031471575703943804,False,0.001,0.026846177221911738,0.026849710799320414,13.81487917804046,0.9929259146650451,0.9811320754716981,,,,,,,,
sample_0032,spots,substrate_depl,0.14136103151862467,0.053,0.35,4,0.0011463504701123867,False,0.001,0.013750780881378377,0.01375416382712058,62.24783143664215,0.9929259146650451,0.9811320754716981,,,,,,,,
sample_0032,spots,substrate_depl,0.14136103151862467,0.053,0.35,5,0.0027148094816831143,False,0.001,0.02421527344536112,0.024218831095018212,10.008460590967422,0.9929259146650451,0.9811320754716981,,,,,,,,
sample_0032,spots,substrate_depl,0.14136103151862467,0.053,0.35,6,2.2620531200097777e-05,True,0.04918072289156627,0.031469792693580745,-0.12879003087460228,130.40936468020786,0.6520913694302903,0.07206183223459868,1.0,1.410897094621019e-16,1.0,1.410897094621019e-16,0.995,0.03656244917370917,0.8775,0.13911434947949236
sample_0032,spots,substrate_depl,0.14136103151862467,0.053,0.35,7,0.0013603384096492117,False,0.001,0.01665201363663149,0.016655512942811423,14.496241680580528,0.9929259146650451,0.9811320754716981,,,,,,,,
sample_0032,spots,substrate_depl,0.14136103151862467,0.053,0.35,8,0.003372885928617812,False,0.001,0.028366824601160356,0.028370329183612597,18.176455501628446,0.9929259146650451,0.9811320754716981,,,,,,,,
sample_0032,spots,substrate_depl,0.14136103151862467,0.053,0.35,9,0.001568134585303812,False,0.001,0.019090882136886922,0.019094361801457627,5.776567198929937,0.9929259146650451,0.9811320754716981,,,,,,,,
sample_0032,spots,substrate_depl,0.14136103151862467,0.053,0.35,10,0.0014733070539190993,False,0.001,0.0030353410663161995,0.003036527858017668,140.59682521332508,0.9929259146650451,0.9811320754716981,,,,,,,,
sample_0032,spots,substrate_depl,0.14136103151862467,0.053,0.35,11,0.004221531561580155,False,0.001,0.03227269422238854,0.03227615750473434,8.302127148195469,0.9929259146650451,0.9811320754716981,,,,,,,,
sample_0033,labyrinth,substrate_depl,0.4722120343839542,0.502,0.0,0,6.781948192013234e-05,False,0.4988674698795181,0.017060750333373287,0.0028177156388722313,60.227907771883125,0.05644802240234822,0.006240099841597459,,,,,,,,
sample_0033,labyrinth,substrate_depl,0.4722120343839542,0.502,0.0,1,2.526486255224596e-11,True,0.4988674698795181,0.10619470344613635,-0.022608137245003435,109.17948160880394,0.05644802240234822,0.006240099841597459,1.0,0.014626986853989339,0.73,0.03198095400488022,0.6525,0.05422246279008665,0.5175,0.1141156957075306
sample_0033,labyrinth,substrate_depl,0.4722120343839542,0.502,0.0,2,8.401648555357138e-11,True,0.5149277108433735,0.06738327110478659,-0.06413839561103257,13.301538668190933,0.0904586781976999,0.025752412038592666,1.0,0.015794995005971056,0.645,0.05183850463174184,0.365,0.09413001981582782,0.21,0.1406356505498315
sample_0033,labyrinth,substrate_depl,0.4722120343839542,0.502,0.0,3,0.007769578180297368,False,0.46674698795180725,-0.02313868214347181,-0.11159321820641321,795.6343377505414,0.011573289188355046,0.07022512360197761,,,,,,,,
sample_0033,labyrinth,substrate_depl,0.4722120343839542,0.502,0.0,4,1.5806276659371297e-10,True,0.4988674698795181,0.16178436945229535,-0.0025036863624117167,30.61722974386173,0.05644802240234822,0.006240099841597459,0.6625,0.011335358212752543,0.545,0.03150925016559491,0.47,0.05414308348758622,0.4325,0.11574297827519968
sample_0033,labyrinth,substrate_depl,0.4722120343839542,0.502,0.0,5,7.008678995546206,False,0.001,1.245720124118314,1.2457206277685042,15.860860570735412,0.9978823072535528,0.99800796812749,,,,,,,,
sample_0033,labyrinth,substrate_depl,0.4722120343839542,0.502,0.0,6,7.956037218259164e-11,True,0.4828072289156627,0.12657087396178124,-0.3030318805869169,88.53165678739188,0.022437366606996644,0.03823261172178748,1.0,0.004364318973622196,1.0,0.02978128988927751,1.0,0.05918649329489609,0.95,0.11272316258767061
sample_0033,labyrinth,substrate_depl,0.4722120343839542,0.502,0.0,7,0.7589952284237975,False,0.001,0.03986972624723695,0.03987140663513211,3.726458823874852,0.9978823072535528,0.99800796812749,,,,,,,,
sample_0033,labyrinth,substrate_depl,0.4722120343839542,0.502,0.0,8,2.572587573501988e-10,True,0.4828072289156627,0.02938729017971653,-0.35493891860309074,117.22542856374777,0.022437366606996644,0.03823261172178748,1.0,0.014986467430580089,0.9825,0.027478744158407755,0.7925,0.05391484339133243,0.645,0.10962664450469768
sample_0033,labyrinth,substrate_depl,0.4722120343839542,0.502,0.0,9,0.795480491845258,False,0.001,0.05628909904915777,0.05629124221049123,3.688008312927489,0.9978823072535528,0.99800796812749,,,,,,,,
sample_0033,labyrinth,substrate_depl,0.4722120343839542,0.502,0.0,10,4.909262415465135e-12,True,0.4988674698795181,0.02996567183108212,-0.023424574026527034,29.739244194843096,0.05644802240234822,0.006240099841597459,1.0,0.015455598934377524,0.6275,0.03575018414310568,0.365,0.061629278821941455,0.1925,0.1185246256862088
sample_0033,labyrinth,substrate_depl,0.4722120343839542,0.502,0.0,11,7.357993885107626e-10,True,0.4988674698795181,0.12024423556577357,-0.4202635919158988,40.31548289816034,0.05644802240234822,0.006240099841597459,1.0,0.010689985292117943,1.0,0.029426480290943913,0.9625,0.05782256142086196,0.815,0.10967715427257822
sample_0033,labyrinth,substrate_depl,0.4722120343839542,0.502,0.05,0,0.30748146467677273,False,0.5631084337349398,0.4954869216520317,0.2670509173932427,64.96768156266324,0.19249064558375487,0.12172994767916294,,,,,,,,
sample_0033,labyrinth,substrate_depl,0.4722120343839542,0.502,0.05,1,2.064650591975341e-08,True,0.4828072289156627,0.06609193491128362,-0.4933538821644945,106.91341457064604,0.022437366606996644,0.03823261172178748,1.0,0.012902988422943278,1.0,0.028282482181216505,0.9575,0.05370773269357847,0.8075,0.11043825626336955
sample_0033,labyrinth,substrate_depl,0.4722120343839542,0.502,0.05,2,1.798899708130811e-07,True,0.4828072289156627,0.06141548607788572,-0.023777049493400426,46.51022283793535,0.022437366606996644,0.03823261172178748,1.0,0.015092996551707741,0.9775,0.025400739162192466,0.7875,0.05104084147498715,0.5325,0.10357847062326188
sample_0033,labyrinth,substrate_depl,0.4722120343839542,0.502,0.05,3,1.6120854506963267e-05,True,0.4988674698795181,0.22085813888736805,-0.1467342950733311,30.17371708665374,0.05644802240234822,0.006240099841597459,1.0,0.007352478786477211,0.97,0.028893005472154495,0.88,0.0627887002780588,0.6925,0.11048025795822104
sample_0033,labyrinth,substrate_depl,0.4722120343839542,0.502,0.05,4,0.0013515460071788896,True,0.4988674698795181,0.28058484615799983,-0.06919790867577447,45.140819088885365,0.05644802240234822,0.006240099841597459,1.0,0.015833516570003113,0.93,0.03116142474470646,0.6975,0.05733408234200174,0.55,0.11590128299978154
sample_0033,labyrinth,substrate_depl,0.4722120343839542,0.502,0.05,5,0.00016154953200468332,True,0.46674698795180725,0.013765145313762162,-0.24772179717479603,268.86264614689077,0.011573289188355046,0.07022512360197761,1.0,0.009086450159227818,1.0,0.029309543003407882,0.8775,0.05386287121068956,0.755,0.1081598537618933
sample_0033,labyrinth,substrate_depl,0.4722120343839542,0.502,0.05,6,1.0429071658420023e-05,True,0.4988674698795181,0.09651268231991494,-0.11006993173264856,155.0329980321492,0.05644802240234822,0.006240099841597459,1.0,0.00574090877679807,0.9975,0.034814152536006705,0.8875,0.06825427677847205,0.5625,0.12271487019953335
sample_0033,labyrinth,substrate_depl,0.4722120343839542,0.502,0.05,7,0.0008868438204123274,True,0.5149277108433735,0.23394418170712417,-0.07784740171528504,19.320363141332493,0.0904586781976999,0.025752412038592666,1.0,0.013168560049923589,0.9775,0.03128853459199653,0.8625,0.06055355764876141,0.5475,0.11646098945235347
sample_0033,labyrinth,substrate_depl,0.4722120343839542,0.502,0.05,8,0.03700950820638826,False,0.41856626506024097,0.2632154187520861,0.015896891492549303,48.0581195706709,0.11360525657441,0.16620265924254787,,,,,,,,
sample_0033,labyrinth,substrate_depl,0.4722120343839542,0.502,0.05,9,1.1914056122965302e-07,True,0.4988674698795181,0.22933758435839557,-0.06855107368102603,83.72949361592161,0.05644802240234822,0.006240099841597459,1.0,0.012835626980335267,0.995,0.03190582136739669,0.8775,0.05890911416489471,0.6075,0.1121620486576759
sample_0033,labyrinth,substrate_depl,0.4722120343839542,0.502,0.05,10,1.0312274883996432e-06,True,0.4988674698795181,0.2942495457234262,-0.13718598421637496,107.2340794926774,0.05644802240234822,0.006240099841597459,1.0,0.012898615232749195,1.0,0.03267116358414231,0.99,0.05943442966690489,0.84,0.11951628439419117
sample_0033,labyrinth,substrate_depl,0.4722120343839542,0.502,0.05,11,1.378079672587528e-06,True,0.4988674698795181,0.1419542711211479,-0.002962402570331868,41.11588380384891,0.05644802240234822,0.006240099841597459,0.835,0.016136169258372707,0.5775,0.028053895804948183,0.5275,0.053405553326842145,0.51,0.10996663314739781
sample_0033,labyrinth,substrate_depl,0.4722120343839542,0.502,0.1,0,0.004862770269861441,False,0.4828072289156627,0.04329182838520973,0.03055807788809145,29.59297695709508,0.022437366606996644,0.03823261172178748,,,,,,,,
sample_0033,labyrinth,substrate_depl,0.4722120343839542,0.502,0.1,1,3.1945842426594524e-07,True,0.46674698795180725,0.07042450377785303,-0.121243976281693,101.6257742420145,0.011573289188355046,0.07022512360197761,1.0,0.010933921895218907,1.0,0.027039694859076212,1.0,0.053880811815422695,0.935,0.0968852363108091
sample_0033,labyrinth,substrate_depl,0.4722120343839542,0.502,0.1,2,0.008072040985899741,True,0.45068674698795186,0.13959540598375408,-0.00446579619856928,45.252661762453165,0.04558394498370662,0.10221763548216761,0.81,0.006445782770741349,0.6,0.028936042585082367,0.49,0.054026597134733616,0.3375,0.08610690968276971
sample_0033,labyrinth,substrate_depl,0.4722120343839542,0.502,0.1,3,0.00041178946398706055,True,0.4828072289156627,0.12390499059699955,-0.03481165196481639,20.903906456074143,0.022437366606996644,0.03823261172178748,1.0,0.007569753030898221,0.93,0.028144174695060455,0.6575,0.05476251482241021,0.43,0.10026994955578225
sample_0033,labyrinth,substrate_depl,0.4722120343839542,0.502,0.1,4,1.7169083741757745e-06,True,0.4828072289156627,0.03237501899971518,-0.1782332549231859,54.9274123485068,0.022437366606996644,0.03823261172178748,1.0,0.014670710106423786,1.0,0.03058385380210356,0.9675,0.06353845957959502,0.7975,0.11471073625016227
sample_0033,labyrinth,substrate_depl,0.4722120343839542,0.502,0.1,5,2.8188395302291184e-07,True,0.4828072289156627,0.12990980341046665,-0.3646357532102654,330.69776340230595,0.022437366606996644,0.03823261172178748,1.0,0.0033086547300865956,1.0,0.027131883181585558,1.0,0.0502435091486035,0.9775,0.11268163398781038
sample_0033,labyrinth,substrate_depl,0.4722120343839542,0.502,0.1,6,5.592581209279695e-06,True,0.4988674698795181,0.38251245002960266,-0.2920736444398081,45.85245487870824,0.05644802240234822,0.006240099841597459,1.0,0.004777835682503157,1.0,0.028841742004488066,1.0,0.058620784730253485,0.9325,0.10570047664266714
sample_0033,labyrinth,substrate_depl,0.4722120343839542,0.502,0.1,7,4.126290712230677e-06,True,0.4988674698795181,0.3090456586714794,-0.23277552556929093,43.74528775041582,0.05644802240234822,0.006240099841597459,1.0,0.0016077861496363152,1.0,0.026104297527045087,0.9925,0.05517968361065173,0.85,0.10297553241128053
sample_0033,labyrinth,substrate_depl,0.4722120343839542,0.502,0.1,8,0.05111264998526055,False,0.6273493975903615,0.34068108229005967,0.012103495841929837,12.837135773182494,0.32853326876516137,0.24969999519992322,,,,,,,,
sample_0033,labyrinth,substrate_depl,0.4722120343839542,0.502,0.1,9,0.0033340239490105227,True,0.46674698795180725,0.25376989646384196,-0.5927382659914407,29.69590853695155,0.011573289188355046,0.07022512360197761,1.0,0.009309269339645326,1.0,0.030584328507811797,0.94,0.06119573959042203,0.76,0.11156401836345221
sample_0033,labyrinth,substrate_depl,0.4722120343839542,0.502,0.1,10,0.0008596262941669778,False,0.4346265060240964,0.00539448749420357,0.001019777167801883,314.46983740767433,0.0795946007790583,0.13421014736235773,,,,,,,,
sample_0033,labyrinth,substrate_depl,0.4722120343839542,0.502,0.1,11,0.00024151752338762438,True,0.4988674698795181,0.07767719534137729,-0.12991391554152665,181.59226355684498,0.05644802240234822,0.006240099841597459,1.0,0.0052600964154920025,1.0,0.031652298064980704,0.91,0.06644586861037531,0.5975,0.11839009861532311
sample_0033,labyrinth,substrate_depl,0.4722120343839542,0.502,0.2,0,3.851287764863151e-06,True,0.4828072289156627,0.11958192635350695,-0.6925957758012821,232.96394905407954,0.022437366606996644,0.03823261172178748,1.0,0.0023458628036055916,1.0,0.026722461157809824,1.0,0.05293526688968666,0.98,0.10302865227426647
sample_0033,labyrinth,substrate_depl,0.4722120343839542,0.502,0.2,1,7.535580343051409e-07,True,0.4828072289156627,0.21141785419826675,-0.19218452855322776,209.22422167645112,0.022437366606996644,0.03823261172178748,1.0,0.0016609961843314276,1.0,0.02734520930011149,1.0,0.05138043388523149,0.995,0.10191047868618647
sample_0033,labyrinth,substrate_depl,0.4722120343839542,0.502,0.2,2,0.00021048604762515354,True,0.4988674698795181,0.07540051190802455,-0.2679924646790881,114.35388433494764,0.05644802240234822,0.006240099841597459,1.0,0.01458628460742973,1.0,0.02905481276058174,0.9975,0.06071395021214882,0.8775,0.1179037794906947
sample_0033,labyrinth,substrate_depl,0.4722120343839542,0.502,0.2,3,0.0005325383608602972,True,0.5149277108433735,0.545599811399244,-0.8480064177449129,109.96919610200196,0.0904586781976999,0.025752412038592666,1.0,0.013220312810355865,1.0,0.027271831738353614,1.0,0.054785241003695154,0.9925,0.10315327931153795
sample_0033,labyrinth,substrate_depl,0.4722120343839542,0.502,0.2,4,1.5360121691481086,False,0.001,0.46672348662376745,0.4667247872053336,23.831679136759487,0.9978823072535528,0.99800796812749,,,,,,,,
sample_0033,labyrinth,substrate_depl,0.4722120343839542,0.502,0.2,5,0.00012231237069643144,True,0.4828072289156627,0.05271845349026849,-0.17356464245059494,86.5794089273571,0.022437366606996644,0.03823261172178748,1.0,0.009784507618097696,1.0,0.025629559606394136,0.985,0.05351470462000586,0.8225,0.10927244486174913
sample_0033,labyrinth,substrate_depl,0.4722120343839542,0.502,0.2,6,1.1773784611896649e-05,True,0.4988674698795181,0.31072232184634885,-0.3735326332315282,97.28216267259229,0.05644802240234822,0.006240099841597459,1.0,0.00795314864739918,1.0,0.028452374819149466,1.0,0.05648067810718596,0.98,0.10396143319336583
sample_0033,labyrinth,substrate_depl,0.4722120343839542,0.502,0.2,7,0.0016918988330564663,False,0.4025060240963856,0.026145496251972933,0.018624882986072233,85.84511660313568,0.14761591236976157,0.19819517112273788,,,,,,,,
sample_0033,labyrinth,substrate_depl,0.4722120343839542,0.502,0.2,8,0.28356472428434787,False,0.8200722891566266,0.3919784619749578,0.05694569080082701,874.0151375734822,0.7366611383093812,0.6336101377622043,,,,,,,,
sample_0033,labyrinth,substrate_depl,0.4722120343839542,0.502,0.2,9,1.4595341619055191e-05,True,0.4828072289156627,0.07977965604380888,-0.37640906784425393,92.6198714110606,0.022437366606996644,0.03823261172178748,1.0,0.002870665200934575,1.0,0.026952297591130984,1.0,0.057806189704179244,0.9375,0.11135637453280774
sample_0033,labyrinth,substrate_depl,0.4722120343839542,0.502,0.2,10,7.970106773711183e-06,True,0.46674698795180725,0.027845681262207655,-0.004090103385091304,311.3565285443496,0.011573289188355046,0.07022512360197761,0.995,0.01623440406047418,0.6875,0.029617157554899513,0.5975,0.05584071781318411,0.4125,0.11303728869286958
sample_0033,labyrinth,substrate_depl,0.4722120343839542,0.502,0.2,11,8.57214125765527e-06,True,0.4828072289156627,0.09851175355631803,-0.4409441094393116,228.52955811433247,0.022437366606996644,0.03823261172178748,1.0,0.013582978733242995,1.0,0.026546704911909705,1.0,0.05183848162350767,0.9875,0.0983527694158797
sample_0033,labyrinth,substrate_depl,0.4722120343839542,0.502,0.35,0,0.011442303772711396,True,0.5470481927710844,0.19653335176700715,-0.03863349609638789,45.39731468532474,0.15847998978840327,0.08973743579897292,1.0,0.0032742097203232994,0.985,0.02841934749636219,0.8575,0.05432270589973928,0.6325,0.09661059381520408
sample_0033,labyrinth,substrate_depl,0.4722120343839542,0.502,0.35,1,0.3597154567799566,False,0.001,0.020828512218736717,0.020828799616538857,246.95728314542475,0.9978823072535528,0.99800796812749,,,,,,,,
sample_0033,labyrinth,substrate_depl,0.4722120343839542,0.502,0.35,2,0.7941404515840004,False,0.001,0.05268981425740593,0.05269193198100419,6.354663721660314,0.9978823072535528,0.99800796812749,,,,,,,,
sample_0033,labyrinth,substrate_depl,0.4722120343839542,0.502,0.35,3,0.00023822816993689317,True,0.4828072289156627,0.08862305266884718,-0.37621176463372136,356.78739301072096,0.022437366606996644,0.03823261172178748,1.0,0.003308654730086594,1.0,0.02649349408653444,1.0,0.054476516255869356,0.965,0.10845604728087484
sample_0033,labyrinth,substrate_depl,0.4722120343839542,0.502,0.35,4,9.963377230987798e-07,True,0.46674698795180725,0.07543590840851255,-0.4553162633732563,424.64159621153846,0.011573289188355046,0.07022512360197761,1.0,0.002969467071986491,1.0,0.026530068118489993,1.0,0.051066958021461974,1.0,0.10061906002178247
sample_0033,labyrinth,substrate_depl,0.4722120343839542,0.502,0.35,5,3.3080658683604388e-06,True,0.4828072289156627,0.18473834209459206,-0.23015513006349586,440.2570406655479,0.022437366606996644,0.03823261172178748,1.0,0.0028706652009345746,1.0,0.026425751883284172,1.0,0.0485512162931113,1.0,0.09889168921839053
sample_0033,labyrinth,substrate_depl,0.4722120343839542,0.502,0.35,6,2.516303388785889e-06,True,0.4828072289156627,0.10970876513351913,-0.06865484818763157,74.78319865010526,0.022437366606996644,0.03823261172178748,1.0,0.002345862803605592,1.0,0.02828359587584027,1.0,0.05316893989974456,0.915,0.09871886378476863
sample_0033,labyrinth,substrate_depl,0.4722120343839542,0.502,0.35,7,0.00010373504921317415,True,0.45068674698795186,0.06368613936261625,-0.570663581978769,656.065776479877,0.04558394498370662,0.10221763548216761,1.0,0.004675558442769508,1.0,0.02766157445635013,1.0,0.04795045758710323,0.9975,0.10079495991984845
sample_0033,labyrinth,substrate_depl,0.4722120343839542,0.502,0.35,8,0.6447911832394408,False,0.7397710843373494,0.9240350894831231,0.3424346673591452,446.2346659987669,0.5666078593326228,0.47364757836125376,,,,,,,,
sample_0033,labyrinth,substrate_depl,0.4722120343839542,0.502,0.35,9,0.00040957140631105323,True,0.4828072289156627,0.03691550784433906,-0.022431841126614227,28.042957361797555,0.022437366606996644,0.03823261172178748,1.0,0.00836432375841863,1.0,0.027187809397644095,0.9775,0.05963064079819362,0.76,0.11490243482365234
sample_0033,labyrinth,substrate_depl,0.4722120343839542,0.502,0.35,10,0.02259146394666627,False,0.4828072289156627,0.08776178946835778,0.07418743576042874,17.153480349034442,0.022437366606996644,0.03823261172178748,,,,,,,,
sample_0033,labyrinth,substrate_depl,0.4722120343839542,0.502,0.35,11,0.0613689544976162,True,0.38644578313253014,0.009276078537223675,-0.07392346781954892,164.51695436531477,0.18162656816511324,0.23018768300292802,0.9825,0.00957592576084181,0.645,0.026097615490852485,0.5,0.05093658710115711,0.3375,0.08787806186215416
